studyno,yrtx,prevtx,ageattx,sex,ethnicity,prd,rdm,rbmi,premt_tx,dtype,dageattx,dcmv,debv,rcmv,rebv,mma,mmb,mmdr,totalmm,abomm,crf,cit,ind,initis,antimet,steroid6,egfr3,egfr12,cmvinf,ebvinf,bkvinf,hxar,dgn,rgn,ptgn,posttxca,dcgl,failcause,as,death,yrs to graftloss/death/end of follow up,induction,age60,citcat,age10,indr,crossmatch,dsa,pra,incompatible,is_synthetic
1,2017,No,58,Male,White,ADPKD,No,26.2,No,DBD,63.89596167,Positive,Positive,Positive,,2,1,1,4,0,0.0,20,Simulect,Tac,MPA,Less than 6mo,28.0,48.0,No,No,No,No,Yes,No,No,No,No,,,No,5.0,Simulect,Less than 60,Less than 24h,5.8000002,0,Neg,NO,0.0,0,0
2,2014,No,48,Female,White,ADPKD,No,,No,Living donor,30.94045175,Positive,Negative,Positive,,1,1,1,2,0,0.0,4,Simulect,Tac,MPA,Less than 6mo,87.0,95.0,No,No,No,,No,No,No,No,No,,,No,8.0,Simulect,Less than 60,Less than 24h,4.8000002,0,Neg,NO,0.0,0,0
3,2018,No,66,Female,Asian,ADPKD,No,20.1,Yes,DBD,78.53524983,Positive,Positive,Positive,Positive,1,1,1,3,0,0.0,10,Simulect,Tac,MPA,Less than 6mo,59.0,48.0,No,No,No,No,No,No,No,No,No,,,No,3.4,Simulect,60 and above,Less than 24h,6.5999999,0,Neg,NO,0.0,0,0
4,2019,No,57,Male,White,GN,No,23.0,Yes,DCD,47.22518823,Positive,Positive,Positive,Positive,0,0,0,0,0,0.0,19,Simulect,Tac,MPA,Less than 6mo,46.0,,No,No,No,No,No,No,No,No,No,,,No,2.3,Simulect,Less than 60,Less than 24h,5.6999998,0,Neg,NO,0.0,0,0
5,2019,No,56,Male,White,GN,No,26.0,No,DCD,67.69336071,Positive,Positive,Negative,Negative,1,1,1,3,0,0.0,14,Simulect,Tac,MPA,Less than 6mo,17.0,,No,No,No,,No,No,No,No,No,,,No,3.0,Simulect,Less than 60,Less than 24h,5.5999999,0,Neg,NO,0.0,0,0
6,2015,No,72,Female,White,Unknown,Yes,25.7,No,DBD,55.38398357,Negative,,Positive,,1,1,1,3,0,0.0,19,Simulect,Tac,MPA,Less than 6mo,61.0,60.0,No,No,No,No,No,No,No,No,No,,,No,7.0,Simulect,60 and above,Less than 24h,7.1999998,0,Neg,NO,29.0,0,0
7,2016,No,55,Male,White,ADPKD,No,28.8,Yes,Living donor,53.7522245,Positive,Positive,Positive,Positive,2,1,1,4,0,0.0,3,Simulect,Tac,MPA,More than 6mo,43.0,56.0,No,No,No,No,No,No,No,No,No,,,No,5.7,Simulect,Less than 60,Less than 24h,5.5,0,Neg,NO,0.0,0,0
8,2018,No,69,Female,White,Unknown,No,22.3,Yes,DBD,78.31622177,Negative,Positive,Negative,,2,2,0,4,0,0.0,9,Simulect,Tac,MPA,Less than 6mo,41.0,51.0,No,No,Yes,No,No,No,No,No,No,,,No,3.6,Simulect,60 and above,Less than 24h,6.9000001,0,Neg,NO,0.0,0,0
9,2015,No,55,Female,White,Reflux/CPN,No,27.0,No,DBD,67.18959617,Positive,Positive,Negative,,1,1,1,3,0,1.0,19,Simulect,Tac,MPA,More than 6mo,48.0,63.0,No,No,No,Yes,No,No,No,No,Yes,Rejection while taking immunosuppressive drug(s),1.0,No,4.7,Simulect,Less than 60,Less than 24h,5.5,0,Neg,NO,99.0,0,0
10,2019,No,55,Male,White,GN,No,34.0,Yes,Living donor,53.18275154,Positive,Positive,Negative,Positive,1,1,1,3,0,0.0,6,Simulect,Tac,MPA,Less than 6mo,47.0,57.0,No,No,Yes,,No,No,No,,No,,,No,3.0,Simulect,Less than 60,Less than 24h,5.5,0,Neg,NO,0.0,0,0
11,2015,No,71,Female,White,GN,No,27.9,No,DBD,49.11704312,Positive,,Negative,,1,1,0,2,0,1.0,22,Simulect,Tac,MPA,Less than 6mo,32.0,47.0,No,No,No,No,No,No,No,No,No,,,Yes,5.3,Simulect,60 and above,Less than 24h,7.0999999,0,Neg,NO,76.0,0,0
12,2014,No,49,Male,White,Unknown,No,,No,DBD,57.13894593,Negative,,Negative,,2,2,0,4,0,,9,Simulect,Tac,MPA,,26.0,,No,No,No,,No,No,No,No,No,,,No,8.0,Simulect,Less than 60,Less than 24h,4.9000001,0,Neg,NO,0.0,0,0
13,2019,No,48,Male,White,GN,No,38.0,Yes,Living donor,48.73374401,Negative,Positive,Negative,Positive,2,1,1,4,0,0.0,5,Simulect,Cyc,MPA,More than 6mo,31.0,,No,No,Yes,Yes,No,No,No,No,No,,,No,2.3,Simulect,Less than 60,Less than 24h,4.8000002,0,Neg,NO,0.0,0,0
14,2016,No,52,Female,White,GN,No,,Yes,Living donor,44.25735797,Negative,,Negative,,0,0,0,0,0,0.0,6,Simulect,Tac,MPA,,52.0,74.0,No,No,No,,No,Yes,Yes,No,No,,,No,6.0,Simulect,Less than 60,Less than 24h,5.1999998,0,Neg,NO,0.0,0,0
15,2016,No,57,Female,White,GN,No,26.0,No,DCD,65.08692676,Positive,Negative,Negative,,0,1,1,2,0,1.0,17,Simulect,Tac,MPA,More than 6mo,15.0,17.0,No,Yes,No,No,No,No,No,No,No,,,No,5.6,Simulect,Less than 60,Less than 24h,5.6999998,0,Neg,NO,57.0,0,0
16,2018,No,45,Female,White,Reflux/CPN,No,36.0,Yes,DBD,64.44353183,Positive,Positive,Negative,Positive,2,1,0,3,0,0.0,10,Simulect,Tac,MPA,,30.0,45.0,No,No,No,,No,No,No,No,No,,,No,4.0,Simulect,Less than 60,Less than 24h,4.5,0,Neg,NO,0.0,0,0
17,2014,No,75,Male,White,Unknown,No,31.0,No,DCD,69.59890486,Positive,,Positive,,1,1,1,3,0,,10,Simulect,Tac,MPA,Less than 6mo,36.0,42.0,No,No,No,No,No,No,No,Yes,No,,,No,7.0,Simulect,60 and above,Less than 24h,7.5,0,Neg,NO,0.0,0,0
18,2015,No,62,Male,White,Other,No,24.4,Yes,Living donor,50.77891855,Negative,,Positive,,1,1,2,4,0,0.0,4,Simulect,Tac,MPA,Less than 6mo,52.0,45.0,Yes,No,Yes,Yes,No,No,No,No,No,,,No,7.0,Simulect,60 and above,Less than 24h,6.1999998,0,Neg,NO,0.0,0,0
19,2019,No,38,Male,White,Unknown,No,24.0,Yes,DCD,36.84599589,Negative,Positive,Positive,,1,1,0,2,0,1.0,13,Simulect,Tac,MPA,,34.0,,Yes,No,No,,No,No,No,No,No,Death with functioning graft,,Yes,1.0,Simulect,Less than 60,Less than 24h,3.8,0,Neg,NO,56.0,0,0
20,2015,No,54,Male,White,ADPKD,No,25.1,No,DBD,76.11498973,Negative,,Negative,,1,1,1,3,0,0.0,9,Simulect,Tac,MPA,Less than 6mo,43.0,50.0,No,No,No,No,No,No,No,No,No,,,No,6.7,Simulect,Less than 60,Less than 24h,5.4000001,0,Neg,NO,0.0,0,0
21,2015,No,54,Female,White,ADPKD,No,30.8,No,DCD,67.96988364,Positive,,Negative,,1,0,1,2,0,1.0,16,Simulect,Tac,MPA,Less than 6mo,28.0,42.0,Yes,No,No,No,No,No,No,No,No,,,No,6.7,Simulect,Less than 60,Less than 24h,5.4000001,0,Neg,NO,64.0,0,0
22,2018,No,58,Female,White,Other,No,30.4,Yes,DBD,70.82546201,Positive,Positive,Negative,,0,2,2,4,0,0.0,22,Simulect,Tac,MPA,More than 6mo,28.0,45.0,Yes,No,No,No,No,No,No,No,No,,,No,3.7,Simulect,Less than 60,Less than 24h,5.8000002,0,Neg,NO,7.0,0,0
23,2015,No,51,Male,White,ADPKD,No,25.8,No,DBD,67.93155373,Positive,,Positive,,0,1,1,2,0,0.0,25,Simulect,Tac,MPA,Less than 6mo,20.0,37.0,No,No,No,No,No,No,No,No,No,,,No,6.5,Simulect,Less than 60,more than 24h,5.0999999,0,Neg,NO,0.0,0,0
24,2016,No,34,Male,White,Other,No,29.7,Yes,Living donor,27.58384668,Negative,,Negative,Positive,0,0,0,0,0,1.0,2,Simulect,Cyc,MPA,More than 6mo,65.0,,No,No,No,No,No,No,No,No,No,,,No,5.4,Simulect,Less than 60,Less than 24h,3.4000001,0,Neg,NO,44.0,0,0
25,2015,No,31,Male,White,GN,No,22.0,Yes,Living donor,32.96919918,Positive,,Negative,,1,1,0,2,0,0.0,4,Simulect,Tac,MPA,Less than 6mo,61.0,,No,No,No,No,No,Yes,Yes,No,No,,,No,6.7,Simulect,Less than 60,Less than 24h,3.0999999,0,Neg,NO,0.0,0,0
26,2017,No,57,Female,White,ADPKD,No,29.0,No,DBD,66.86379192,Negative,Positive,Negative,,1,1,1,3,0,1.0,18,Simulect,Tac,MPA,Less than 6mo,40.0,45.0,No,No,No,No,No,No,No,No,No,,,No,4.7,Simulect,Less than 60,Less than 24h,5.6999998,0,Neg,NO,100.0,0,0
27,2018,No,34,Male,White,Unknown,No,25.0,No,Living donor,63.27994524,Negative,Positive,Positive,Positive,0,1,1,2,0,0.0,4,Simulect,Tac,MPA,,48.0,62.0,No,No,No,,No,No,No,No,No,,,No,4.0,Simulect,Less than 60,Less than 24h,3.4000001,0,Neg,NO,0.0,0,0
28,2019,No,61,Male,White,ADPKD,No,31.0,Yes,Living donor,38.86105407,Negative,Positive,Positive,,1,1,1,3,0,0.0,4,Simulect,Tac,MPA,,60.0,,No,No,No,,No,No,No,No,No,,,No,3.0,Simulect,60 and above,Less than 24h,6.0999999,0,Neg,NO,0.0,0,0
29,2017,No,54,Male,White,Other,No,29.1,No,DBD,22.68309377,Negative,Negative,Negative,,0,0,0,0,0,0.0,12,Simulect,Tac,MPA,Less than 6mo,54.0,82.0,No,No,No,No,No,No,No,No,No,,,No,4.9,Simulect,Less than 60,Less than 24h,5.4000001,0,Neg,NO,0.0,0,0
30,2018,No,55,Male,White,Reflux/CPN,No,23.8,No,DCD,58.91581109,Positive,Positive,Positive,,1,1,1,3,0,0.0,17,Simulect,Tac,MPA,Less than 6mo,35.0,47.0,No,No,No,No,No,No,No,No,No,,,No,3.6,Simulect,Less than 60,Less than 24h,5.5,0,Neg,NO,0.0,0,0
31,2019,No,59,Male,White,ADPKD,No,26.0,No,DCD,45.17180014,Positive,Positive,Positive,Positive,1,1,1,3,0,1.0,16,Simulect,Tac,MPA,Less than 6mo,51.0,48.0,Yes,No,No,,,,,No,No,,,No,2.04,Simulect,Less than 60,Less than 24h,5.9000001,0,Neg,NO,43.0,0,0
32,2016,No,48,Male,White,GN,No,32.0,Yes,Living donor,46.13552361,Positive,Positive,Positive,Positive,1,1,1,3,0,0.0,5,Simulect,Tac,MPA,More than 6mo,65.0,73.0,No,No,No,,No,No,No,No,No,,,No,5.0,Simulect,Less than 60,Less than 24h,4.8000002,0,Neg,NO,0.0,0,0
33,2014,No,61,Male,White,Reflux/CPN,No,,Yes,DBD,67.61122519,Positive,,Positive,,0,0,0,0,0,,12,Simulect,Tac,MPA,Less than 6mo,28.0,44.0,No,No,No,No,No,No,No,No,No,,,No,17.0,Simulect,60 and above,Less than 24h,6.0999999,0,Neg,NO,0.0,0,0
34,2016,No,30,Male,White,Other,No,25.2,No,DCD,47.42778919,Negative,Negative,Negative,,0,1,0,1,0,0.0,20,Simulect,Tac,MPA,Less than 6mo,48.0,29.0,No,Yes,No,No,No,No,No,No,No,,,No,5.5,Simulect,Less than 60,Less than 24h,3.0,0,Neg,NO,0.0,0,0
35,2018,No,31,Male,White,GN,No,28.5,Yes,Living donor,49.4072553,Positive,Positive,Negative,Positive,1,2,1,4,0,0.0,4,Simulect,Tac,MPA,Less than 6mo,60.0,65.0,No,No,No,No,No,No,No,No,No,,,No,3.9,Simulect,Less than 60,Less than 24h,3.0999999,0,Neg,NO,0.0,0,0
36,2018,No,75,Male,White,Other,Yes,31.0,No,DBD,77.59342916,Positive,Positive,Negative,Positive,1,1,1,3,0,0.0,15,Simulect,Tac,MPA,,40.0,46.0,,,,,,,No,No,No,,,No,1.0,Simulect,60 and above,Less than 24h,7.5,0,Neg,NO,0.0,0,0
37,2019,No,70,Female,White,Reflux/CPN,No,24.0,Yes,DBD,72.1615332,Positive,,Positive,,0,0,0,0,0,1.0,15,Simulect,Tac,MPA,,37.0,,No,No,No,,No,No,No,No,No,,,No,3.0,Simulect,60 and above,Less than 24h,7.0,0,Pos,NO,90.0,1,0
38,2016,No,59,Female,White,DKD,Yes,27.8,No,DBD,40.59685147,Positive,,Negative,,0,1,0,1,0,0.0,8,Simulect,Tac,MPA,More than 6mo,70.0,76.0,No,No,No,No,No,No,No,No,No,,,No,6.0,Simulect,Less than 60,Less than 24h,5.9000001,0,Neg,NO,0.0,0,0
39,2019,No,29,Male,White,Unknown,No,18.0,No,Living donor,74.06433949,Negative,Positive,Negative,Positive,2,2,1,5,0,0.0,4,Simulect,Tac,MPA,,54.0,,No,No,No,,No,No,No,No,No,,,No,3.0,Simulect,Less than 60,Less than 24h,2.9000001,0,Neg,NO,0.0,0,0
40,2019,No,59,Male,White,ADPKD,No,22.2,No,DCD,63.52361396,Negative,Positive,Positive,Positive,2,1,0,3,0,0.0,14,Simulect,Tac,MPA,Less than 6mo,43.0,53.0,No,No,No,No,No,No,No,No,No,,,No,2.9,Simulect,Less than 60,Less than 24h,5.9000001,0,Neg,NO,0.0,0,0
41,2015,No,57,Female,White,GN,No,22.0,No,DBD,66.36550308,Positive,,Negative,,1,1,1,3,0,0.0,18,Simulect,Tac,MPA,More than 6mo,32.0,26.0,No,Yes,No,No,No,No,No,No,No,,,No,6.6,Simulect,Less than 60,Less than 24h,5.6999998,0,Neg,NO,0.0,0,0
42,2015,No,71,Male,White,Other,No,30.0,No,DBD,65.73305955,Positive,,Negative,,2,2,0,4,0,0.0,12,Simulect,Tac,MPA,More than 6mo,45.0,62.0,Yes,No,Yes,No,No,No,No,No,No,,,No,6.0,Simulect,60 and above,Less than 24h,7.0999999,0,Neg,NO,0.0,0,0
43,2014,No,58,Female,White,ADPKD,No,23.1,Yes,DBD,47.77275838,Negative,,Positive,,2,0,1,3,0,,17,Simulect,Tac,MPA,More than 6mo,43.0,55.0,No,No,No,No,No,No,No,No,No,,,No,7.8,Simulect,Less than 60,Less than 24h,5.8000002,0,Neg,NO,0.0,0,0
44,2015,No,52,Male,Asian,GN,No,27.3,Yes,Living donor,30.96235455,Positive,,Negative,,2,2,1,5,0,0.0,5,Simulect,Tac,MPA,Less than 6mo,43.0,63.0,No,No,No,No,No,No,No,No,No,,,No,6.3,Simulect,Less than 60,Less than 24h,5.1999998,0,Neg,NO,0.0,0,0
45,2017,No,42,Female,Asian,GN,No,24.0,No,DBD,49.30595483,Negative,Negative,Positive,,2,1,1,4,0,0.0,18,Simulect,Tac,MPA,Less than 6mo,48.0,54.0,No,No,No,,No,No,No,No,No,,,No,5.0,Simulect,Less than 60,Less than 24h,4.1999998,0,Neg,NO,0.0,0,0
46,2018,No,25,Male,White,Unknown,No,29.5,No,DBD,48.50102669,Positive,Positive,Negative,Positive,1,1,0,2,0,0.0,19,Simulect,Tac,,More than 6mo,62.0,46.0,No,No,No,No,No,No,No,No,No,,,No,3.1,Simulect,Less than 60,Less than 24h,2.5,0,Neg,NO,0.0,0,0
47,2015,No,48,Male,White,GN,No,,No,DBD,34.26146475,Positive,,Positive,,2,1,0,3,0,0.0,17,Simulect,Tac,MPA,More than 6mo,26.0,30.0,Yes,No,Yes,No,No,No,No,No,No,,,No,6.9,Simulect,Less than 60,Less than 24h,4.8000002,0,Neg,NO,12.0,0,0
48,2015,No,51,Male,White,ADPKD,No,22.4,No,DCD,24.90075291,Negative,,Negative,,2,1,0,3,0,0.0,28,Simulect,Tac,MPA,Less than 6mo,58.0,65.0,No,No,No,No,No,No,No,No,No,,,No,6.6,Simulect,Less than 60,more than 24h,5.0999999,0,Neg,NO,0.0,0,0
49,2016,No,53,Female,White,DKD,Yes,33.9,No,DBD,42.55167693,Positive,Positive,Positive,,1,1,1,3,0,0.0,17,Simulect,Tac,MPA,Less than 6mo,59.0,47.0,No,No,No,No,No,No,No,No,No,,,No,5.6,Simulect,Less than 60,Less than 24h,5.3000002,0,Neg,NO,0.0,0,0
50,2015,No,69,Male,White,GN,No,29.7,Yes,DBD,59.57837098,Positive,,Negative,,2,1,0,3,0,0.0,10,Simulect,Tac,MPA,Less than 6mo,36.0,56.0,No,No,No,No,No,No,No,No,No,,,No,6.7,Simulect,60 and above,Less than 24h,6.9000001,0,Neg,NO,7.0,0,0
51,2017,No,48,Female,Asian,Unknown,No,21.3,No,DCD,29.47296372,Positive,Positive,Negative,,1,1,1,3,0,0.0,9,Simulect,Tac,MPA,More than 6mo,21.0,38.0,No,No,No,No,No,No,No,Yes,No,,,Yes,2.3,Simulect,Less than 60,Less than 24h,4.8000002,0,Neg,NO,0.0,0,0
52,2015,No,33,Female,White,ADPKD,No,30.6,No,Living donor,34.01779603,Negative,,Negative,,1,2,1,4,0,0.0,3,Simulect,Tac,MPA,Less than 6mo,60.0,60.0,No,No,Yes,No,No,No,No,No,No,,,No,6.2,Simulect,Less than 60,Less than 24h,3.3,0,Neg,NO,0.0,0,0
53,2015,No,67,Male,White,ADPKD,No,25.4,Yes,Living donor,45.78781656,Positive,,Positive,,1,0,0,1,0,1.0,3,Simulect,Tac,MPA,Less than 6mo,46.0,54.0,No,No,No,No,No,No,No,No,No,,,No,6.7,Simulect,60 and above,Less than 24h,6.6999998,0,Neg,NO,82.0,0,0
54,2017,No,69,Female,White,Other,No,25.1,Yes,DBD,71.21971253,Positive,Positive,Positive,,1,1,1,3,0,1.0,11,Simulect,Tac,MPA,Less than 6mo,32.0,42.0,No,No,No,No,No,No,No,No,No,,,No,4.3,Simulect,60 and above,Less than 24h,6.9000001,0,Neg,NO,85.0,0,0
55,2016,No,77,Male,White,Other,No,30.1,Yes,Living donor,53.13894593,Positive,,Positive,,0,1,1,2,0,0.0,4,Simulect,Tac,MPA,More than 6mo,48.0,69.0,No,No,Yes,No,No,No,No,Yes,No,,,No,5.7,Simulect,60 and above,Less than 24h,7.6999998,0,Neg,NO,0.0,0,0
56,2018,No,53,Male,White,GN,No,30.5,Yes,DBD,64.39425051,Negative,Negative,Positive,Positive,1,2,0,3,0,0.0,14,Simulect,Tac,MPA,More than 6mo,56.0,63.0,No,No,Yes,No,No,No,No,No,No,,,No,3.3,Simulect,Less than 60,Less than 24h,5.3000002,0,Neg,NO,0.0,0,0
57,2017,Yes,57,Male,Asian,DKD,Yes,25.3,No,DCD,74.72142368,Positive,Positive,Positive,,1,1,1,3,0,0.0,29,Simulect,Tac,MPA,More than 6mo,27.0,17.0,Yes,No,No,No,No,No,No,No,No,,,No,2.7,Simulect,Less than 60,more than 24h,5.6999998,0,Neg,NO,0.0,0,0
58,2017,No,78,Female,White,Other,No,21.9,No,DBD,62.28884326,Positive,Positive,Negative,,0,0,0,0,0,0.0,16,Simulect,Tac,MPA,Less than 6mo,64.0,63.0,No,No,No,No,No,No,No,No,No,,,No,4.1,Simulect,60 and above,Less than 24h,7.8000002,0,Neg,NO,0.0,0,0
59,2014,No,67,Male,White,GN,No,23.1,Yes,DCD,76.83778234,Positive,,Positive,,1,1,1,3,0,,27,Simulect,Tac,MPA,Less than 6mo,31.0,47.0,No,Yes,No,No,No,No,No,No,No,,,No,7.8,Simulect,60 and above,more than 24h,6.6999998,0,Neg,NO,0.0,0,0
60,2018,No,62,Female,White,Other,Yes,23.2,No,DCD,56.58316222,Positive,Positive,Negative,Positive,2,1,1,4,0,0.0,15,Simulect,Tac,MPA,Less than 6mo,42.0,58.0,No,No,No,No,No,No,No,No,No,,,No,3.8,Simulect,60 and above,Less than 24h,6.1999998,0,Neg,NO,34.0,0,0
61,2018,No,57,Female,White,Other,No,30.5,Yes,Living donor,56.54483231,Positive,,Negative,Positive,1,2,2,5,0,1.0,4,Simulect,Tac,MPA,Less than 6mo,35.0,41.0,No,No,No,No,No,No,No,No,No,,,No,3.3,Simulect,Less than 60,Less than 24h,5.6999998,0,Neg,NO,51.0,0,0
62,2017,No,54,Male,White,DKD,Yes,36.4,No,DBD,48.15605749,Positive,Positive,Negative,Positive,1,1,1,3,0,0.0,17,Simulect,Tac,MPA,Less than 6mo,32.0,45.0,No,No,No,No,No,No,No,No,No,,,No,4.8,Simulect,Less than 60,Less than 24h,5.4000001,0,Neg,NO,0.0,0,0
63,2019,No,49,Male,White,ADPKD,No,25.0,Yes,Living donor,49.00752909,Positive,Positive,Positive,Positive,1,1,0,2,0,0.0,5,Simulect,Tac,MPA,Less than 6mo,47.0,58.0,No,No,Yes,No,No,No,No,No,No,,,No,2.9,Simulect,Less than 60,Less than 24h,4.9000001,0,Neg,NO,0.0,0,0
64,2019,No,47,Male,White,ADPKD,No,28.0,Yes,DBD,67.88501027,Positive,Positive,Negative,Positive,1,1,0,2,0,2.0,12,Simulect,Tac,MPA,,56.0,,No,No,No,,No,No,No,,No,,,No,3.0,Simulect,Less than 60,Less than 24h,4.6999998,0,Neg,NO,2.0,0,0
65,2014,Yes,32,Male,White,GN,No,21.7,No,Living donor,33.85626283,Positive,,Negative,,1,1,1,3,0,,3,Simulect,Tac,,More than 6mo,53.0,53.0,No,No,No,No,No,No,No,No,Yes,Rejection while taking immunosuppressive drug(s),1.0,No,3.2,Simulect,Less than 60,Less than 24h,3.2,0,Neg,NO,0.0,0,0
66,2015,No,33,Female,White,Other,No,25.0,No,DBD,58.0862423,Negative,,Negative,,0,0,0,0,0,1.0,11,Simulect,Tac,MPA,Less than 6mo,45.0,36.0,No,No,Yes,No,No,No,No,No,No,,,No,6.9,Simulect,Less than 60,Less than 24h,3.3,0,Neg,NO,99.0,0,0
67,2016,No,38,Female,White,Other,No,19.1,No,Living donor,26.34360027,,,Positive,Positive,0,0,0,0,0,1.0,4,Simulect,Tac,MPA,Less than 6mo,89.0,55.0,No,No,No,No,No,No,No,No,No,,,No,5.7,Simulect,Less than 60,Less than 24h,3.8,0,Neg,NO,100.0,0,0
68,2016,No,46,Male,White,Reflux/CPN,No,26.0,No,DBD,49.0349076,Negative,Positive,Negative,,2,2,0,4,0,0.0,16,Simulect,Tac,MPA,,79.0,112.0,No,No,No,,No,No,No,No,No,,,No,6.0,Simulect,Less than 60,Less than 24h,4.5999999,0,Neg,NO,0.0,0,0
69,2014,No,31,Male,White,Reflux/CPN,No,34.2,No,DBD,56.25462012,Positive,,Negative,,1,1,0,0,0,,11,Simulect,Tac,MPA,Less than 6mo,29.0,11.0,No,No,No,No,No,No,No,No,Yes,Rejection while taking immunosuppressive drugs,1.0,No,1.0,Simulect,Less than 60,Less than 24h,3.0999999,0,Neg,NO,0.0,0,0
70,2014,No,42,Male,White,ADPKD,No,20.0,Yes,DBD,33.59342916,Positive,,Negative,,2,1,0,3,0,,11,Simulect,Tac,MPA,Less than 6mo,56.0,78.0,Yes,Yes,No,No,No,No,No,No,No,,,No,7.6,Simulect,Less than 60,Less than 24h,4.1999998,0,Neg,NO,0.0,0,0
71,2019,No,42,Male,White,Reflux/CPN,No,33.0,Yes,Living donor,45.73305955,Positive,,Negative,,2,2,2,6,0,0.0,4,Simulect,Tac,MPA,,51.0,,No,No,No,,No,No,No,No,No,,,No,3.0,Simulect,Less than 60,Less than 24h,4.1999998,0,Neg,NO,0.0,0,0
72,2015,No,67,Male,White,GN,Yes,35.8,No,DCD,54.18206708,Positive,,Positive,,2,1,1,4,0,0.0,12,Simulect,Tac,MPA,Less than 6mo,55.0,57.0,No,No,No,No,No,No,No,Yes,No,,,No,6.2,Simulect,60 and above,Less than 24h,6.6999998,0,Neg,NO,0.0,0,0
73,2018,No,62,Male,Black,Unknown,No,31.4,No,DBD,50.25051335,Positive,Positive,Positive,,2,1,0,3,0,0.0,9,Simulect,Tac,MPA,Less than 6mo,46.0,61.0,No,No,No,No,No,No,No,No,No,,,No,4.0,Simulect,60 and above,Less than 24h,6.1999998,0,Neg,NO,0.0,0,0
74,2017,No,30,Male,White,Other,No,24.8,No,DBD,37.5523614,Negative,Positive,Positive,,1,1,0,2,0,0.0,17,Simulect,Tac,MPA,More than 6mo,25.0,39.0,No,No,No,No,No,No,No,No,No,,,No,5.0,Simulect,Less than 60,Less than 24h,3.0,0,Neg,NO,0.0,0,0
75,2014,No,41,Male,White,ADPKD,No,27.7,No,DBD,35.71526352,Negative,,Negative,,1,1,0,2,0,,11,Simulect,Tac,MPA,Less than 6mo,63.0,89.0,No,No,No,No,No,No,No,No,No,,,No,7.5,Simulect,Less than 60,Less than 24h,4.0999999,0,Neg,NO,0.0,0,0
76,2018,No,71,Male,White,ADPKD,No,20.6,Yes,DBD,68.59137577,Negative,Positive,Negative,,0,0,0,0,0,0.0,10,Simulect,Tac,MPA,Less than 6mo,28.0,37.0,No,No,No,No,No,No,No,No,No,,,No,3.1,Simulect,60 and above,Less than 24h,7.0999999,0,Neg,NO,0.0,0,0
77,2015,No,34,Female,White,Reflux/CPN,No,31.6,No,DBD,32.70910335,Negative,,Positive,,2,1,1,4,0,0.0,22,Simulect,Tac,MPA,Less than 6mo,39.0,47.0,No,No,No,No,No,No,No,No,No,,,No,6.3,Simulect,Less than 60,Less than 24h,3.4000001,0,Neg,NO,0.0,0,0
78,2016,No,50,Male,White,ADPKD,No,25.8,Yes,Living donor,54.64750171,Positive,Positive,Positive,,0,0,0,0,0,0.0,5,Simulect,Tac,MPA,Less than 6mo,81.0,71.0,Yes,No,No,No,No,No,No,No,No,,,No,5.1,Simulect,Less than 60,Less than 24h,5.0,0,Neg,NO,0.0,0,0
79,2018,No,58,Male,White,Other,No,25.1,Yes,DBD,68.71457906,Negative,Positive,Positive,,1,1,1,3,0,0.0,14,Simulect,Tac,MPA,Less than 6mo,47.0,52.0,No,No,No,No,No,No,No,No,No,,,No,3.5,Simulect,Less than 60,Less than 24h,5.8000002,0,Neg,NO,0.0,0,0
80,2017,No,56,Female,White,GN,No,32.5,No,Living donor,60.77481177,Positive,Positive,Negative,Positive,0,0,0,0,0,1.0,11,Simulect,Tac,MPA,More than 6mo,45.0,,No,No,No,No,No,No,No,No,No,,,No,4.1,Simulect,Less than 60,Less than 24h,5.5999999,0,Neg,NO,95.0,0,0
81,2015,No,46,Male,White,Reflux/CPN,No,,No,DBD,39.14031485,Negative,,Negative,,1,1,1,3,0,0.0,15,Simulect,Tac,MPA,,63.0,50.0,No,No,No,,No,No,No,,No,,,No,11.0,Simulect,Less than 60,Less than 24h,4.5999999,0,Neg,NO,0.0,0,0
82,2016,No,52,Male,White,Reflux/CPN,No,28.1,Yes,DBD,67.84941821,Positive,Positive,Negative,,1,1,1,3,0,0.0,12,Simulect,Tac,MPA,Less than 6mo,36.0,40.0,No,No,No,No,No,No,No,No,No,,,No,5.2,Simulect,Less than 60,Less than 24h,5.1999998,0,Neg,NO,0.0,0,0
83,2018,No,46,Male,Asian,Other,Yes,29.0,No,DBD,39.321013,Positive,Negative,Positive,Negative,2,1,1,4,0,0.0,15,Simulect,Tac,MPA,,54.0,77.0,No,No,No,,No,No,No,,No,,,No,4.0,Simulect,Less than 60,Less than 24h,4.5999999,0,Neg,NO,0.0,0,0
84,2016,Yes,53,Female,White,ADPKD,No,24.4,No,DBD,61.75496235,Positive,Positive,Positive,,0,0,0,0,0,1.0,15,Simulect,Tac,MPA,More than 6mo,30.0,23.0,No,No,No,No,No,No,No,No,No,,,No,5.0,Simulect,Less than 60,Less than 24h,5.3000002,0,Neg,NO,83.0,0,0
85,2014,No,53,Male,Black,GN,No,,No,DBD,41.5578371,Positive,,Positive,,2,0,1,3,0,,9,Simulect,Tac,MPA,,63.0,108.0,No,No,Yes,,No,No,No,,No,Rejection while taking immunosuppressive drug(s),1.0,Yes,1.0,Simulect,Less than 60,Less than 24h,5.3000002,0,Neg,NO,1.0,0,0
86,2014,No,66,Female,White,Reflux/CPN,No,26.6,No,DCD,60.07665982,Negative,,Positive,,0,1,1,2,0,,8,Simulect,Tac,MPA,Less than 6mo,68.0,52.0,No,No,No,No,No,No,No,No,No,,,No,7.2,Simulect,60 and above,Less than 24h,6.5999999,0,Neg,NO,0.0,0,0
87,2017,No,53,Male,White,Other,No,28.7,No,DBD,63.96440794,Positive,Positive,Positive,Positive,2,1,1,4,0,0.0,11,Simulect,Tac,MPA,Less than 6mo,38.0,43.0,No,No,No,No,No,No,No,No,No,,,No,4.3,Simulect,Less than 60,Less than 24h,5.3000002,0,Neg,NO,0.0,0,0
88,2016,No,55,Female,White,ADPKD,No,24.0,Yes,DBD,39.81930185,Negative,Negative,Positive,,0,0,0,0,0,1.0,10,Simulect,Tac,MPA,Less than 6mo,47.0,73.0,No,No,No,No,No,No,No,No,No,,,No,15.0,Simulect,Less than 60,Less than 24h,5.5,0,Neg,NO,60.0,0,0
89,2019,No,56,Male,White,DKD,Yes,36.0,Yes,Living donor,34.55441478,Positive,Positive,Positive,Positive,1,1,1,3,0,0.0,5,Simulect,Tac,MPA,,52.0,55.0,No,No,No,,No,No,No,,No,,,No,3.0,Simulect,Less than 60,Less than 24h,5.5999999,0,Neg,NO,0.0,0,0
90,2014,No,45,Male,White,ADPKD,No,25.0,No,Living donor,42.08350445,Positive,,Positive,,1,2,2,5,0,,5,Simulect,Tac,MPA,More than 6mo,64.0,122.0,No,No,No,No,No,No,No,No,No,,,No,7.9,Simulect,Less than 60,Less than 24h,4.5,0,Neg,NO,0.0,0,0
91,2015,No,45,Male,White,ADPKD,No,29.3,Yes,Living donor,33.75770021,Positive,,Positive,,1,1,1,3,0,0.0,3,Simulect,Tac,MPA,Less than 6mo,58.0,79.0,No,No,Yes,No,No,No,No,No,No,,,No,6.1,Simulect,Less than 60,Less than 24h,4.5,0,Neg,NO,0.0,0,0
92,2017,No,22,Male,White,GN,No,16.8,No,Living donor,44.51471595,Negative,Positive,Positive,,0,1,1,2,0,1.0,8,Simulect,Tac,MPA,Less than 6mo,33.0,61.0,No,No,Yes,No,No,No,No,No,No,,,No,4.4,Simulect,Less than 60,Less than 24h,2.2,0,Neg,NO,57.0,0,0
93,2019,No,20,Male,White,Other,No,19.0,No,DCD,32.44626968,Negative,Positive,Negative,,1,1,0,2,0,0.0,11,Simulect,Tac,MPA,,72.0,,No,No,No,,No,No,No,,No,,,No,3.0,Simulect,Less than 60,Less than 24h,2.0,0,Neg,NO,31.0,0,0
94,2019,No,60,Male,White,GN,No,28.0,Yes,Living donor,63.22245038,Negative,Positive,Negative,Positive,1,2,0,3,0,0.0,4,Simulect,Tac,MPA,Less than 6mo,37.0,,No,No,No,No,No,No,No,No,No,,,No,2.6,Simulect,60 and above,Less than 24h,6.0,0,Neg,NO,32.0,0,0
95,2018,No,28,Male,White,GN,No,23.0,No,Living donor,57.81519507,Negative,Positive,,,0,1,1,2,0,0.0,4,Simulect,Tac,MPA,,50.0,54.0,No,No,No,,No,Yes,Yes,,No,,,No,4.0,Simulect,Less than 60,Less than 24h,2.8,0,Neg,NO,0.0,0,0
96,2018,No,43,Male,White,DKD,Yes,28.1,Yes,Living donor,39.60848734,Positive,Positive,Positive,Positive,0,1,2,3,0,0.0,5,Simulect,Tac,MPA,More than 6mo,49.0,46.0,No,No,No,No,No,No,No,No,No,,,No,3.6,Simulect,Less than 60,Less than 24h,4.3000002,0,Neg,NO,0.0,0,0
97,2015,No,46,Male,Asian,Reflux/CPN,No,24.6,No,DCD,53.9301848,Negative,,Positive,,2,1,1,4,0,0.0,17,Simulect,Tac,MPA,Less than 6mo,53.0,86.0,No,No,No,No,No,No,No,No,No,,,No,6.2,Simulect,Less than 60,Less than 24h,4.5999999,0,Neg,NO,0.0,0,0
98,2014,No,39,Female,White,DKD,Yes,32.8,No,DBD,51.35934292,Negative,,Positive,,1,1,0,2,0,,13,Simulect,Tac,MPA,More than 6mo,59.0,52.0,No,Yes,No,No,No,No,No,No,No,,,No,7.7,Simulect,Less than 60,Less than 24h,3.9000001,0,Neg,NO,0.0,0,0
99,2015,No,79,Male,White,Other,No,25.1,Yes,DBD,48.64887064,Positive,,Positive,,1,1,1,3,0,0.0,12,Simulect,Tac,MPA,Less than 6mo,31.0,44.0,No,No,No,No,No,No,No,No,No,,,Yes,4.6,Simulect,60 and above,Less than 24h,7.9000001,0,Neg,NO,0.0,0,0
100,2014,No,67,Male,White,Other,No,,Yes,DBD,51.60027379,Negative,,Positive,,0,1,1,2,0,,13,Simulect,Tac,Aza,,61.0,,No,No,Yes,,No,No,No,,No,Death with functioning graft,,Yes,1.0,Simulect,60 and above,Less than 24h,6.6999998,0,Neg,NO,0.0,0,0
101,2015,No,65,Male,Asian,Other,No,24.0,No,DCD,69.92744695,Positive,,Positive,,2,1,1,4,0,0.0,5,Simulect,Tac,MPA,More than 6mo,56.0,45.0,No,No,No,No,No,No,No,No,No,,,No,6.2,Simulect,60 and above,Less than 24h,6.5,0,Neg,NO,0.0,0,0
102,2015,No,56,Female,White,GN,No,32.0,Yes,DBD,53.0513347,Positive,,Positive,,1,1,0,2,0,1.0,12,Simulect,Tac,MPA,Less than 6mo,70.0,95.0,No,No,No,No,No,No,No,No,No,,,No,6.4,Simulect,Less than 60,Less than 24h,5.5999999,0,Neg,NO,99.0,0,0
103,2016,No,66,Female,White,Other,No,25.3,No,DCD,72.99110198,Positive,Positive,Positive,,1,1,1,3,0,1.0,13,Simulect,Tac,MPA,Less than 6mo,40.0,46.0,No,No,No,No,No,No,No,No,No,,,No,5.4,Simulect,60 and above,Less than 24h,6.5999999,0,Neg,NO,68.0,0,0
104,2015,No,34,Male,Asian,Unknown,No,30.7,Yes,DBD,22.30527036,Negative,,Negative,,1,1,1,3,0,0.0,6,Simulect,Tac,MPA,Less than 6mo,54.0,78.0,No,No,No,No,No,No,No,No,No,,,No,6.3,Simulect,Less than 60,Less than 24h,3.4000001,0,Neg,NO,0.0,0,0
105,2016,No,58,Male,White,Reflux/CPN,No,32.0,Yes,Living donor,32.88980151,Negative,Positive,Negative,Positive,1,1,1,3,0,0.0,5,Simulect,Tac,MPA,Less than 6mo,51.0,52.0,No,No,No,No,No,No,No,No,No,,,No,5.1,Simulect,Less than 60,Less than 24h,5.8000002,0,Neg,NO,0.0,0,0
106,2014,No,69,Female,White,ADPKD,No,22.2,No,DBD,47.3100616,Positive,,Positive,,2,2,0,4,0,,13,Simulect,Tac,MPA,Less than 6mo,54.0,86.0,No,No,No,No,No,No,No,No,No,,,No,8.0,Simulect,60 and above,Less than 24h,6.9000001,0,Neg,NO,0.0,0,0
107,2018,No,70,Male,White,GN,No,26.9,Yes,DCD,59.27173169,Positive,Positive,Positive,Positive,1,2,0,3,0,0.0,12,Simulect,Tac,Aza,Less than 6mo,28.0,35.0,Yes,No,No,No,No,No,No,No,No,,,No,3.8,Simulect,60 and above,Less than 24h,7.0,0,Neg,NO,0.0,0,0
108,2019,No,62,Female,Asian,Unknown,No,28.0,Yes,DBD,64.21081451,Positive,Positive,Positive,Positive,1,1,1,3,0,1.0,8,Simulect,Tac,MPA,Less than 6mo,66.0,68.0,No,No,No,No,No,No,No,No,No,,,No,3.0,Simulect,60 and above,Less than 24h,6.1999998,0,Neg,NO,69.0,0,0
109,2019,No,47,Male,White,ADPKD,No,22.0,Yes,DCD,34.66392882,Negative,Positive,Negative,Positive,1,1,0,2,0,0.0,19,Simulect,Tac,MPA,,76.0,94.0,No,No,No,,No,No,No,,No,,,No,3.0,Simulect,Less than 60,Less than 24h,4.6999998,0,Neg,NO,0.0,0,0
110,2019,No,63,Male,Asian,DKD,Yes,28.0,No,DBD,65.97946612,Positive,Positive,Positive,Positive,1,1,1,3,0,0.0,24,Simulect,Tac,MPA,,49.0,,Yes,No,No,,No,No,No,,No,,,No,3.0,Simulect,60 and above,more than 24h,6.3000002,0,Neg,NO,0.0,0,0
111,2016,No,52,Male,White,GN,Yes,26.0,No,DBD,77.87542779,Negative,Positive,Negative,,2,1,1,4,0,0.0,36,Simulect,Tac,MPA,Less than 6mo,31.0,46.0,No,No,No,No,No,No,No,No,No,,,No,5.1,Simulect,Less than 60,more than 24h,5.1999998,0,Neg,NO,0.0,0,0
112,2016,No,59,Male,White,Unknown,Yes,31.1,No,DBD,39.3155373,Positive,,Positive,,1,2,0,3,0,1.0,14,Simulect,Tac,MPA,Less than 6mo,68.0,80.0,No,Yes,No,No,No,No,No,No,No,,,No,5.6,Simulect,Less than 60,Less than 24h,5.9000001,0,Neg,NO,54.0,0,0
113,2019,No,70,Male,White,Other,No,22.2,No,DBD,63.21149897,Negative,Positive,Positive,Positive,1,1,1,3,0,0.0,25,Simulect,Tac,MPA,Less than 6mo,29.0,32.0,No,No,No,No,No,No,No,No,No,,,No,2.8,Simulect,60 and above,more than 24h,7.0,0,Neg,NO,0.0,0,0
114,2019,No,26,Female,Asian,GN,No,42.0,Yes,Living donor,58.29158111,Positive,Positive,Positive,,0,1,1,2,0,0.0,4,Simulect,Tac,MPA,More than 6mo,59.0,,No,No,No,,No,No,No,,No,,,No,3.0,Simulect,Less than 60,Less than 24h,2.5999999,0,Neg,NO,0.0,0,0
115,2015,No,55,Female,White,ADPKD,No,30.2,No,DCD,62.4421629,Positive,,Negative,,2,1,1,4,0,0.0,13,Simulect,Tac,MPA,Less than 6mo,25.0,36.0,Yes,No,No,No,No,No,No,No,No,,,No,6.3,Simulect,Less than 60,Less than 24h,5.5,0,Neg,NO,0.0,0,0
116,2019,No,63,Female,White,Unknown,No,29.0,Yes,DCD,56.94729637,Positive,Positive,Positive,Positive,1,1,1,3,0,0.0,23,Simulect,Tac,MPA,,45.0,,No,No,No,,No,No,No,,No,,,No,3.0,Simulect,60 and above,Less than 24h,6.3000002,0,Neg,NO,0.0,0,0
117,2014,No,72,Male,White,Other,No,23.6,Yes,DBD,41.45106092,Negative,,Negative,,0,0,0,0,0,,13,Simulect,Tac,MPA,Less than 6mo,64.0,67.0,No,No,No,No,No,No,No,No,No,"Recipient died, graft was functioning at time of death",,Yes,3.2,Simulect,60 and above,Less than 24h,7.1999998,0,Neg,NO,0.0,0,0
118,2018,No,67,Male,White,ADPKD,No,27.4,Yes,Living donor,61.81245722,Positive,Positive,Positive,Positive,0,0,0,0,0,0.0,4,Simulect,Tac,MPA,Less than 6mo,49.0,55.0,No,No,No,No,No,No,No,No,No,,,No,3.3,Simulect,60 and above,Less than 24h,6.6999998,0,Neg,NO,0.0,0,0
119,2018,No,65,Female,White,ADPKD,No,22.0,No,DCD,63.78918549,Negative,Positive,Negative,Positive,1,1,0,2,0,0.0,11,Simulect,Tac,MPA,Less than 6mo,44.0,46.0,No,No,No,No,No,No,No,No,No,,,No,3.1,Simulect,60 and above,Less than 24h,6.5,0,Neg,NO,0.0,0,0
120,2017,No,55,Male,White,Other,No,30.0,No,DBD,50.58453114,Negative,Positive,Negative,Positive,2,2,1,5,0,0.0,21,Simulect,Tac,MPA,,51.0,56.0,No,No,Yes,,No,No,No,,No,"Recipient died, graft was functioning at time of death",,Yes,2.0,Simulect,Less than 60,Less than 24h,5.5,0,Neg,NO,0.0,0,0
121,2015,No,44,Female,White,Reflux/CPN,No,32.0,Yes,DBD,55.41957563,Negative,,Negative,,0,0,0,0,0,1.0,14,Simulect,Tac,MPA,Less than 6mo,35.0,49.0,No,No,No,No,No,No,No,No,No,,,No,6.6,Simulect,Less than 60,Less than 24h,4.4000001,0,Neg,NO,86.0,0,0
122,2014,No,74,Male,White,DKD,Yes,27.5,No,DCD,59.08281999,Negative,,Positive,,2,1,1,4,0,,17,Simulect,Tac,MPA,Less than 6mo,25.0,33.0,No,No,No,No,No,No,No,No,No,,,No,7.8,Simulect,60 and above,Less than 24h,7.4000001,0,Neg,NO,0.0,0,0
123,2017,No,67,Male,Asian,Other,No,33.6,Yes,DCD,36.09308693,Negative,Positive,Negative,Negative,0,2,0,2,0,0.0,14,Simulect,Tac,MPA,Less than 6mo,23.0,28.0,No,No,No,No,No,No,No,No,No,,,No,4.5,Simulect,60 and above,Less than 24h,6.6999998,0,Neg,NO,0.0,0,0
124,2015,No,65,Female,White,ADPKD,No,20.7,No,DBD,71.69609856,Negative,,Negative,,1,1,1,3,0,0.0,14,Simulect,Tac,MPA,Less than 6mo,47.0,53.0,No,No,No,No,No,No,No,No,No,,,No,6.5,Simulect,60 and above,Less than 24h,6.5,0,Neg,NO,33.0,0,0
125,2015,No,68,Male,White,Other,No,,Yes,Living donor,64.91170431,Positive,,Positive,,2,1,1,4,0,0.0,4,Simulect,Tac,MPA,Less than 6mo,48.0,63.0,No,No,Yes,No,No,No,No,No,No,,,No,6.6,Simulect,60 and above,Less than 24h,6.8000002,0,Neg,NO,0.0,0,0
126,2017,No,69,Female,Asian,Other,No,27.0,No,DBD,66.52429843,Negative,Positive,Positive,,1,1,0,2,0,1.0,19,Simulect,Tac,MPA,Less than 6mo,72.0,74.0,No,No,No,No,No,No,No,No,No,,,No,4.8,Simulect,60 and above,Less than 24h,6.9000001,0,Neg,NO,81.0,0,0
127,2016,No,64,Male,Asian,DKD,Yes,28.1,Yes,DCD,58.62286105,Positive,,Positive,,1,1,1,3,0,0.0,21,Simulect,Tac,MPA,Less than 6mo,52.0,28.0,Yes,No,No,No,No,No,No,Yes,No,"Recipient died, graft was functioning at time of death",,Yes,4.5,Simulect,60 and above,Less than 24h,6.4000001,0,Neg,NO,0.0,0,0
128,2015,No,53,Male,White,ADPKD,No,32.1,No,Living donor,53.14989733,Negative,,Negative,,1,1,2,4,0,0.0,6,Simulect,Tac,MPA,Less than 6mo,53.0,67.0,No,No,No,No,No,No,No,No,No,,,No,6.7,Simulect,Less than 60,Less than 24h,5.3000002,0,Neg,NO,0.0,0,0
129,2017,No,79,Male,White,Unknown,No,25.0,No,DCD,67.3045859,Negative,Positive,,,1,1,1,3,0,0.0,24,Simulect,Tac,MPA,,23.0,31.0,No,No,No,,No,No,No,,No,Death with functioning graft,,Yes,1.0,Simulect,60 and above,more than 24h,7.9000001,0,Neg,NO,0.0,0,0
130,2019,No,48,Male,Asian,DKD,Yes,36.0,No,DBD,40.14510609,Positive,Positive,Positive,Positive,2,1,1,4,0,0.0,13,Simulect,Tac,MPA,,68.0,,No,No,No,,No,No,No,,No,,,No,3.0,Simulect,Less than 60,Less than 24h,4.8000002,0,Neg,NO,0.0,0,0
131,2014,No,54,Male,White,Other,No,28.6,Yes,Living donor,41.36892539,Positive,,Positive,,1,1,1,3,0,,4,Simulect,Tac,MPA,More than 6mo,53.0,66.0,No,No,No,Yes,No,No,No,No,No,,,No,7.7,Simulect,Less than 60,Less than 24h,5.4000001,0,Neg,NO,49.0,0,0
132,2014,No,48,Female,Asian,Unknown,No,28.9,No,DBD,47.3100616,,,Positive,,2,2,0,4,0,,9,Simulect,Tac,Aza,Less than 6mo,63.0,51.0,No,Yes,No,No,No,No,No,No,No,,,No,8.0,Simulect,Less than 60,Less than 24h,4.8000002,0,Neg,NO,0.0,0,0
133,2014,No,71,Female,White,ADPKD,No,26.0,No,DBD,57.13894593,Negative,,Positive,,0,1,0,1,0,,14,Simulect,Tac,MPA,Less than 6mo,47.0,74.0,No,No,No,No,No,No,No,No,No,,,No,7.2,Simulect,60 and above,Less than 24h,7.0999999,0,Neg,NO,0.0,0,0
134,2014,No,74,Male,White,Reflux/CPN,No,19.7,No,DBD,72.39972621,Positive,,Positive,,1,1,1,3,0,,12,Simulect,Tac,MPA,More than 6mo,57.0,55.0,No,No,No,No,No,No,No,No,No,,,No,7.0,Simulect,60 and above,Less than 24h,7.4000001,0,Neg,NO,0.0,0,0
135,2015,No,62,Male,White,Other,No,32.5,No,DCD,55.20876112,Negative,,Positive,,0,0,0,0,0,1.0,16,Simulect,Tac,MPA,Less than 6mo,40.0,66.0,No,No,No,No,No,No,No,No,No,,,No,6.1,Simulect,60 and above,Less than 24h,6.1999998,0,Neg,NO,75.0,0,0
136,2015,No,70,Male,White,GN,No,39.1,Yes,DBD,61.51129363,Negative,,Negative,,0,0,0,0,0,0.0,14,Simulect,Tac,MPA,Less than 6mo,43.0,59.0,No,No,No,No,No,No,No,No,No,,,No,6.1,Simulect,60 and above,Less than 24h,7.0,0,Neg,NO,0.0,0,0
137,2018,No,35,Male,Asian,GN,No,23.2,No,DCD,33.48665298,Positive,Positive,Positive,Positive,0,0,0,0,0,0.0,28,Simulect,Tac,MPA,More than 6mo,30.0,19.0,No,No,No,No,No,Yes,Yes,No,No,,,No,3.1,Simulect,Less than 60,more than 24h,3.5,0,Neg,NO,35.0,0,0
138,2017,No,60,Female,White,ADPKD,No,30.6,No,DCD,64.83230664,Negative,Positive,Negative,,2,1,1,4,0,0.0,15,Simulect,Tac,MPA,Less than 6mo,34.0,45.0,No,No,No,No,No,No,No,No,No,,,No,4.3,Simulect,60 and above,Less than 24h,6.0,0,Neg,NO,0.0,0,0
139,2019,No,71,Male,Black,DKD,Yes,28.0,Yes,DCD,62.01232033,Negative,Positive,Negative,Positive,1,1,1,3,0,0.0,17,Simulect,Tac,MPA,,51.0,53.0,No,No,No,,No,No,No,,No,,,No,3.0,Simulect,60 and above,Less than 24h,7.0999999,0,Neg,NO,0.0,0,0
140,2016,No,36,Male,White,GN,No,27.6,Yes,DCD,21.17180014,Negative,Positive,Negative,,1,1,1,3,0,0.0,9,Simulect,Tac,MPA,Less than 6mo,62.0,93.0,No,No,No,No,No,No,No,No,No,,,No,5.1,Simulect,Less than 60,Less than 24h,3.5999999,0,Neg,NO,0.0,0,0
141,2015,No,58,Female,White,ADPKD,No,22.0,No,DBD,46.75975359,Negative,,Positive,,1,1,1,3,0,1.0,11,Simulect,Tac,MPA,Less than 6mo,39.0,82.0,No,No,No,No,No,No,No,No,No,,,No,6.4,Simulect,Less than 60,Less than 24h,5.8000002,0,Neg,NO,98.0,0,0
142,2019,No,55,Male,White,GN,No,23.0,No,DBD,59.07186858,Negative,Positive,Negative,,1,1,0,2,0,0.0,20,Simulect,Tac,MPA,,65.0,88.0,No,No,No,,No,No,No,,No,,,No,3.0,Simulect,Less than 60,Less than 24h,5.5,0,Neg,NO,0.0,0,0
143,2015,No,59,Male,White,GN,Yes,32.5,No,DBD,63.76728268,Positive,,Negative,,1,1,1,3,0,1.0,11,Simulect,Tac,MPA,Less than 6mo,69.0,52.0,No,No,No,No,No,No,No,No,No,,,No,6.3,Simulect,Less than 60,Less than 24h,5.9000001,0,Neg,NO,65.0,0,0
144,2018,No,27,Male,White,Reflux/CPN,No,33.1,Yes,DBD,22.02053388,Negative,Positive,Negative,Positive,1,1,1,3,0,0.0,14,Simulect,Tac,MPA,Less than 6mo,45.0,61.0,No,No,No,No,No,No,No,No,No,,,No,3.3,Simulect,Less than 60,Less than 24h,2.7,0,Neg,NO,0.0,0,0
145,2014,No,40,Male,Asian,Reflux/CPN,No,21.4,No,DCD,24.98288843,Negative,,Positive,,0,0,0,0,0,,20,Simulect,Tac,MPA,Less than 6mo,119.0,140.0,No,No,No,No,No,No,No,No,No,,,No,7.8,Simulect,Less than 60,Less than 24h,4.0,0,Neg,NO,0.0,0,0
146,2019,No,49,Female,White,GN,,36.5,No,DCD,59.69062286,Positive,Positive,Positive,Positive,1,1,0,2,0,0.0,10,Simulect,Tac,MPA,Less than 6mo,45.0,46.0,,,,,,,,,No,,,No,2.1,Simulect,Less than 60,Less than 24h,4.9000001,0,Neg,NO,0.0,0,0
147,2019,No,59,Male,White,GN,No,27.0,Yes,Living donor,34.78439425,Negative,Positive,Negative,Positive,1,1,0,2,0,0.0,1,Simulect,Tac,MPA,Less than 6mo,54.0,74.0,No,No,No,No,No,No,No,No,No,,,No,2.8,Simulect,Less than 60,Less than 24h,5.9000001,0,Neg,NO,0.0,0,0
148,2014,No,58,Male,Asian,Unknown,No,28.7,Yes,DCD,42.6091718,Negative,,Positive,,1,1,0,2,0,,11,Simulect,Tac,MPA,Less than 6mo,72.0,77.0,No,No,No,No,No,No,No,No,No,,,No,7.6,Simulect,Less than 60,Less than 24h,5.8000002,0,Neg,NO,50.0,0,0
149,2015,No,72,Female,White,Other,Yes,31.1,No,DBD,73.08145106,Negative,,Positive,,2,1,0,3,0,1.0,16,Simulect,Tac,MPA,More than 6mo,26.0,32.0,Yes,No,No,No,No,No,No,No,No,,,Yes,5.0,Simulect,60 and above,Less than 24h,7.1999998,0,Neg,NO,86.0,0,0
150,2019,No,53,Female,White,Reflux/CPN,No,27.0,Yes,Living donor,58.55441478,Positive,Positive,Negative,Positive,1,2,2,5,0,1.0,2,Simulect,Tac,MPA,,41.0,,No,No,No,,No,No,No,,No,,,No,3.0,Simulect,Less than 60,Less than 24h,5.3000002,0,Neg,NO,62.0,0,0
151,2014,No,72,Female,White,GN,No,30.2,No,Living donor,73.97399042,Negative,,Positive,,1,1,1,3,0,,4,Simulect,Tac,MPA,Less than 6mo,41.0,62.0,Yes,No,No,No,No,No,No,No,No,,,No,7.3,Simulect,60 and above,Less than 24h,7.1999998,0,Neg,NO,9.0,0,0
152,2017,No,63,Male,White,ADPKD,No,34.0,No,DCD,56.03559206,Negative,Positive,Negative,,1,1,0,2,0,1.0,19,Simulect,Tac,MPA,,52.0,49.0,No,No,No,,No,No,No,,No,"Recipient died, graft was functioning at time of death",,Yes,1.0,Simulect,60 and above,Less than 24h,6.3000002,0,Neg,NO,55.0,0,0
153,2015,No,35,Female,White,DKD,Yes,21.9,No,Living donor,27.95893224,Negative,,Positive,,1,1,0,2,0,1.0,7,Simulect,Tac,MPA,Less than 6mo,164.0,,No,No,No,No,No,No,No,No,No,"Recipient died, graft was functioning at time of death",,Yes,3.8,Simulect,Less than 60,Less than 24h,3.5,0,Neg,NO,62.0,0,0
154,2016,No,44,Female,White,Reflux/CPN,No,28.3,No,DBD,60.04380561,Positive,Positive,Negative,,1,0,0,1,0,1.0,15,Simulect,Tac,MPA,Less than 6mo,40.0,37.0,Yes,No,No,No,No,No,No,No,No,,,No,5.7,Simulect,Less than 60,Less than 24h,4.4000001,0,Neg,NO,100.0,0,0
155,2016,No,75,Female,White,Other,No,30.0,Yes,DBD,71.38398357,Positive,Positive,Positive,Positive,1,1,1,3,0,1.0,20,Simulect,Tac,Aza,Less than 6mo,21.0,26.0,No,No,No,No,No,No,No,No,No,,,No,5.6,Simulect,60 and above,Less than 24h,7.5,0,Neg,NO,83.0,0,0
156,2015,No,70,Male,Asian,GN,No,,No,DCD,71.09377139,Positive,,Negative,,2,1,0,3,0,0.0,18,Simulect,Tac,MPA,,46.0,54.0,No,No,No,,No,No,No,,Yes,Death with functioning graft,,No,6.0,Simulect,60 and above,Less than 24h,7.0,0,Neg,NO,0.0,0,0
157,2019,No,41,Female,Asian,DKD,Yes,29.3,No,DBD,64.69815195,Negative,Positive,Positive,Positive,2,1,1,4,0,0.0,10,Simulect,Tac,MPA,More than 6mo,64.0,5.0,No,No,Yes,No,No,No,No,No,No,,,No,2.7,Simulect,Less than 60,Less than 24h,4.0999999,0,Neg,NO,0.0,0,0
158,2015,No,60,Male,Asian,GN,Yes,28.7,No,DCD,64.12867899,Positive,,Positive,,2,1,1,4,0,0.0,7,Simulect,Tac,,More than 6mo,51.0,30.0,No,No,Yes,Yes,No,No,No,No,No,,,Yes,4.9,Simulect,60 and above,Less than 24h,6.0,0,Neg,NO,0.0,0,0
159,2015,No,63,Male,White,DKD,Yes,24.8,No,Living donor,42.81451061,Negative,,Positive,,2,1,0,3,0,0.0,12,Simulect,Tac,MPA,Less than 6mo,66.0,110.0,No,No,No,No,No,No,No,No,No,,,No,7.0,Simulect,60 and above,Less than 24h,6.3000002,0,Neg,NO,0.0,0,0
160,2014,No,30,Female,White,GN,No,23.0,No,DBD,37.73305955,Negative,,Negative,,0,1,0,1,0,,17,Simulect,Tac,MPA,Less than 6mo,34.0,65.0,No,No,No,No,No,No,No,No,No,,,No,7.1,Simulect,Less than 60,Less than 24h,3.0,0,Neg,NO,0.0,0,0
161,2016,No,35,Male,White,Unknown,No,28.0,Yes,Living donor,56.49555099,Positive,Positive,Negative,Positive,1,1,1,3,0,0.0,4,Simulect,Tac,MPA,Less than 6mo,45.0,56.0,No,No,No,No,No,No,No,No,No,,,No,5.5,Simulect,Less than 60,Less than 24h,3.5,0,Neg,NO,0.0,0,0
162,2016,No,67,Female,White,Reflux/CPN,No,22.4,Yes,DCD,74.30800821,Negative,Positive,Negative,,1,2,0,3,0,1.0,24,Simulect,Tac,Aza,Less than 6mo,27.0,42.0,No,No,No,No,No,No,No,No,No,,,No,6.25,Simulect,60 and above,more than 24h,6.6999998,0,Neg,NO,78.0,0,0
163,2019,No,56,Male,White,Reflux/CPN,No,23.0,Yes,DBD,47.31279945,Positive,Positive,Positive,,1,1,1,3,0,0.0,9,Simulect,Tac,MPA,,61.0,,Yes,No,No,,No,No,No,,No,,,No,3.0,Simulect,Less than 60,Less than 24h,5.5999999,0,Neg,NO,0.0,0,0
164,2014,No,36,Male,White,GN,No,25.3,Yes,Living donor,65.3908282,Negative,,Negative,,0,1,1,2,0,,3,Simulect,Tac,Aza,More than 6mo,54.0,62.0,No,No,No,No,No,No,No,No,No,,,No,7.2,Simulect,Less than 60,Less than 24h,3.5999999,0,Neg,NO,0.0,0,0
165,2016,No,57,Female,Asian,GN,No,30.0,No,DBD,66.77891855,Positive,Positive,Positive,,2,1,1,4,0,0.0,14,Simulect,Tac,MPA,Less than 6mo,41.0,41.0,Yes,No,No,No,No,No,No,No,No,,,No,5.2,Simulect,Less than 60,Less than 24h,5.6999998,0,Neg,NO,0.0,0,0
166,2017,No,60,Female,White,ADPKD,No,24.5,Yes,DCD,53.51950719,Positive,Positive,Positive,Positive,1,1,0,2,0,0.0,9,Simulect,Tac,MPA,Less than 6mo,47.0,56.0,No,No,Yes,No,No,No,No,No,No,,,No,4.3,Simulect,60 and above,Less than 24h,6.0,0,Neg,NO,0.0,0,0
167,2016,No,35,Male,Asian,GN,No,27.7,No,DBD,45.17727584,Positive,Positive,Negative,Positive,1,1,1,3,0,0.0,28,Simulect,Tac,MPA,Less than 6mo,25.0,44.0,No,No,No,No,No,No,No,No,No,,,No,5.3,Simulect,Less than 60,more than 24h,3.5,0,Neg,NO,0.0,0,0
168,2017,No,73,Male,White,GN,No,27.0,Yes,Living donor,57.28952772,Positive,,Positive,Positive,1,1,1,3,0,1.0,4,Simulect,Tac,MPA,Less than 6mo,45.0,,No,No,No,No,No,No,No,Yes,No,,,No,4.1,Simulect,60 and above,Less than 24h,7.3000002,0,Neg,NO,87.0,0,0
169,2015,No,65,Female,Asian,DKD,Yes,30.1,Yes,DCD,69.9301848,Positive,,Positive,,1,1,0,2,0,0.0,15,Simulect,Tac,MPA,Less than 6mo,21.0,23.0,No,No,No,No,No,No,No,No,No,,,Yes,5.0,Simulect,60 and above,Less than 24h,6.5,0,Neg,NO,0.0,0,0
170,2019,No,60,Male,Black,Other,No,26.2,No,DBD,64.21081451,Positive,Positive,Negative,Positive,1,1,1,3,0,0.0,13,Simulect,Tac,MPA,Less than 6mo,35.0,45.0,Yes,No,No,No,No,No,No,No,No,,,No,3.0,Simulect,60 and above,Less than 24h,6.0,0,Neg,NO,0.0,0,0
171,2018,No,48,Female,Asian,Unknown,No,22.9,Yes,DCD,26.95687885,Negative,Positive,Positive,,1,2,0,3,0,0.0,20,Simulect,Tac,MPA,More than 6mo,42.0,54.0,No,No,No,No,No,No,No,No,No,,,No,3.1,Simulect,Less than 60,Less than 24h,4.8000002,0,Neg,NO,0.0,0,0
172,2018,No,56,Male,Black,Other,No,29.0,No,Living donor,51.09924709,Positive,Negative,Positive,Positive,2,1,2,5,0,1.0,4,Simulect,Tac,MPA,,58.0,,No,No,No,,No,No,No,,No,,,No,4.0,Simulect,Less than 60,Less than 24h,5.5999999,0,Neg,NO,1.0,0,0
173,2017,No,76,Male,White,DKD,Yes,25.0,Yes,DCD,73.02121834,Negative,Positive,,,1,0,1,2,0,0.0,12,Simulect,Tac,MPA,,23.0,23.0,No,No,No,,No,No,No,,No,,,Yes,1.0,Simulect,60 and above,Less than 24h,7.5999999,0,Neg,NO,0.0,0,0
174,2015,No,44,Male,Asian,DKD,Yes,27.7,No,DBD,51.8220397,Positive,,Positive,,2,1,1,4,0,1.0,19,Simulect,Tac,MPA,Less than 6mo,52.0,52.0,No,No,No,No,No,No,No,No,No,,,No,6.6,Simulect,Less than 60,Less than 24h,4.4000001,0,Neg,NO,58.0,0,0
175,2015,No,53,Male,White,GN,No,35.6,No,DBD,61.50034223,Negative,,Positive,,1,1,0,2,0,0.0,12,Simulect,Tac,MPA,Less than 6mo,26.0,26.0,No,No,No,No,No,No,No,No,No,,,Yes,4.8,Simulect,Less than 60,Less than 24h,5.3000002,0,Neg,NO,0.0,0,0
176,2015,No,62,Male,White,GN,No,,No,DCD,55.21149897,Negative,,Positive,,1,2,1,4,0,0.0,10,Simulect,Tac,MPA,,33.0,44.0,No,No,No,,No,No,No,,No,"Recipient died, graft was functioning at time of death",,Yes,2.0,Simulect,60 and above,Less than 24h,6.1999998,0,Neg,NO,0.0,0,0
177,2015,No,31,Female,White,GN,No,28.5,No,DBD,51.85763176,Positive,,Positive,,1,0,0,1,0,0.0,8,Simulect,Tac,Aza,More than 6mo,55.0,68.0,No,No,No,No,No,Yes,Yes,No,No,,,No,6.6,Simulect,Less than 60,Less than 24h,3.0999999,0,Neg,NO,0.0,0,0
178,2019,No,64,Female,Asian,Unknown,Yes,28.0,No,Living donor,35.22792608,Positive,Positive,Positive,Negative,1,1,1,3,0,1.0,4,Simulect,Tac,MPA,,86.0,,No,No,No,,No,No,No,,No,,,No,3.0,Simulect,60 and above,Less than 24h,6.4000001,0,Neg,NO,90.0,0,0
179,2018,No,58,Male,White,GN,No,32.0,Yes,Living donor,53.36892539,Negative,Positive,Positive,,0,2,2,4,0,0.0,5,Simulect,Tac,MPA,,46.0,71.0,No,No,No,,No,No,No,,No,,,No,4.0,Simulect,Less than 60,Less than 24h,5.8000002,0,Neg,NO,0.0,0,0
180,2014,No,37,Male,Black,Unknown,No,24.8,No,DCD,42.40109514,Positive,,Positive,,2,2,1,5,0,,17,Simulect,Tac,MPA,Less than 6mo,76.0,78.0,No,No,Yes,No,No,No,No,No,No,,,No,4.2,Simulect,Less than 60,Less than 24h,3.7,0,Neg,NO,0.0,0,0
181,2016,Yes,31,Female,Asian,Reflux/CPN,No,23.1,No,DBD,66.4312115,Positive,Positive,Positive,,1,1,1,3,0,1.0,15,Simulect,Tac,MPA,Less than 6mo,39.0,30.0,No,No,No,Yes,No,No,No,No,No,,,No,5.3,Simulect,Less than 60,Less than 24h,3.0999999,0,Neg,NO,99.0,0,0
182,2015,No,75,Female,White,ADPKD,No,27.7,Yes,DBD,77.43737166,Positive,,Positive,,0,0,0,0,0,1.0,13,Simulect,Tac,MPA,Less than 6mo,36.0,58.0,Yes,No,No,No,No,No,No,No,No,,,No,6.3,Simulect,60 and above,Less than 24h,7.5,0,Neg,NO,58.0,0,0
183,2014,No,46,Male,White,GN,No,34.0,Yes,Living donor,25.61533196,Negative,,Negative,,0,1,1,2,0,,3,Simulect,Tac,MPA,Less than 6mo,61.0,74.0,No,No,No,No,No,Yes,Yes,No,No,,,No,7.5,Simulect,Less than 60,Less than 24h,4.5999999,0,Neg,NO,0.0,0,0
184,2016,No,73,Female,White,Unknown,No,28.4,Yes,DBD,79.42231348,Positive,,Positive,,1,1,0,2,0,0.0,10,Simulect,Tac,,More than 6mo,33.0,38.0,No,No,No,No,No,No,No,No,No,,,Yes,3.5,Simulect,60 and above,Less than 24h,7.3000002,0,Neg,NO,0.0,0,0
185,2015,No,47,Female,White,DKD,Yes,30.7,No,Living donor,55.40314853,Positive,,Positive,,1,2,1,4,0,0.0,5,Simulect,Tac,MPA,Less than 6mo,48.0,54.0,No,No,No,No,No,No,No,No,No,,,No,6.1,Simulect,Less than 60,Less than 24h,4.6999998,0,Neg,NO,0.0,0,0
186,2015,No,56,Male,White,GN,No,23.2,No,Living donor,65.76043806,Negative,,Negative,,1,1,2,4,0,0.0,1,Simulect,Tac,MPA,Less than 6mo,36.0,50.0,No,No,No,No,No,No,No,No,No,Death with functioning graft,,Yes,4.4,Simulect,Less than 60,Less than 24h,5.5999999,0,Neg,NO,0.0,0,0
187,2015,No,58,Female,Asian,DKD,Yes,32.4,No,DCD,36.13141684,Positive,,Positive,,1,1,0,2,0,0.0,8,Simulect,Tac,MPA,Less than 6mo,51.0,67.0,No,No,No,No,No,No,No,No,No,,,No,6.4,Simulect,Less than 60,Less than 24h,5.8000002,0,Neg,NO,0.0,0,0
188,2019,No,34,Female,White,GN,No,39.0,Yes,DBD,40.61875428,Negative,Negative,Negative,,1,1,1,3,0,0.0,11,Simulect,Tac,MPA,,57.0,,No,No,No,,No,No,No,,No,,,No,3.0,Simulect,Less than 60,Less than 24h,3.4000001,0,Neg,NO,0.0,0,0
189,2015,No,57,Female,White,Unknown,No,22.8,No,DBD,30.54072553,Positive,,Negative,,2,1,0,3,0,1.0,11,Simulect,Tac,MPA,Less than 6mo,72.0,91.0,No,No,No,No,No,No,No,No,No,,,No,6.9,Simulect,Less than 60,Less than 24h,5.6999998,0,Neg,NO,79.0,0,0
190,2018,No,76,Male,Asian,GN,Yes,26.1,No,DCD,40.23545517,Positive,Positive,Positive,,1,1,1,3,0,0.0,13,Simulect,Tac,MPA,Less than 6mo,110.0,128.0,No,No,No,No,No,No,No,No,No,,,No,3.7,Simulect,60 and above,Less than 24h,7.5999999,0,Neg,NO,0.0,0,0
191,2016,No,49,Male,White,Other,No,20.5,No,DCD,56.72279261,Negative,,Negative,,1,1,0,2,0,0.0,14,Simulect,Tac,MPA,More than 6mo,14.0,22.0,No,No,No,No,No,No,No,No,No,,,No,5.2,Simulect,Less than 60,Less than 24h,4.9000001,0,Neg,NO,0.0,0,0
192,2018,No,66,Male,Asian,Other,Yes,31.0,Yes,DCD,60.47912389,Positive,Positive,Positive,,2,2,0,4,0,0.0,9,Simulect,Tac,MPA,More than 6mo,14.0,,No,No,No,No,No,No,No,No,No,Rejection while taking immunosuppressive drug(s),1.0,No,4.1,Simulect,60 and above,Less than 24h,6.5999999,0,Neg,NO,36.0,0,0
193,2017,No,40,Male,White,Other,No,26.8,Yes,DBD,63.18959617,Positive,,Positive,,2,1,0,3,0,0.0,7,Simulect,Tac,MPA,Less than 6mo,42.0,54.0,No,No,No,No,No,No,No,No,No,,,No,4.7,Simulect,Less than 60,Less than 24h,4.0,0,Neg,NO,0.0,0,0
194,2016,No,53,Female,Asian,Other,No,36.2,No,DBD,57.16906229,Negative,,Positive,,2,1,1,4,0,0.0,12,Simulect,Tac,MPA,Less than 6mo,43.0,39.0,No,No,No,No,No,No,No,No,No,,,No,5.9,Simulect,Less than 60,Less than 24h,5.3000002,0,Neg,NO,0.0,0,0
195,2016,No,71,Female,White,DKD,Yes,24.7,No,DBD,72.3340178,Positive,,Positive,,2,1,0,3,0,1.0,22,Simulect,Tac,MPA,Less than 6mo,38.0,40.0,Yes,No,Yes,No,No,No,No,No,No,,,No,5.7,Simulect,60 and above,Less than 24h,7.0999999,0,Neg,NO,75.0,0,0
196,2018,No,48,Male,Asian,GN,No,32.5,No,Living donor,26.74332649,Negative,Positive,Positive,,2,2,1,5,0,0.0,5,Simulect,Tac,MPA,More than 6mo,57.0,73.0,Yes,Yes,No,No,No,No,No,No,No,,,No,3.9,Simulect,Less than 60,Less than 24h,4.8000002,0,Neg,NO,0.0,0,0
197,2016,No,34,Male,Black,Other,No,26.0,No,DBD,41.97399042,Negative,,Positive,Positive,2,1,0,3,0,0.0,14,Simulect,Tac,MPA,More than 6mo,122.0,107.0,Yes,Yes,No,,No,No,No,,No,,,No,6.0,Simulect,Less than 60,Less than 24h,3.4000001,0,Neg,NO,0.0,0,0
198,2017,No,74,Male,White,DKD,Yes,25.4,No,DCD,52.42162902,Negative,Negative,Positive,,0,0,0,0,0,0.0,12,Simulect,Tac,MPA,Less than 6mo,43.0,58.0,No,No,No,No,No,No,No,No,No,,,No,4.8,Simulect,60 and above,Less than 24h,7.4000001,0,Neg,NO,0.0,0,0
199,2014,No,72,Male,White,Reflux/CPN,No,29.0,No,DBD,58.85831622,Negative,,Positive,,0,1,1,2,0,,13,Simulect,Tac,MPA,Less than 6mo,72.0,85.0,No,Yes,No,No,No,No,No,No,No,,,No,7.4,Simulect,60 and above,Less than 24h,7.1999998,0,Neg,NO,0.0,0,0
200,2015,No,61,Female,White,DKD,Yes,26.9,Yes,DBD,72.59685147,Negative,,Negative,,2,1,1,4,0,0.0,7,Simulect,Tac,MPA,Less than 6mo,30.0,25.0,No,No,No,No,Yes,No,Yes,No,No,,,No,6.1,Simulect,60 and above,Less than 24h,6.0999999,0,Neg,NO,0.0,0,0
201,2016,No,69,Female,White,Other,Yes,30.1,Yes,DCD,71.00616016,Negative,Positive,Positive,,2,1,1,4,0,0.0,16,Simulect,Cyc,MPA,Less than 6mo,34.0,38.0,No,No,No,No,No,No,No,No,No,,,Yes,4.5,Simulect,60 and above,Less than 24h,6.9000001,0,Neg,NO,0.0,0,0
202,2019,No,52,Male,White,GN,No,32.0,Yes,DBD,60.08213552,Negative,Positive,Negative,Positive,1,1,0,2,0,0.0,13,Simulect,Tac,MPA,Less than 6mo,38.0,,No,No,No,No,No,No,No,No,No,,,No,2.4,Simulect,Less than 60,Less than 24h,5.1999998,0,Neg,NO,0.0,0,0
203,2014,No,30,Female,White,Reflux/CPN,No,30.4,Yes,Living donor,60.52566735,Positive,,Positive,,1,0,0,1,0,,4,Simulect,Tac,MPA,Less than 6mo,46.0,58.0,No,No,No,Yes,No,No,No,No,No,,,No,7.2,Simulect,Less than 60,Less than 24h,3.0,0,Neg,NO,0.0,0,0
204,2015,No,48,Male,White,Unknown,No,19.7,No,DBD,55.09377139,Positive,,Positive,,1,1,0,2,0,0.0,13,Simulect,Tac,MPA,Less than 6mo,90.0,104.0,No,No,No,No,No,No,No,Yes,No,,,Yes,3.7,Simulect,Less than 60,Less than 24h,4.8000002,0,Neg,NO,0.0,0,0
321,2016,No,54,Female,White,ADPKD,Yes,25.28,No,DCD,,Negative,Positive,Negative,Positive,1,1,0,2,0,,17,Campath,Tac,MPA,Less than 6mo,35.0,38.0,No,No,No,No,No,No,No,No,No,,,No,5.666666667,Campath,Less than 60,more than 24h,5.4000001,1,Neg,NO ,80.0,0,0
206,2014,No,66,Male,White,DKD,Yes,34.4,No,DBD,50.16837782,Negative,,Positive,,0,0,0,0,0,,19,Simulect,Tac,MPA,Less than 6mo,78.0,46.0,No,No,No,No,No,No,No,No,No,,,Yes,6.2,Simulect,60 and above,Less than 24h,6.5999999,0,Neg,NO,0.0,0,0
207,2015,No,49,Male,White,ADPKD,No,22.3,No,DCD,56.15058179,Negative,,Positive,,1,1,1,3,0,0.0,11,Simulect,Tac,MPA,More than 6mo,19.0,24.0,No,No,No,No,No,No,No,No,No,,,No,6.1,Simulect,Less than 60,Less than 24h,4.9000001,0,Neg,NO,0.0,0,0
208,2018,No,62,Female,Asian,GN,No,30.2,Yes,Living donor,39.92334018,Positive,Positive,Positive,Positive,1,1,1,3,0,0.0,4,Simulect,Tac,MPA,Less than 6mo,78.0,81.0,No,No,No,No,No,No,No,No,No,,,No,3.2,Simulect,60 and above,Less than 24h,6.1999998,0,Neg,NO,0.0,0,0
209,2017,No,41,Male,Asian,GN,Yes,27.1,No,DBD,58.49418207,Negative,Positive,Positive,Positive,2,1,0,3,0,0.0,7,Simulect,Tac,MPA,More than 6mo,51.0,,No,No,No,No,No,Yes,Yes,No,No,,,No,4.6,Simulect,Less than 60,Less than 24h,4.0999999,0,Neg,NO,0.0,0,0
210,2017,No,53,Male,Asian,DKD,Yes,32.4,Yes,DBD,46.12183436,Negative,Positive,Positive,Positive,1,1,1,3,0,0.0,27,Simulect,Tac,MPA,Less than 6mo,76.0,77.0,No,No,No,No,No,No,No,No,No,,,No,4.3,Simulect,Less than 60,more than 24h,5.3000002,0,Neg,NO,0.0,0,0
211,2018,Yes,52,Male,Asian,DKD,Yes,,No,DBD,,Negative,,Positive,,1,1,1,3,0,0.0,7,Simulect,Tac,MPA,More than 6mo,58.0,,No,No,No,No,No,No,No,No,No,,,No,3.2,Simulect,Less than 60,Less than 24h,5.1999998,0,Neg,NO,81.0,0,0
212,2016,No,78,Female,White,Other,No,32.0,No,DBD,74.66666667,Positive,,Positive,,1,1,1,3,0,0.0,25,Simulect,Tac,MPA,Less than 6mo,31.0,44.0,Yes,No,No,No,No,No,No,No,No,,,No,5.3,Simulect,60 and above,more than 24h,7.8000002,0,Neg,NO,0.0,0,0
213,2016,No,50,Female,Black,GN,No,21.5,No,DCD,13.77960301,Positive,Positive,Positive,Positive,1,1,1,3,0,1.0,8,Simulect,Tac,,More than 6mo,63.0,60.0,No,No,Yes,No,No,No,No,No,No,,,No,5.5,Simulect,Less than 60,Less than 24h,5.0,0,Neg,NO,50.0,0,0
214,2016,No,49,Female,White,ADPKD,No,29.7,Yes,Living donor,25.33607118,Positive,Positive,Positive,Positive,1,1,1,3,0,1.0,4,Simulect,Tac,MPA,Less than 6mo,53.0,10.0,No,No,No,No,No,No,No,No,No,,,No,5.2,Simulect,Less than 60,Less than 24h,4.9000001,0,Neg,NO,83.0,0,0
215,2019,No,45,Male,White,DKD,Yes,21.0,No,DBD,43.86858316,Negative,Positive,Negative,Positive,1,2,1,4,0,0.0,16,Simulect,Tac,MPA,,53.0,,No,No,No,,No,No,No,,No,Death with functioning graft,,Yes,1.0,Simulect,Less than 60,Less than 24h,4.5,0,Neg,NO,0.0,0,0
216,2017,No,22,Male,White,Unknown,No,23.5,No,Living donor,50.77344285,Positive,,Negative,Negative,1,1,1,3,0,0.0,2,Simulect,Tac,MPA,Less than 6mo,84.0,107.0,No,No,No,No,No,No,No,No,No,,,No,4.8,Simulect,Less than 60,Less than 24h,2.2,0,Neg,NO,4.0,0,0
217,2016,No,74,Male,White,Unknown,No,29.0,No,Living donor,32.71457906,,,Positive,Positive,2,1,1,4,0,0.0,5,Simulect,Tac,MPA,,61.0,77.0,No,No,No,,No,No,No,,No,Death with functioning graft,,Yes,1.0,Simulect,60 and above,Less than 24h,7.4000001,0,Neg,NO,0.0,0,0
218,2017,No,80,Male,White,Other,No,24.0,No,Living donor,51.81382615,Negative,,Negative,,1,1,1,3,0,0.0,5,Simulect,Tac,MPA,Less than 6mo,45.0,67.0,No,No,No,No,No,No,No,No,No,,,No,4.9,Simulect,60 and above,Less than 24h,8.0,0,Neg,NO,10.0,0,0
219,2017,No,52,Female,Asian,Unknown,No,28.9,Yes,DBD,65.07597536,Positive,Positive,Positive,Positive,1,1,1,3,0,1.0,26,Simulect,Tac,MPA,Less than 6mo,67.0,84.0,No,No,No,No,No,No,No,No,No,,,No,4.6,Simulect,Less than 60,more than 24h,5.1999998,0,Neg,NO,40.0,0,0
220,2015,No,33,Female,White,Unknown,No,28.5,Yes,Living donor,54.50513347,Positive,,Negative,,1,1,0,2,0,1.0,4,Simulect,Tac,MPA,Less than 6mo,19.0,22.0,Yes,No,No,Yes,No,No,No,No,Yes,Rejection while taking immunosuppressive drug(s),1.0,No,4.0,Simulect,Less than 60,Less than 24h,3.3,0,Neg,NO,76.0,0,0
221,2016,No,45,Male,White,ADPKD,No,30.3,Yes,Living donor,44.71457906,Positive,,Negative,,0,0,1,1,0,0.0,4,Simulect,Tac,MPA,Less than 6mo,48.0,,No,No,No,No,No,No,No,No,No,,,No,5.9,Simulect,Less than 60,Less than 24h,4.5,0,Neg,NO,0.0,0,0
222,2015,No,42,Male,Black,Unknown,No,,No,DBD,58.70499658,Positive,,Positive,,1,1,0,2,0,0.0,9,Simulect,Tac,MPA,,54.0,56.0,No,No,No,,No,No,No,,No,,,No,7.0,Simulect,Less than 60,Less than 24h,4.1999998,0,Neg,NO,0.0,0,0
223,2016,No,53,Male,White,GN,No,21.5,No,DBD,63.21149897,Positive,,Negative,,1,1,1,3,0,0.0,9,Simulect,Tac,MPA,More than 6mo,44.0,43.0,No,Yes,No,No,No,No,No,Yes,No,,,No,5.9,Simulect,Less than 60,Less than 24h,5.3000002,0,Neg,NO,0.0,0,0
224,2017,No,30,Male,White,GN,No,27.6,No,DBD,19.09650924,Negative,Positive,Negative,Positive,2,1,0,3,0,0.0,9,Simulect,Tac,MPA,Less than 6mo,39.0,52.0,No,No,No,No,No,No,No,No,No,,,No,4.4,Simulect,Less than 60,Less than 24h,3.0,0,Neg,NO,0.0,0,0
225,2016,No,60,Male,White,ADPKD,No,23.8,Yes,Living donor,65.50034223,,,Positive,,1,0,1,2,0,0.0,4,Simulect,Tac,MPA,Less than 6mo,64.0,84.0,No,No,No,No,No,No,No,No,No,,,No,5.9,Simulect,60 and above,Less than 24h,6.0,0,Neg,NO,0.0,0,0
226,2019,No,59,Male,White,Other,No,32.0,Yes,Living donor,54.98973306,,,Positive,,2,2,0,4,0,0.0,4,Simulect,Tac,MPA,Less than 6mo,54.0,63.0,No,No,No,No,No,No,No,No,No,,,No,2.7,Simulect,Less than 60,Less than 24h,5.9000001,0,Neg,NO,34.0,0,0
227,2016,No,67,Male,Asian,DKD,Yes,31.0,Yes,DCD,58.25598905,Negative,Negative,Positive,,1,1,1,3,0,0.0,11,Simulect,Tac,MPA,Less than 6mo,36.0,40.0,No,No,No,No,No,No,No,No,No,,,No,5.3,Simulect,60 and above,Less than 24h,6.6999998,0,Neg,NO,0.0,0,0
228,2015,No,62,Female,White,ADPKD,No,27.5,No,Living donor,56.16974675,Negative,,Positive,,1,1,1,3,0,0.0,3,Simulect,Tac,MPA,Less than 6mo,44.0,53.0,No,No,No,No,No,No,No,No,No,,,No,6.1,Simulect,60 and above,Less than 24h,6.1999998,0,Neg,NO,0.0,0,0
229,2017,No,58,Male,White,Other,No,21.6,No,DCD,65.34428474,Positive,Positive,Positive,Positive,1,1,0,2,0,0.0,7,Simulect,Tac,MPA,Less than 6mo,26.0,48.0,Yes,No,No,No,No,No,No,No,No,,,No,5.0,Simulect,Less than 60,Less than 24h,5.8000002,0,Neg,NO,0.0,0,0
230,2016,No,42,Male,White,Unknown,No,27.2,No,DBD,55.39219713,Negative,,Positive,,2,1,0,3,0,0.0,8,Simulect,Tac,MPA,Less than 6mo,38.0,43.0,No,No,No,No,No,No,No,No,No,,,No,5.8,Simulect,Less than 60,Less than 24h,4.1999998,0,Neg,NO,0.0,0,0
231,2014,No,51,Male,White,Other,No,23.1,No,Living donor,20.38877481,Negative,,Negative,,1,1,1,3,0,,3,Simulect,Tac,MPA,Less than 6mo,48.0,69.0,No,No,No,No,No,No,No,No,No,,,No,7.4,Simulect,Less than 60,Less than 24h,5.0999999,0,Neg,NO,20.0,0,0
232,2017,No,50,Male,White,ADPKD,No,29.2,Yes,DBD,60.1889117,Negative,Negative,Positive,,0,0,0,0,0,0.0,17,Simulect,Tac,Aza,More than 6mo,32.0,22.0,No,No,No,No,No,No,No,No,No,,,No,4.9,Simulect,Less than 60,Less than 24h,5.0,0,Neg,NO,34.0,0,0
233,2017,No,71,Female,White,ADPKD,No,25.0,No,DBD,55.42778919,Positive,Positive,Positive,Positive,0,0,0,0,0,1.0,15,Simulect,Tac,MPA,Less than 6mo,44.0,,Yes,No,No,No,No,No,No,No,No,,,No,4.4,Simulect,60 and above,Less than 24h,7.0999999,0,Neg,NO,88.0,0,0
234,2016,No,48,Female,Black,ADPKD,No,35.9,No,DCD,63.87132101,Positive,Positive,Positive,Positive,1,1,1,3,0,0.0,9,Simulect,Tac,MPA,More than 6mo,62.0,84.0,No,No,No,No,No,No,No,No,No,,,No,5.4,Simulect,Less than 60,Less than 24h,4.8000002,0,Neg,NO,0.0,0,0
235,2014,No,52,Female,White,GN,No,31.9,Yes,Living donor,58.84462697,Negative,,Positive,,2,1,2,5,0,,5,Simulect,Tac,MPA,More than 6mo,34.0,42.0,No,No,Yes,Yes,No,Yes,Yes,No,No,,,No,7.1,Simulect,Less than 60,Less than 24h,5.1999998,0,Neg,NO,0.0,0,0
236,2015,No,41,Male,Asian,Other,No,25.2,No,DCD,21.908282,Negative,,Positive,,1,1,1,3,0,0.0,18,Simulect,Tac,MPA,Less than 6mo,41.0,52.0,No,No,No,No,No,No,No,No,No,,,No,6.5,Simulect,Less than 60,Less than 24h,4.0999999,0,Neg,NO,0.0,0,0
237,2019,No,30,Female,Asian,Other,No,,Yes,Living donor,33.75770021,Positive,Positive,Negative,Positive,0,1,1,2,0,0.0,4,Simulect,Tac,Aza,,95.0,,No,No,No,,No,No,No,,No,,,No,3.0,Simulect,Less than 60,Less than 24h,3.0,0,Neg,NO,0.0,0,0
238,2014,No,77,Male,White,GN,No,28.4,Yes,Living donor,52.96372348,Positive,,Negative,,1,1,1,3,0,,4,Simulect,Tac,MPA,Less than 6mo,56.0,70.0,No,No,No,No,No,No,No,Yes,No,,,Yes,5.1,Simulect,60 and above,Less than 24h,7.6999998,0,Neg,NO,0.0,0,0
239,2014,No,29,Female,White,Other,No,22.3,No,Living donor,55.16221766,Positive,,Positive,,0,1,0,1,0,,3,Simulect,Tac,Aza,Less than 6mo,58.0,40.0,No,No,No,No,No,No,No,No,No,,,No,7.0,Simulect,Less than 60,Less than 24h,2.9000001,0,Neg,NO,0.0,0,0
240,2018,No,22,Male,White,DKD,Yes,30.9,No,DBD,34.4421629,Positive,Positive,Negative,Negative,1,1,0,2,0,0.0,35,Simulect,Tac,MPA,Less than 6mo,70.0,83.0,No,No,No,Yes,No,No,No,No,No,,,No,3.5,Simulect,Less than 60,more than 24h,2.2,0,Neg,NO,0.0,0,0
241,2018,No,33,Male,White,GN,No,24.9,No,DBD,30.37645448,Negative,Positive,Negative,,1,1,1,3,0,0.0,18,Simulect,Tac,MPA,Less than 6mo,68.0,94.0,No,No,No,No,No,No,No,No,No,,,No,3.8,Simulect,Less than 60,Less than 24h,3.3,0,Neg,NO,0.0,0,0
242,2015,No,41,Male,White,ADPKD,No,25.8,No,Living donor,43.69062286,Negative,,Positive,,2,2,2,6,0,0.0,3,Simulect,Tac,MPA,More than 6mo,48.0,70.0,No,No,No,No,No,No,No,No,No,,,No,6.6,Simulect,Less than 60,Less than 24h,4.0999999,0,Neg,NO,0.0,0,0
243,2017,No,59,Male,White,DKD,Yes,34.2,Yes,DCD,55.45516769,Negative,Positive,Positive,,1,1,0,2,0,0.0,13,Simulect,Tac,MPA,Less than 6mo,61.0,55.0,No,No,No,No,No,No,No,No,No,,,No,4.1,Simulect,Less than 60,Less than 24h,5.9000001,0,Neg,NO,0.0,0,0
244,2016,No,48,Male,White,GN,No,36.6,Yes,DBD,40.59958932,Positive,,Negative,,2,1,0,3,0,0.0,23,Simulect,Tac,MPA,More than 6mo,34.0,45.0,No,No,Yes,No,No,No,No,No,No,,,No,6.0,Simulect,Less than 60,Less than 24h,4.8000002,0,Neg,NO,0.0,0,0
245,2016,No,48,Male,White,ADPKD,No,,No,DBD,53.4017796,Negative,Positive,,,1,1,0,2,0,0.0,8,Simulect,,Aza,,23.0,32.0,No,No,No,,No,No,No,,No,Death with functioning graft.,,Yes,1.0,Simulect,Less than 60,Less than 24h,4.8000002,0,Neg,NO,0.0,0,0
246,2016,No,47,Female,Asian,Reflux/CPN,No,23.9,Yes,DCD,59.44147844,Positive,Positive,Positive,Positive,2,1,1,4,0,0.0,13,Simulect,Tac,MPA,Less than 6mo,38.0,40.0,No,No,No,No,No,No,No,No,No,,,No,5.1,Simulect,Less than 60,Less than 24h,4.6999998,0,Neg,NO,0.0,0,0
247,2016,No,66,Female,White,Other,No,27.0,Yes,DCD,27.6550308,Negative,Positive,Positive,,2,1,1,4,0,0.0,25,Simulect,Tac,MPA,Less than 6mo,25.0,44.0,No,No,No,No,No,No,No,Yes,No,,,No,6.1,Simulect,60 and above,more than 24h,6.5999999,0,Neg,NO,0.0,0,0
248,2019,No,73,Male,White,DKD,Yes,24.0,Yes,DBD,60.98015058,Positive,Positive,Positive,,1,0,0,1,0,0.0,13,Simulect,Tac,MPA,,36.0,,No,No,Yes,,No,No,No,,No,,,No,3.0,Simulect,60 and above,Less than 24h,7.3000002,0,Neg,NO,0.0,0,0
249,2015,No,23,Female,White,GN,No,36.1,No,DBD,51.96167009,Positive,,Negative,,2,1,0,3,0,0.0,12,Simulect,Tac,MPA,Less than 6mo,56.0,70.0,Yes,No,No,No,No,No,No,No,No,,,No,6.8,Simulect,Less than 60,Less than 24h,2.3,0,Neg,NO,0.0,0,0
250,2017,No,50,Male,White,Unknown,No,34.0,No,Living donor,57.40451745,Positive,,Negative,,1,1,1,3,0,0.0,4,Simulect,Tac,MPA,Less than 6mo,40.0,70.0,No,No,No,No,No,No,No,No,No,,,No,4.9,Simulect,Less than 60,Less than 24h,5.0,0,Neg,NO,28.0,0,0
251,2016,No,33,Female,White,Reflux/CPN,No,28.1,Yes,Living donor,27.03627652,Negative,Positive,Positive,Positive,1,1,1,3,0,0.0,4,Simulect,Tac,MPA,Less than 6mo,66.0,43.0,No,No,No,No,No,No,No,No,No,,,No,5.3,Simulect,Less than 60,Less than 24h,3.3,0,Neg,NO,0.0,0,0
252,2017,No,52,Male,White,ADPKD,Yes,21.0,No,DBD,40.6954141,Negative,Positive,Positive,,2,2,0,4,0,0.0,6,Simulect,Tac,MPA,Less than 6mo,45.0,82.0,No,No,No,No,No,No,No,No,No,,,No,5.0,Simulect,Less than 60,Less than 24h,5.1999998,0,Neg,NO,0.0,0,0
253,2015,No,55,Male,White,GN,No,28.0,No,Living donor,26.42847365,Positive,,Positive,,2,2,1,5,0,0.0,3,Simulect,Tac,MPA,More than 6mo,65.0,84.0,No,No,No,No,No,No,No,No,No,,,No,6.1,Simulect,Less than 60,Less than 24h,5.5,0,Neg,NO,0.0,0,0
254,2015,No,25,Male,White,GN,No,23.5,No,Living donor,43.91512663,Positive,,Positive,,2,1,0,3,0,0.0,4,Simulect,Tac,MPA,Less than 6mo,48.0,60.0,No,No,No,No,No,No,No,No,No,,,No,6.4,Simulect,Less than 60,Less than 24h,2.5,0,Neg,NO,24.0,0,0
255,2017,No,39,Male,White,DKD,Yes,28.0,No,DBD,56.26557153,Positive,Positive,Positive,Negative,2,1,0,3,0,0.0,18,Simulect,Tac,,,37.0,50.0,No,Yes,No,,No,No,No,,No,,,No,5.0,Simulect,Less than 60,Less than 24h,3.9000001,0,Neg,NO,0.0,0,0
256,2016,No,68,Male,White,ADPKD,No,31.4,Yes,Living donor,67.96167009,,,Positive,,0,1,2,3,0,0.0,4,Simulect,Tac,MPA,Less than 6mo,30.0,39.0,No,No,No,No,No,No,No,No,No,,,No,5.2,Simulect,60 and above,Less than 24h,6.8000002,0,Neg,NO,0.0,0,0
257,2018,No,71,Male,White,DKD,Yes,30.1,Yes,DBD,69.2183436,Negative,Positive,Negative,,1,1,0,2,0,0.0,20,Simulect,Tac,MPA,Less than 6mo,70.0,,No,No,No,No,No,No,No,No,No,,,No,4.33,Simulect,60 and above,Less than 24h,7.0999999,0,Neg,NO,0.0,0,0
258,2016,No,56,Male,White,ADPKD,No,23.2,Yes,DBD,64.94455852,Positive,Positive,Positive,Positive,2,1,0,3,0,0.0,11,Simulect,Tac,MPA,Less than 6mo,57.0,69.0,Yes,No,No,No,No,No,No,No,No,,,No,5.5,Simulect,Less than 60,Less than 24h,5.5999999,0,Neg,NO,40.0,0,0
259,2018,No,55,Male,White,Other,No,24.0,Yes,DBD,54.48049281,Positive,,Negative,,0,0,0,0,0,0.0,17,Simulect,Tac,,,28.0,33.0,No,No,Yes,,No,No,No,,No,,,No,4.0,Simulect,Less than 60,Less than 24h,5.5,0,Neg,NO,0.0,0,0
260,2017,No,55,Female,White,ADPKD,No,37.1,No,DCD,57.42368241,Positive,Positive,Positive,,0,1,1,2,0,1.0,15,Simulect,Tac,MPA,Less than 6mo,24.0,35.0,Yes,No,No,No,No,No,No,No,No,,,No,4.7,Simulect,Less than 60,Less than 24h,5.5,0,Neg,NO,85.0,0,0
261,2018,No,75,Male,White,Reflux/CPN,No,23.0,Yes,DBD,79.97535934,Negative,Positive,Positive,,2,1,0,3,0,0.0,13,Simulect,Tac,MPA,,14.0,28.0,No,No,No,,No,No,No,,No,,,No,4.0,Simulect,60 and above,Less than 24h,7.5,0,Neg,NO,0.0,0,0
262,2016,No,66,Male,White,Reflux/CPN,No,32.7,No,Living donor,64.07392197,,,Positive,,1,1,0,2,0,0.0,4,Simulect,Tac,MPA,Less than 6mo,35.0,47.0,No,No,No,No,No,No,No,No,No,,,No,5.7,Simulect,60 and above,Less than 24h,6.5999999,0,Neg,NO,0.0,0,0
263,2016,No,42,Male,White,GN,No,25.4,No,DBD,41.56057495,Negative,,Negative,,1,1,0,2,0,0.0,23,Simulect,Tac,,More than 6mo,36.0,48.0,No,No,Yes,No,No,No,No,No,No,,,No,5.0,Simulect,Less than 60,Less than 24h,4.1999998,0,Neg,NO,0.0,0,0
264,2018,No,69,Female,White,GN,No,26.3,No,DCD,74.51060917,Positive,Positive,Positive,,1,2,0,3,0,1.0,27,Simulect,Tac,Aza,Less than 6mo,28.0,30.0,No,No,No,No,No,No,No,No,No,,,No,3.2,Simulect,60 and above,more than 24h,6.9000001,0,Neg,NO,83.0,0,0
265,2019,No,59,Male,White,GN,No,35.0,No,DCD,63.29089665,Positive,Positive,Negative,,2,1,1,3,0,0.0,10,Simulect,Tac,MPA,,32.0,,No,No,No,No,No,No,No,No,No,,,No,1.0,Simulect,Less than 60,Less than 24h,5.9000001,0,Neg,NO,0.0,0,0
266,2018,No,31,Male,White,GN,No,28.0,Yes,DBD,6.05065024,Positive,Positive,Negative,,1,1,1,3,0,0.0,18,Simulect,Tac,MPA,Less than 6mo,30.0,57.0,Yes,No,No,No,No,No,No,No,No,,,No,3.0,Simulect,Less than 60,Less than 24h,3.0999999,0,Neg,NO,0.0,0,0
267,2018,Yes,21,Male,Asian,Unknown,No,19.0,No,DBD,0.336755647,Positive,Negative,Positive,Positive,1,2,1,4,0,0.0,15,Simulect,Tac,MPA,More than 6mo,90.0,,No,No,No,,No,No,No,,No,,,No,2.83,Simulect,Less than 60,Less than 24h,2.0999999,0,Neg,NO,0.0,0,0
268,2017,No,64,Female,White,DKD,Yes,26.6,No,DCD,67.3045859,Positive,Positive,Positive,Positive,1,0,1,2,0,0.0,31,Simulect,Tac,MPA,More than 6mo,15.0,19.0,Yes,No,Yes,No,No,No,No,No,No,,,Yes,2.8,Simulect,60 and above,more than 24h,6.4000001,0,Neg,NO,0.0,0,0
269,2019,No,59,Male,Asian,GN,Yes,27.8,No,DBD,74.72142368,Positive,Positive,Positive,,1,2,1,4,0,0.0,16,Simulect,Tac,MPA,Less than 6mo,46.0,29.0,Yes,No,Yes,No,No,No,No,No,No,,,Yes,1.1,Simulect,Less than 60,Less than 24h,5.9000001,0,Neg,NO,26.0,0,0
270,2019,No,59,Male,White,ADPKD,No,34.0,Yes,DCD,36.16427105,Positive,Positive,Positive,Positive,0,0,0,0,0,0.0,20,Simulect,Tac,MPA,,61.0,,No,No,No,,No,No,No,,No,,,No,2.0,Simulect,Less than 60,Less than 24h,5.9000001,0,Neg,NO,0.0,0,0
271,2019,No,49,Female,Asian,Other,No,21.0,No,DBD,36.06023272,Negative,Positive,Positive,Positive,1,1,1,3,0,1.0,11,Simulect,Tac,MPA,,39.0,41.0,,,,,,,,,No,,,No,1.0,Simulect,Less than 60,Less than 24h,4.9000001,0,Neg,NO,41.0,0,0
272,2016,Yes,45,Female,White,GN,No,32.0,Yes,DBD,62.25051335,Negative,Negative,Positive,,1,0,0,1,0,0.0,12,Simulect,Tac,MPA,,47.0,43.0,Yes,No,No,,No,No,No,,Yes,Rejection while taking immunosuppressive drug(s),1.0,No,3.0,Simulect,Less than 60,Less than 24h,4.5,0,Neg,NO,0.0,0,0
273,2016,No,39,Female,Asian,GN,No,21.0,No,Living donor,49.77412731,Positive,Positive,Positive,,1,0,1,2,0,0.0,7,Simulect,Tac,MPA,More than 6mo,44.0,60.0,No,No,Yes,No,No,No,No,No,No,,,No,5.2,Simulect,Less than 60,Less than 24h,3.9000001,0,Neg,NO,5.0,0,0
274,2019,No,72,Female,White,GN,No,30.0,No,DBD,71.19780972,Negative,,Positive,,1,1,1,3,0,0.0,8,Simulect,Tac,MPA,Less than 6mo,34.0,54.0,No,No,No,No,No,No,No,No,No,,,No,2.9,Simulect,60 and above,Less than 24h,7.1999998,0,Neg,NO,0.0,0,0
275,2017,No,42,Male,Asian,Unknown,No,21.0,No,DCD,52.34223135,Positive,Positive,Positive,Positive,1,1,0,2,0,0.0,17,Simulect,Tac,MPA,Less than 6mo,28.0,32.0,Yes,No,No,No,No,No,No,No,No,,,No,4.6,Simulect,Less than 60,Less than 24h,4.1999998,0,Neg,NO,0.0,0,0
276,2019,No,61,Female,White,Other,No,29.0,No,DBD,75.41136208,Negative,Positive,Negative,,2,1,0,3,0,0.0,20,Simulect,Tac,MPA,,27.0,,No,No,No,,No,No,No,,No,,,No,3.0,Simulect,60 and above,Less than 24h,6.0999999,0,Neg,NO,0.0,0,0
277,2019,No,45,Male,White,DKD,Yes,19.0,No,Living donor,51.01711157,Positive,Positive,Negative,Positive,1,1,1,3,0,0.0,3,Simulect,Tac,MPA,,64.0,51.0,No,No,No,,No,No,No,,No,,,No,3.0,Simulect,Less than 60,Less than 24h,4.5,0,Neg,NO,0.0,0,0
278,2018,No,57,Male,Asian,DKD,Yes,32.2,No,DBD,79.37850787,Positive,Positive,Positive,,1,2,0,3,0,0.0,17,Simulect,Tac,MPA,More than 6mo,26.0,29.0,No,No,Yes,No,No,No,No,No,No,,,No,3.9,Simulect,Less than 60,Less than 24h,5.6999998,0,Neg,NO,31.0,0,0
279,2016,No,27,Male,Asian,Unknown,No,24.2,No,Living donor,47.4715948,Positive,,Positive,,1,1,1,3,0,0.0,4,Simulect,Tac,MPA,Less than 6mo,69.0,91.0,No,No,No,No,No,No,No,No,No,,,No,5.5,Simulect,Less than 60,Less than 24h,2.7,0,Neg,NO,0.0,0,0
280,2017,No,46,Male,White,ADPKD,No,34.1,Yes,Living donor,39.26351814,Positive,,Positive,Positive,0,0,0,0,0,0.0,3,Simulect,Tac,MPA,Less than 6mo,48.0,46.0,No,No,No,No,No,No,No,No,No,,,No,4.2,Simulect,Less than 60,Less than 24h,4.5999999,0,Neg,NO,0.0,0,0
281,2018,No,56,Male,Asian,DKD,Yes,26.0,No,DBD,54.74880219,Positive,Positive,Positive,,2,1,0,3,0,0.0,12,Simulect,Tac,MPA,Less than 6mo,49.0,42.0,No,No,No,,No,No,No,,No,,,No,4.0,Simulect,Less than 60,Less than 24h,5.5999999,0,Neg,NO,0.0,0,0
282,2018,No,46,Male,Black,Unknown,No,29.0,No,DCD,25.21013005,Negative,Positive,,,1,1,1,3,0,0.0,10,Simulect,Tac,MPA,,41.0,45.0,No,No,No,No,No,No,No,No,No,,,No,3.0,Simulect,Less than 60,Less than 24h,4.5999999,0,Neg,NO,0.0,0,0
283,2017,No,35,Male,White,DKD,Yes,28.4,No,Living donor,31.34565366,Negative,Positive,Negative,Negative,1,1,1,3,0,0.0,4,Simulect,Tac,Aza,Less than 6mo,69.0,59.0,No,No,No,No,No,No,No,No,No,,,No,4.5,Simulect,Less than 60,Less than 24h,3.5,0,Neg,NO,0.0,0,0
284,2019,No,45,Male,Asian,DKD,Yes,36.0,No,Living donor,31.71252567,Positive,Positive,Positive,Positive,1,1,1,3,0,0.0,5,Simulect,Tac,MPA,,49.0,,No,No,No,,No,No,No,,No,,,No,3.0,Simulect,Less than 60,Less than 24h,4.5,0,Neg,NO,0.0,0,0
285,2019,No,61,Female,Asian,DKD,Yes,20.0,No,DBD,70.275154,Positive,Positive,Positive,Positive,1,1,1,3,0,0.0,18,Simulect,Tac,,,38.0,,No,No,Yes,,No,No,No,,No,,,No,3.0,Simulect,60 and above,Less than 24h,6.0999999,0,Neg,NO,30.0,0,0
286,2019,No,32,Male,Black,Other,No,,No,DBD,34.20670773,Positive,,Negative,,0,1,0,1,0,0.0,23,Simulect,Tac,MPA,,60.0,,Yes,No,No,,No,No,No,,No,,,No,3.0,Simulect,Less than 60,Less than 24h,3.2,0,Neg,NO,0.0,0,0
287,2019,No,40,Male,Asian,Other,No,36.0,No,DBD,51.35386721,Positive,Positive,Negative,Positive,2,1,1,4,0,0.0,23,Simulect,Tac,MPA,,43.0,,No,No,No,,No,No,No,,No,,,No,3.0,Simulect,Less than 60,Less than 24h,4.0,0,Neg,NO,0.0,0,0
288,2017,No,55,Male,White,DKD,Yes,31.6,No,DCD,68.69267625,Positive,Positive,Negative,Positive,1,2,0,3,0,0.0,13,Simulect,Tac,MPA,Less than 6mo,35.0,41.0,No,No,No,No,No,No,No,No,No,,,No,4.2,Simulect,Less than 60,Less than 24h,5.5,0,Neg,NO,0.0,0,0
289,2019,No,40,Female,Black,GN,No,27.0,Yes,DBD,63.90417522,Positive,Positive,Negative,Positive,1,2,0,3,0,0.0,22,Simulect,Tac,MPA,,49.0,,Yes,No,No,,No,No,No,,No,,,No,3.0,Simulect,Less than 60,Less than 24h,4.0,0,Neg,NO,0.0,0,0
290,2018,No,67,Male,White,Other,Yes,31.0,No,DCD,72.75564682,Positive,Positive,Positive,Positive,0,1,1,2,0,1.0,13,Simulect,Tac,,Less than 6mo,,,Yes,No,No,No,No,Yes,Yes,No,Yes,Rejection while taking immunosuppressive drug(s),1.0,No,0.044,Simulect,60 and above,Less than 24h,6.6999998,0,Neg,NO,43.0,0,0
291,2019,No,54,Female,White,Other,No,35.0,No,DCD,59.93702943,Positive,Positive,Negative,Positive,2,1,1,4,0,0.0,11,Simulect,Tac,MPA,More than 6mo,47.0,65.0,Yes,No,No,No,No,No,No,No,No,,,No,2.9,Simulect,Less than 60,Less than 24h,5.4000001,0,Neg,NO,0.0,0,0
292,2017,No,29,Male,Other,GN,No,22.5,Yes,DBD,53.47296372,Negative,Positive,Positive,,1,1,0,2,0,0.0,11,Simulect,Tac,MPA,Less than 6mo,63.0,55.0,Yes,No,No,No,No,No,No,No,No,,,No,4.2,Simulect,Less than 60,Less than 24h,2.9000001,0,Neg,NO,0.0,0,0
293,2019,No,69,Male,White,DKD,Yes,30.0,Yes,DCD,44.0,Negative,Positive,Positive,Positive,2,1,0,3,0,0.0,12,Simulect,Tac,MPA,,87.0,60.0,No,No,No,,No,No,No,,No,,,No,3.0,Simulect,60 and above,Less than 24h,6.9000001,0,Neg,NO,0.0,0,0
294,2019,No,56,Male,Asian,DKD,Yes,29.0,Yes,DCD,39.46885695,Positive,Positive,Positive,Positive,2,1,1,4,0,0.0,16,Simulect,Tac,MPA,Less than 6mo,70.0,,No,No,No,,No,No,No,,No,,,No,3.0,Simulect,Less than 60,Less than 24h,5.5999999,0,Neg,NO,0.0,0,0
295,2018,No,30,Male,White,Unknown,No,20.8,Yes,Living donor,24.09308693,Negative,,Negative,Negative,1,1,1,3,0,0.0,4,Simulect,Tac,MPA,Less than 6mo,52.0,61.0,No,No,No,No,No,No,No,No,No,,,No,3.8,Simulect,Less than 60,Less than 24h,3.0,0,Neg,NO,0.0,0,0
296,2019,No,62,Male,White,DKD,Yes,29.0,Yes,DCD,46.33812457,Positive,Positive,Negative,Positive,1,2,1,4,0,0.0,20,Simulect,Tac,MPA,,33.0,40.0,No,No,No,,No,No,No,,No,,,No,3.0,Simulect,60 and above,Less than 24h,6.1999998,0,Neg,NO,0.0,0,0
297,2019,No,63,Female,White,DKD,Yes,28.0,No,DBD,40.19164956,Positive,Positive,Positive,Positive,2,1,1,4,0,0.0,9,Simulect,Tac,MPA,Less than 6mo,28.0,,Yes,No,No,No,No,No,No,No,No,,,No,2.5,Simulect,60 and above,Less than 24h,6.3000002,0,Neg,NO,0.0,0,0
298,2019,No,19,Female,White,GN,No,19.0,No,DBD,29.14442163,Negative,Positive,Negative,,1,0,1,2,0,0.0,15,Simulect,Tac,MPA,,77.0,,No,No,No,,No,No,No,,No,,,No,3.0,Simulect,Less than 60,Less than 24h,1.9,0,Neg,NO,0.0,0,0
299,2019,No,36,Female,White,Other,No,20.0,No,DBD,52.61601643,Negative,Positive,Positive,,1,1,0,2,0,0.0,21,Simulect,Tac,MPA,Less than 6mo,38.0,,No,No,Yes,No,No,No,No,No,No,,,No,2.9,Simulect,Less than 60,Less than 24h,3.5999999,0,Neg,NO,6.0,0,0
300,2016,No,40,Male,White,GN,No,27.0,No,DCD,57.15811088,Positive,Positive,Negative,,0,0,0,0,0,0.0,22,Simulect,Tac,MPA,,39.0,32.0,Yes,No,No,No,No,No,No,,No,,,No,6.0,Simulect,Less than 60,Less than 24h,4.0,0,Neg,NO,0.0,0,0
301,2014,No,57,Female,White,Reflux/CPN,No,,Yes,Living donor,55.75085558,Negative,,Negative,,1,2,1,5,0,,6,Simulect,Tac,MPA,More than 6mo,21.0,40.0,No,No,No,Yes,No,No,No,No,No,,,No,7.1,Simulect,Less than 60,Less than 24h,5.6999998,0,Neg,Yes,54.0,1,0
302,2014,Yes,24,Female,White,GN,No,35.0,No,DBD,25.04859685,Positive,,Negative,,0,0,0,0,0,,7,Simulect,Tac,MPA,More than 6mo,59.0,62.0,No,No,No,No,No,No,No,No,Yes,Rejection while taking immunosuppressive drug(s),1.0,No,2.2,Simulect,Less than 60,Less than 24h,2.4000001,0,Neg,Yes,73.0,1,0
303,2015,No,60,Male,White,ADPKD,No,25.9,No,DCD,56.15058179,Positive,,Negative,,0,1,1,2,0,0.0,15,Simulect,Tac,MPA,Less than 6mo,28.0,35.0,No,No,Yes,No,No,No,No,No,No,,,No,6.1,Simulect,60 and above,Less than 24h,6.0,0,Neg,Yes,0.0,1,0
304,2016,No,27,Male,White,Other,No,26.8,Yes,Living donor,59.33196441,Negative,,Negative,,0,1,1,2,0,0.0,4,Simulect,other,Aza,Less than 6mo,24.0,46.0,No,No,No,No,No,No,No,No,No,,,No,5.9,Simulect,Less than 60,Less than 24h,2.7,0,Neg,Yes,0.0,1,0
305,2015,No,18,Female,Asian,Other,No,25.9,Yes,DBD,15.45516769,Negative,,Positive,,2,1,1,4,0,0.0,9,Simulect,Tac,MPA,Less than 6mo,94.0,104.0,No,No,Yes,No,No,No,No,No,No,,,No,6.9,Simulect,Less than 60,Less than 24h,1.8,0,Neg,Yes,0.0,1,0
306,2014,No,30,Male,Asian,Other,No,21.8,No,DBD,33.38261465,Negative,,Negative,,1,1,1,3,0,,10,Simulect,Tac,MPA,Less than 6mo,87.0,98.0,No,No,No,No,No,No,No,No,No,,,No,7.3,Simulect,Less than 60,Less than 24h,3.0,0,Neg,Yes,0.0,1,0
307,2018,No,45,Female,Black,Reflux/CPN,No,25.9,No,DBD,29.49760438,Negative,Positive,Positive,,0,0,0,0,0,1.0,15,Simulect,Tac,MPA,More than 6mo,57.0,77.0,No,No,Yes,Yes,No,No,No,No,No,,,No,3.8,Simulect,Less than 60,Less than 24h,4.5,0,Neg,Yes,97.0,1,0
308,2016,No,47,Male,Black,ADPKD,No,29.6,No,DBD,32.45448323,Positive,Positive,Negative,,1,1,1,3,0,0.0,23,Simulect,Cyc,MPA,More than 6mo,53.0,57.0,Yes,No,No,No,No,No,No,No,No,,,No,5.1,Simulect,Less than 60,Less than 24h,4.6999998,0,Neg,Yes,0.0,1,0
309,2014,No,50,Male,White,ADPKD,No,30.6,Yes,DBD,55.31827515,Positive,,Positive,,1,1,0,2,0,,7,Simulect,Tac,MPA,Less than 6mo,36.0,43.0,No,No,No,Yes,No,No,No,No,Yes,Rejection while taking immunosuppressive drug(s),1.0,No,6.0,Simulect,Less than 60,Less than 24h,5.0,0,Neg,Yes,0.0,1,0
310,2018,No,30,Female,Asian,GN,No,31.3,Yes,DBD,53.83162218,Negative,Positive,Positive,Positive,2,1,1,4,0,0.0,18,Simulect,Tac,MPA,Less than 6mo,94.0,,No,No,No,Yes,No,No,No,No,No,,,No,2.3,Simulect,Less than 60,Less than 24h,3.0,0,Neg,Yes,33.0,1,0
311,2017,No,34,Male,White,Unknown,No,30.0,Yes,DBD,50.00136893,Positive,Positive,Positive,,2,1,1,4,0,1.0,29,Simulect,Tac,MPA,Less than 6mo,33.0,10.0,No,No,No,Yes,No,No,No,No,Yes,Rejection while taking immunosuppressive drug(s),1.0,No,1.2,Simulect,Less than 60,more than 24h,3.4000001,0,Neg,Yes,42.0,1,0
312,2017,No,42,Female,Asian,Reflux/CPN,No,28.9,No,DBD,22.46954141,Positive,,,,0,1,1,2,0,1.0,21,Simulect,Tac,MPA,Less than 6mo,91.0,71.0,No,No,No,No,No,No,No,No,No,,,No,4.1,Simulect,Less than 60,Less than 24h,4.1999998,0,Neg,Yes,99.0,1,0
313,2015,No,35,Female,Black,Other,No,23.9,No,Living donor,51.9890486,Positive,,,,1,1,2,4,0,0.0,5,Simulect,Tac,MPA,More than 6mo,79.0,56.0,No,Yes,No,Yes,No,No,No,No,No,,,No,5.6,Simulect,Less than 60,Less than 24h,3.5,0,Neg,Yes,39.0,1,0
314,2015,No,20,Female,White,Other,No,30.3,No,Living donor,43.71800137,Positive,,Positive,,1,1,1,3,0,1.0,4,Simulect,Tac,MPA,More than 6mo,76.0,,No,No,No,Yes,No,No,No,No,Yes,Rejection while taking immunosuppressive drugs,1.0,No,1.2,Simulect,Less than 60,Less than 24h,2.0,0,Neg,Yes,58.0,1,0
315,2017,No,50,Male,White,GN,No,26.0,No,DBD,65.57152635,Positive,Positive,Negative,,2,1,1,4,0,0.0,21,Simulect,Tac,MPA,,32.0,34.0,No,No,No,,No,Yes,Yes,,No,,,No,4.0,Simulect,Less than 60,Less than 24h,5.0,0,Neg,Yes,0.0,1,0
316,2019,No,42,Female,White,GN,No,33.0,No,DBD,62.33538672,Positive,Positive,Negative,Positive,1,2,1,4,0,1.0,19,Simulect,Tac,MPA,,41.0,,No,No,No,,Yes,No,Yes,,No,,,No,3.0,Simulect,Less than 60,Less than 24h,4.1999998,0,Neg,Yes,95.0,1,0
317,2017,No,52,Male,Asian,DKD,Yes,33.0,No,DBD,52.3449692,Positive,Positive,Positive,Positive,1,1,1,3,0,0.0,14,Simulect,Tac,MPA,,81.0,92.0,No,No,No,,No,No,No,,Yes,Rejection while taking immunosuppressive drugs,1.0,No,4.0,Simulect,Less than 60,Less than 24h,5.1999998,0,Neg,Yes,0.0,1,0
318,2019,No,64,Male,Asian,DKD,Yes,35.0,Yes,DCD,55.70157426,Positive,Positive,Negative,Positive,2,1,0,3,0,0.0,15,Simulect,Tac,MPA,,48.0,,No,No,No,,No,No,No,,No,,,No,3.0,Simulect,60 and above,Less than 24h,6.4000001,0,Neg,Yes,0.0,1,0
319,2018,No,38,Male,White,DKD,Yes,28.3,No,Living donor,37.48665298,Positive,Positive,Positive,Positive,2,2,2,6,0,0.0,4,Simulect,Tac,MPA,More than 6mo,38.0,42.0,No,No,Yes,Yes,No,No,No,No,No,,,No,3.9,Simulect,Less than 60,Less than 24h,3.8,0,Neg,Yes,0.0,1,0
320,2019,No,47,Male,Asian,Reflux/CPN,No,24.0,Yes,Living donor,28.79397673,Positive,Positive,Positive,Positive,2,2,2,6,0,0.0,5,Simulect,Tac,MPA,,54.0,,No,No,No,,No,No,No,,No,,,No,3.0,Simulect,Less than 60,Less than 24h,4.6999998,0,Neg,Yes,0.0,1,0
324,2016,Yes,55,Female,White,Reflux/CPN,No,17.36,No,DBD,,Negative,Negative,Positive,Positive,1,0,0,1,0,,16,Campath,Tac,MPA,Less than 6mo,46.0,43.0,No,No,No,No,No,No,No,No,No,,,No,5.333333333,Campath,Less than 60,more than 24h,5.5,1,Neg,NO ,98.0,0,0
326,2015,No,40,Female,White,Reflux/CPN,No,30.6,Yes,DCD,,Positive,Positive,Negative,Positive,2,2,0,4,0,0.0,13,Campath,Tac,MPA,Less than 6mo,27.0,46.0,No,No,No,No,No,No,No,No,No,,,No,6.416666667,Campath,Less than 60,Less than 24h,4.0,1,Neg,NO ,0.0,0,0
327,2015,Yes,42,Female,White,DKD,No,28.3,No,Living donor,,Negative,,Positive,,0,0,0,0,0,,1,Campath,Tac,MPA,Less than 6mo,76.0,70.0,No,No,No,No,No,No,No,No,No,,,No,6.833333333,Campath,Less than 60,more than 24h,4.1999998,1,Neg,NO ,96.0,0,0
328,2015,No,63,Female,White,Other,No,30.5,No,Living donor,,Positive,Positive,Positive,Positive,2,1,1,4,0,0.0,7,Campath,Tac,MPA,Less than 6mo,25.0,33.0,No,No,No,No,No,No,No,No,Yes,cai,,No,4.5,Campath,60 and above,Less than 24h,6.3000002,1,Neg,Yes,37.0,1,0
330,2016,No,38,Female,White,GN,No,25.5,No,Living donor,39.0,Negative,Positive,Positive,Positive,1,1,1,3,0,,4,Campath,Tac,MPA,Less than 6mo,54.0,55.0,No,No,No,No,No,No,No,No,No,,,No,5.666666667,Campath,Less than 60,Less than 24h,3.8,1,Neg,NO ,7.0,0,0
331,2017,No,59,Female,White,DKD,No,24.43,No,DCD,59.0,Positive,Positive,Positive,Positive,1,1,0,2,0,,14,Campath,Tac,MPA,Less than 6mo,29.0,33.0,Yes,No,Yes,No,No,No,No,No,No,,,No,4.833333333,Campath,Less than 60,Less than 24h,5.9000001,1,Neg,NO ,21.0,0,0
332,2017,Yes,54,Male,White,Reflux/CPN,No,24.46,No,DBD,51.0,Negative,Positive,Positive,Positive,1,1,0,2,0,,14,Campath,Tac,MPA,Less than 6mo,52.0,49.0,Yes,No,No,No,No,No,No,No,No,,,No,4.083333333,Campath,Less than 60,Less than 24h,5.4000001,1,Neg,NO ,0.0,0,0
333,2017,Yes,55,Female,White,Reflux/CPN,No,34.47,No,Living donor,,Negative,Positive,Positive,Positive,0,0,0,0,0,,4,Campath,Tac,MPA,Less than 6mo,61.0,63.0,Yes,No,No,No,No,No,No,7,No,,,No,4.5,Campath,Less than 60,Less than 24h,5.5,1,Neg,NO ,0.0,0,0
335,2017,No,62,Female,White,GN,No,25.03,No,DCD,,Positive,Positive,Positive,Positive,2,1,1,4,0,,14,Campath,Tac,MPA,Less than 6mo,37.0,29.0,Yes,No,Yes,No,No,No,No,No,No,,,No,4.166666667,Campath,60 and above,Less than 24h,6.1999998,1,Neg,NO ,0.0,0,0
336,2017,No,67,Male,White,Other,No,30.47,No,Living donor,65.0,Positive,Positive,Positive,Positive,1,1,2,4,0,,15,Campath,Tac,MPA,Less than 6mo,50.0,49.0,No,No,No,No,No,No,No,No,No,,,No,4.916666667,Campath,60 and above,Less than 24h,6.6999998,1,Neg,NO ,0.0,0,0
337,2016,No,48,Female,White,ADPKD,No,35.26,No,DCD,,Negative,Negative,Negative,Positive,1,1,1,3,0,,18,Campath,Tac,MPA,Less than 6mo,26.0,43.0,No,Yes,No,No,No,No,No,No,No,,,No,5.666666667,Campath,Less than 60,Less than 24h,4.8000002,1,Neg,NO ,71.0,0,0
338,2015,No,51,Female,White,ADPKD,No,21.0,Yes,Living donor,,Negative,,Negative,Positive,2,1,1,4,0,0.0,6,Campath,Tac,MPA,Less than 6mo,35.0,32.0,Yes,No,No,Yes,No,No,No,No,No,,,No,6.083333333,Campath,Less than 60,Less than 24h,5.0999999,1,Neg,NO ,94.0,0,0
340,2015,No,55,Female,White,ADPKD,No,28.6,No,DCD,,Negative,Positive,Positive,Positive,1,1,1,3,0,0.0,14,Campath,Tac,MPA,Less than 6mo,61.0,78.0,No,No,No,No,No,No,No,No,No,,,No,6.416666667,Campath,Less than 60,Less than 24h,5.5,1,Neg,NO ,9.0,0,0
344,2016,No,41,Male,White,GN,No,22.66,No,DCD,,Positive,Positive,Negative,Positive,1,1,1,3,0,,23,Campath,Tac,MPA,Less than 6mo,17.0,12.0,Yes,No,Yes,No,No,No,No,4,Yes,unknown,3.0,No,1.5,Campath,Less than 60,more than 24h,4.0999999,1,Neg,Yes,59.0,1,0
345,2016,No,58,Female,White,ADPKD,No,31.48,No,DCD,,Negative,Negative,Negative,Positive,2,1,0,3,0,,11,Campath,Tac,MPA,Less than 6mo,47.0,53.0,No,No,No,No,No,No,No,No,No,,,No,5.416666667,Campath,Less than 60,more than 24h,5.8000002,1,Neg,NO ,0.0,0,0
346,2015,Yes,45,Male,White,Other,Yes,31.0,Yes,Living donor,48.0,Positive,,Positive,,1,1,1,3,0,,4,Campath,Tac,MPA,Less than 6mo,48.0,,No,No,No,No,No,No,No,No,No,,,No,6.25,Campath,Less than 60,Less than 24h,4.5,1,Neg,Yes,90.0,1,0
348,2015,Yes,27,Female,White,Reflux/CPN,No,23.0,No,Living donor,,Negative,Positive,Positive,Positive,1,1,1,3,0,1.0,4,Campath,Tac,MPA,Less than 6mo,42.0,52.0,No,No,No,No,No,No,No,No,No,,,No,6.416666667,Campath,Less than 60,Less than 24h,2.7,1,Neg,NO ,99.0,0,0
351,2017,No,53,Male,White,GN,No,27.07,Yes,Living donor,,Negative,Positive,Negative,Positive,0,2,1,3,0,,4,Campath,Tac,MPA,Less than 6mo,64.0,69.0,No,No,No,No,No,No,No,No,No,,,No,4.75,Campath,Less than 60,more than 24h,5.3000002,1,Neg,Yes,37.0,1,0
352,2017,No,68,Male,White,GN,No,25.79,No,DCD,59.0,Positive,Positive,Negative,Positive,1,1,1,3,0,,9,Campath,Tac,MPA,Less than 6mo,28.0,33.0,Yes,Yes,No,No,No,No,No,5,No,,,Yes,4.083333333,Campath,60 and above,Less than 24h,6.8000002,1,Neg,NO ,0.0,0,0
356,2016,No,40,Female,White,Reflux/CPN,No,21.36,No,Living donor,68.0,Negative,Positive,Negative,Positive,1,1,2,4,0,,12,Campath,Tac,MPA,Less than 6mo,34.0,25.0,No,No,No,No,No,No,No,No,No,,,No,5.166666667,Campath,Less than 60,Less than 24h,4.0,1,Neg,NO ,83.0,0,0
357,2015,No,49,Female,White,Other,No,24.8,Yes,DCD,,Negative,Positive,Negative,Positive,2,1,1,4,0,0.0,12,Campath,Tac,MPA,Less than 6mo,49.0,47.0,No,No,No,No,No,No,No,No,Yes,,,No,6.0,Campath,Less than 60,Less than 24h,4.9000001,1,Neg,NO ,0.0,0,0
358,2017,No,51,Male,White,GN,No,30.72,No,DCD,,Negative,Positive,Positive,Positive,2,1,1,4,0,,19,Campath,Tac,MPA,Less than 6mo,32.0,47.0,No,Yes,Yes,No,No,No,No,No,No,,,No,4.833333333,Campath,Less than 60,Less than 24h,5.0999999,1,Neg,NO ,0.0,0,0
359,2017,No,70,Male,White,Other,No,25.4,No,DCD,72.0,Negative,Positive,Negative,Positive,1,1,1,3,0,,12,Campath,Tac,MPA,Less than 6mo,59.0,67.0,No,No,No,No,No,No,No,No,No,,,No,4.833333333,Campath,60 and above,Less than 24h,7.0,1,Neg,NO ,0.0,0,0
363,2015,No,58,Male,Asian,Other,No,22.0,No,DCD,,Negative,Positive,Positive,Positive,1,1,1,3,0,0.0,11,Campath,Tac,MPA,Less than 6mo,70.0,79.0,No,No,No,No,No,No,No,No,No,,,No,6.083333333,Campath,Less than 60,Less than 24h,5.8000002,1,Neg,NO,0.0,0,0
366,2015,No,50,Female,White,DKD,No,33.9,No,Living donor,53.0,Positive,Positive,Positive,Positive,1,2,1,4,0,0.0,4,Campath,Tac,MPA,Less than 6mo,51.0,54.0,No,No,No,No,No,No,No,No,No,,,Yes,4.916666667,Campath,Less than 60,Less than 24h,5.0,1,Neg,Yes,58.0,1,0
367,2016,No,49,Female,White,Reflux/CPN,No,27.55,No,DBD,,Positive,Negative,Positive,Positive,0,0,0,0,0,,11,Campath,Tac,MPA,Less than 6mo,50.0,48.0,Yes,No,No,No,No,No,No,No,No,,,No,5.916666667,Campath,Less than 60,more than 24h,4.9000001,1,Pos,NO ,62.0,1,0
368,2017,Yes,57,Male,White,Other,No,29.07,No,DCD,28.0,Negative,Positive,Positive,Positive,2,1,0,3,0,,14,Campath,Tac,MPA,Less than 6mo,68.0,66.0,No,No,No,No,No,No,No,No,No,,,No,4.5,Campath,Less than 60,Less than 24h,5.6999998,1,Neg,NO ,0.0,0,0
369,2017,No,30,Female,White,GN,No,27.9,No,Living donor,31.0,Positive,Positive,Positive,Positive,0,1,1,2,0,,5,Campath,Tac,MPA,Less than 6mo,38.0,73.0,No,No,No,No,No,No,No,No,No,,,No,4.333333333,Campath,Less than 60,Less than 24h,3.0,1,Neg,NO ,97.0,0,0
370,2015,No,50,Female,White,GN,No,23.3,No,Living donor,29.0,Positive,Positive,Positive,Positive,1,1,1,3,0,1.0,3,Campath,Tac,MPA,Less than 6mo,41.0,51.0,No,No,Yes,No,No,No,No,No,No,,,No,5.916666667,Campath,Less than 60,Less than 24h,5.0,1,Pos,Yes,95.0,1,0
371,2017,No,31,Female,White,GN,Yes,28.87,No,DBD,,Negative,Positive,Negative,Positive,0,0,0,0,0,,17,Campath,Tac,MPA,Less than 6mo,14.0,,Yes,No,No,Yes,No,Yes,Yes,No,Yes,ptgn,3.0,No,0.666666667,Campath,Less than 60,Less than 24h,3.0999999,1,Neg,NO ,98.0,0,0
372,2017,Yes,68,Male,White,DKD,No,26.98,No,DCD,,Positive,Positive,Negative,Positive,1,0,1,2,0,,13,Campath,Tac,MPA,Less than 6mo,17.0,19.0,No,No,No,No,No,No,No,No,No,,,No,4.583333333,Campath,60 and above,Less than 24h,6.8000002,1,Neg,NO,0.0,0,0
373,2015,No,70,Female,White,Reflux/CPN,No,30.85,No,DCD,,Positive,Positive,Negative,Positive,2,1,1,4,0,,17,Campath,Tac,MPA,Less than 6mo,36.0,38.0,No,No,No,No,No,No,No,No,No,,,No,6.833333333,Campath,60 and above,more than 24h,7.0,1,Neg,NO ,21.0,0,0
375,2016,Yes,54,Male,White,ADPKD,No,25.28,No,DCD,,Negative,Positive,Negative,Positive,1,1,0,2,0,,8,Campath,Tac,MPA,Less than 6mo,35.0,38.0,No,No,No,No,No,No,No,No,No,,,No,5.333333333,Campath,Less than 60,more than 24h,5.4000001,1,Neg,NO ,0.0,0,0
376,2016,No,72,Male,White,Unknown,No,29.15,No,DCD,,Positive,Positive,Negative,Positive,2,2,0,4,0,,14,Campath,Tac,MPA,Less than 6mo,64.0,74.0,Yes,No,Yes,No,No,No,No,Yes,No,,,No,5.583333333,Campath,60 and above,more than 24h,7.1999998,1,Neg,NO ,0.0,0,0
377,2015,No,34,Female,White,GN,No,27.59,No,DBD,,,,,,1,1,0,2,0,,16,Campath,Tac,MPA,Less than 6mo,37.0,,Yes,No,No,Yes,No,No,No,No,Yes,other,3.0,No,0.666666667,Campath,Less than 60,more than 24h,3.4000001,1,Neg,NO ,94.0,0,0
378,2016,No,49,Male,White,GN,Yes,29.3,No,DCD,,Negative,Positive,Positive,Positive,0,0,0,0,0,0.0,27,Campath,Tac,MPA,Less than 6mo,43.0,50.0,No,No,No,No,No,No,No,No,No,,,No,5.666666667,Campath,Less than 60,more than 24h,4.9000001,1,Neg,NO ,97.0,0,0
380,2017,Yes,44,Female,White,DKD,No,34.0,Yes,Living donor,45.0,Negative,Positive,Negative,Positive,2,1,0,3,0,,6,Campath,Tac,MPA,Less than 6mo,55.0,54.0,No,No,No,No,No,No,No,No,No,,,No,4.75,Campath,Less than 60,Less than 24h,4.4000001,1,Neg,Yes,29.0,1,0
381,2016,No,56,Male,White,Other,No,21.57,No,DCD,51.0,Negative,Positive,Positive,Positive,2,1,1,4,0,,14,Campath,Tac,MPA,Less than 6mo,33.0,34.0,No,No,No,No,No,No,No,No,No,,,No,5.0,Campath,Less than 60,Less than 24h,5.5999999,1,Neg,NO ,2.0,0,0
382,2014,No,48,Female,Other,GN,No,25.4,Yes,Living donor,25.0,Positive,Positive,Positive,Positive,1,1,1,3,0,0.0,4,Campath,Tac,MPA,Less than 6mo,71.0,71.0,No,No,No,No,No,No,No,No,No,,,No,6.916666667,Campath,Less than 60,Less than 24h,4.8000002,1,Neg,Yes,1.0,1,0
383,2015,No,31,Male,White,Unknown,No,,No,DCD,,Negative,Positive,Positive,Positive,1,1,1,3,0,,26,Campath,Tac,MPA,Less than 6mo,72.0,72.0,No,No,No,No,No,No,No,No,No,,,No,6.5,Campath,Less than 60,more than 24h,3.0999999,1,Pos,Yes,97.0,1,0
385,2018,No,50,Female,White,DKD,,29.3,No,DBD,70.0,Positive,Positive,Positive,Positive,2,2,0,4,0,,18,Campath,Tac,MPA,Less than 6mo,17.0,29.0,No,No,No,No,No,No,No,No,No,,,No,0.0,Campath,Less than 60,Less than 24h,5.0,1,Neg,NO,88.0,0,0
386,2017,No,31,Male,Black,GN,No,35.56,No,DBD,29.0,Negative,Positive,Positive,Positive,2,1,1,4,0,,11,Campath,Tac,MPA,Less than 6mo,60.0,59.0,No,No,Yes,No,No,No,No,No,No,,,No,4.916666667,Campath,Less than 60,Less than 24h,3.0999999,1,Neg,,0.0,0,0
387,2015,No,47,Male,White,Other,No,29.0,No,Living donor,40.0,Negative,Positive,Positive,Positive,2,1,1,4,0,0.0,5,Campath,Tac,MPA,Less than 6mo,31.0,47.0,No,No,Yes,Yes,No,No,No,No,No,,,No,6.333333333,Campath,Less than 60,Less than 24h,4.6999998,1,Neg,NO,10.0,0,0
389,2016,No,57,Male,White,Other,No,33.22,No,Living donor,,Positive,Positive,Negative,Positive,2,2,2,6,0,,4,Campath,Tac,MPA,Less than 6mo,42.0,41.0,No,No,No,No,Yes,No,Yes,No,Yes,ptgn,3.0,No,4.833333333,Campath,Less than 60,more than 24h,5.6999998,1,Neg,NO,0.0,0,0
390,2017,Yes,51,Male,White,DKD,No,30.45,No,DBD,71.0,Positive,Positive,Negative,Positive,1,0,0,1,0,,13,Campath,Tac,MPA,Less than 6mo,51.0,62.0,Yes,No,No,No,No,No,No,No,No,,,No,4.833333333,Campath,Less than 60,Less than 24h,5.0999999,1,Neg,NO,19.0,0,0
391,2016,No,25,Female,White,Other,Yes,22.77,No,Living donor,,Negative,Positive,Positive,Positive,1,1,0,2,0,,9,Campath,Tac,MPA,Less than 6mo,50.0,28.0,No,No,No,No,No,No,No,No,No,,,No,5.083333333,Campath,Less than 60,more than 24h,2.5,1,Neg,NO,99.0,0,0
393,2017,No,61,Male,White,DKD,No,21.39,No,DCD,45.0,Positive,Positive,Positive,Positive,1,1,0,2,0,,5,Campath,Tac,MPA,Less than 6mo,53.0,73.0,No,No,No,No,No,No,No,No,No,,,No,4.083333333,Campath,60 and above,Less than 24h,6.0999999,1,Neg,NO,0.0,0,0
395,2016,,50,Male,White,Other,No,37.35,No,DBD,,Positive,Positive,Positive,Positive,1,1,0,2,0,,13,Campath,Tac,MPA,Less than 6mo,44.0,42.0,No,No,No,Yes,No,No,No,No,No,,,No,5.916666667,Campath,Less than 60,more than 24h,5.0,1,Neg,NO,32.0,0,0
396,2014,No,28,Female,White,DKD,Yes,23.7,No,Living donor,56.0,Positive,Positive,Negative,Positive,1,1,0,2,0,1.0,4,Campath,Tac,MPA,Less than 6mo,67.0,22.0,No,No,No,No,No,No,No,No,No,CVD,,Yes,6.416666667,Campath,Less than 60,Less than 24h,2.8,1,Pos,NO,54.0,1,0
399,2014,No,24,Male,White,Reflux/CPN,No,21.7,Yes,Living donor,56.0,Negative,Positive,Negative,Positive,1,1,1,3,1,0.0,3,Campath,Tac,MPA,Less than 6mo,46.0,59.0,No,No,Yes,Yes,No,No,No,No,No,,,No,7.5,Campath,Less than 60,Less than 24h,2.4000001,1,Neg,NO,0.0,1,0
400,2015,No,60,Female,White,GN,No,33.6,No,Living donor,33.0,Positive,Positive,Positive,Positive,1,1,1,3,0,0.0,4,Campath,Tac,MPA,Less than 6mo,57.0,15.0,No,No,No,No,No,Yes,Yes,No,Yes,RGN,,No,2.0,Campath,60 and above,Less than 24h,6.0,1,Neg,NO,1.0,0,0
401,2015,No,56,Female,White,GN,Yes,20.53,No,DCD,,Positive,,Negative,,2,1,1,4,0,,13,Campath,Tac,MPA,Less than 6mo,35.0,27.0,No,No,Yes,No,No,No,No,No,No,,,Yes,1.833333333,Campath,Less than 60,more than 24h,5.5999999,1,Neg,NO,0.0,0,0
402,2015,No,55,Male,White,GN,No,27.4,No,Living donor,,Positive,,Negative,Positive,2,2,2,6,0,,5,Campath,Tac,MPA,Less than 6mo,31.0,37.0,No,No,No,No,No,No,No,No,No,,,No,6.083333333,Campath,Less than 60,more than 24h,5.5,1,Neg,NO,0.0,0,0
403,2018,No,58,Female,White,ADPKD,No,22.3,No,Living donor,,Negative,Positive,Negative,Positive,1,0,1,2,0,1.0,8,Campath,Tac,Aza,Less than 6mo,37.0,54.0,No,No,No,No,No,No,No,No,No,,,No,3.75,Campath,Less than 60,Less than 24h,5.8000002,1,Neg,NO,99.0,0,0
405,2017,No,57,Male,White,ADPKD,No,24.22,No,Living donor,,Negative,Positive,Positive,Positive,1,2,2,4,0,,7,Campath,Tac,MPA,Less than 6mo,57.0,63.0,No,No,No,No,No,No,No,No,No,,,No,4.833333333,Campath,Less than 60,Less than 24h,5.6999998,1,Neg,NO,0.0,0,0
408,2017,No,79,Male,White,Other,No,26.4,No,DCD,57.0,Negative,Positive,Negative,Positive,0,0,0,0,0,,12,Campath,Tac,MPA,Less than 6mo,15.0,10.0,No,No,No,Yes,No,No,No,No,Yes,AR,1.0,No,1.0,Campath,60 and above,Less than 24h,7.9000001,1,Neg,NO,0.0,0,0
409,2016,No,24,Male,White,Reflux/CPN,No,23.08,Yes,Living donor,,Negative,Positive,Negative,Positive,0,0,0,0,0,,4,Campath,Tac,MPA,Less than 6mo,61.0,46.0,No,Yes,No,Yes,No,No,No,No,No,,,No,5.25,Campath,Less than 60,more than 24h,2.4000001,1,Neg,NO,37.0,0,0
411,2017,No,70,Male,White,Other,Yes,23.96,No,Living donor,,Positive,Positive,Positive,Positive,1,1,1,3,0,,3,Campath,Tac,MPA,Less than 6mo,50.0,69.0,No,No,No,No,No,No,No,No,No,,,No,4.916666667,Campath,60 and above,Less than 24h,7.0,1,Neg,NO,21.0,0,0
412,2016,No,71,Male,White,GN,No,27.77,No,DCD,,Positive,Positive,Positive,Positive,1,2,0,3,0,,8,Campath,Tac,MPA,Less than 6mo,18.0,12.0,Yes,Yes,No,No,No,No,No,5,No,,,Yes,0.666666667,Campath,60 and above,more than 24h,7.0999999,1,Neg,NO,0.0,0,0
413,2015,No,59,Male,White,ADPKD,No,27.35,No,DCD,,Negative,Positive,Negative,Positive,2,1,1,4,0,,12,Campath,Tac,MPA,Less than 6mo,38.0,35.0,No,No,No,No,No,No,No,No,No,,,No,6.833333333,Campath,Less than 60,more than 24h,5.9000001,1,Neg,NO,0.0,0,0
416,2015,No,51,Female,White,Other,No,30.8,No,DCD,,Negative,Positive,Negative,Positive,2,1,1,4,0,0.0,22,Campath,Tac,MPA,Less than 6mo,33.0,53.0,No,No,Yes,No,No,No,No,No,No,,,No,6.5,Campath,Less than 60,Less than 24h,5.0999999,1,Neg,NO,0.0,0,0
418,2015,No,50,Male,White,GN,No,20.8,No,DCD,,Negative,Positive,Negative,Positive,1,1,1,3,0,0.0,23,Campath,Tac,MPA,Less than 6mo,35.0,48.0,No,No,No,No,No,No,No,No,No,,,No,6.083333333,Campath,Less than 60,Less than 24h,5.0,1,Neg,NO,0.0,0,0
419,2017,,53,Male,White,GN,No,26.13,No,DBD,60.0,Positive,Positive,Positive,Positive,1,2,0,3,0,,17,Campath,Tac,MPA,Less than 6mo,47.0,56.0,Yes,No,No,No,No,No,No,No,No,,,No,4.083333333,Campath,Less than 60,Less than 24h,5.3000002,1,Neg,NO,0.0,0,0
421,2015,No,66,Male,White,GN,No,23.46,Yes,DCD,,Negative,,Negative,,1,1,1,3,0,,22,Campath,Tac,MPA,Less than 6mo,37.0,39.0,No,No,Yes,No,No,No,No,Yes,No,,,No,6.75,Campath,60 and above,more than 24h,6.5999999,1,Neg,NO,0.0,0,0
422,2015,No,66,Female,White,ADPKD,No,,No,DCD,,,,Positive,,2,1,1,4,0,,10,Campath,Tac,MPA,Less than 6mo,82.0,,,,,No,No,,No,No,No,,,No,6.416666667,Campath,60 and above,more than 24h,6.5999999,1,Neg,NO,0.0,0,0
423,2017,No,70,Male,White,GN,No,29.68,No,DCD,74.0,Positive,Positive,Positive,Positive,2,2,0,4,0,,15,Campath,Tac,MPA,Less than 6mo,23.0,32.0,No,No,No,No,No,No,No,Yes,No,,,No,4.083333333,Campath,60 and above,Less than 24h,7.0,1,Neg,NO,0.0,0,0
426,2015,No,57,Male,White,DKD,Yes,32.6,Yes,Living donor,33.0,Positive,Positive,Negative,Positive,0,1,1,2,0,1.0,3,Campath,Tac,MPA,Less than 6mo,69.0,80.0,No,No,No,No,No,No,No,No,No,,,No,5.916666667,Campath,Less than 60,Less than 24h,5.6999998,1,Neg,NO,0.0,0,0
428,2016,No,44,Female,White,Reflux/CPN,Yes,33.55,No,DCD,,Negative,Positive,Negative,Negative,0,1,1,2,0,,10,Campath,Tac,MPA,Less than 6mo,23.0,41.0,No,No,Yes,No,No,No,No,No,No,,,No,5.333333333,Campath,Less than 60,Less than 24h,4.4000001,1,Neg,NO,0.0,0,0
429,2018,,46,Male,White,Other,,32.0,No,DCD,19.0,Negative,Negative,Negative,Positive,1,1,1,3,1,,16,Campath,Tac,MPA,Less than 6mo,74.0,8.0,No,No,No,Yes,No,No,No,No,Yes,AR,,No,4.0,Campath,Less than 60,Less than 24h,4.5999999,1,Neg,NO,0.0,1,0
430,2018,No,70,Male,White,DKD,,23.0,,DCD,56.0,Positive,Positive,Negative,Positive,1,1,1,3,0,,9,Campath,Tac,MPA,Less than 6mo,78.0,43.0,Yes,Yes,No,No,No,No,No,No,No,,,Yes,1.75,Campath,60 and above,Less than 24h,7.0,1,Neg,NO,0.0,0,0
431,2016,No,52,Male,White,DKD,No,28.22,No,DCD,53.0,Negative,Positive,Negative,Positive,2,1,0,3,0,,13,Campath,Tac,MPA,Less than 6mo,41.0,53.0,No,No,No,No,No,No,No,No,Yes,Other,3.0,No,2.666666667,Campath,Less than 60,Less than 24h,5.1999998,1,Neg,NO,18.0,0,0
432,2017,No,57,Male,White,Other,Yes,29.41,No,Living donor,48.0,Negative,Positive,Positive,Positive,1,0,1,2,0,,12,Campath,Tac,MPA,Less than 6mo,76.0,64.0,No,No,Yes,No,No,No,No,No,No,,,No,4.916666667,Campath,Less than 60,Less than 24h,5.6999998,1,Neg,NO,8.0,0,0
435,2017,No,53,Male,White,GN,Yes,26.07,Yes,DBD,30.0,Positive,Positive,Positive,Positive,1,1,2,4,0,,15,Campath,Tac,MPA,Less than 6mo,65.0,70.0,No,No,No,No,No,No,No,No,No,,,No,4.75,Campath,Less than 60,Less than 24h,5.3000002,1,Neg,NO,0.0,0,0
436,2018,No,20,Female,Asian,Other,No,20.0,No,DCD,49.0,Negative,Positive,Negative,Positive,2,1,1,4,0,,13,Campath,Tac,MPA,Less than 6mo,34.0,19.0,No,No,No,Yes,No,No,No,No,Yes,AR,1.0,No,2.647501711,Campath,Less than 60,Less than 24h,2.0,1,Neg,NO,0.0,0,0
205,2014,No,31,Female,White,GN,No,30.9,No,Living donor,47.60301164,Negative,,Negative,,2,2,2,6,0,,4,Campath,Tac,MPA,More than 6mo,47.0,60.0,Yes,No,No,No,No,No,No,No,No,,,No,7.0,Campath,Less than 60,Less than 24h,3.0999999,1,Neg,NO,86.0,0,0
322,2017,No,49,Male,White,Other,No,30.47,Yes,Living donor,51.0,Positive,Positive,Negative,Positive,1,2,2,4,0,,15,Campath,Tac,MPA,Less than 6mo,31.0,37.0,No,No,No,No,No,No,No,No,No,,,No,4.75,Campath,Less than 60,Less than 24h,4.9000001,1,Neg,NO ,0.0,0,0
323,2017,Yes,46,Male,White,GN,No,26.85,No,Living donor,,Positive,Positive,Positive,Positive,1,2,0,3,0,,8,Campath,Tac,MPA,More than 6mo,45.0,40.0,No,No,No,No,No,No,No,No,No,,,No,4.666666667,Campath,Less than 60,Less than 24h,4.5999999,1,Neg,NO ,0.0,0,0
325,2017,Yes,41,Female,White,GN,Yes,15.7,No,Living donor,,Positive,Positive,Positive,Positive,0,0,0,0,0,,5,Campath,Tac,MPA,More than 6mo,53.0,49.0,No,No,No,No,No,No,No,No,No,,,No,4.666666667,Campath,Less than 60,Less than 24h,4.0999999,1,Neg,NO ,99.0,0,0
329,2015,No,43,Female,White,DKD,Yes,19.0,No,Living donor,66.0,Positive,Positive,Negative,Positive,1,1,1,3,0,0.0,3,Campath,Tac,,More than 6mo,33.0,14.0,Yes,No,No,No,No,No,No,No,Yes,DKD,,No,1.0,Campath,Less than 60,Less than 24h,4.3000002,1,Neg,NO ,9.0,0,0
334,2016,No,58,Male,White,GN,No,34.94,No,DCD,,Positive,Negative,Negative,Positive,1,1,1,3,0,,9,Campath,Tac,MPA,Less than 6mo,39.0,25.0,Yes,No,No,Yes,No,No,No,No,No,,,No,5.916666667,Campath,Less than 60,more than 24h,5.8000002,1,Neg,NO ,0.0,0,0
339,2016,No,48,Male,White,DKD,No,31.56,No,DCD,,Positive,Positive,Negative,Positive,2,1,0,3,0,,15,Campath,Tac,MPA,Less than 6mo,28.0,26.0,Yes,Yes,Yes,Yes,No,No,No,No,No,,,No,5.0,Campath,Less than 60,more than 24h,4.8000002,1,Neg,NO ,0.0,0,0
341,2016,No,52,Female,White,GN,No,29.8,Yes,DBD,,Negative,Positive,Negative,Positive,2,1,0,3,0,0.0,16,Campath,Tac,MPA,More than 6mo,39.0,32.0,No,No,No,No,No,No,No,No,No,,,No,5.833333333,Campath,Less than 60,Less than 24h,5.1999998,1,Neg,NO ,0.0,0,0
342,2016,Yes,55,Male,White,Other,No,22.98,No,DCD,,Positive,Positive,Negative,Positive,2,1,0,3,0,,22,Campath,Tac,MPA,More than 6mo,34.0,44.0,Yes,Yes,No,No,No,No,No,3,No,,,Yes,1.666666667,Campath,Less than 60,more than 24h,5.5,1,Neg,NO ,77.0,0,0
343,2015,No,51,Female,White,Other,No,25.4,No,Living donor,,Negative,Positive,Positive,Positive,1,0,1,2,0,0.0,1,Campath,Tac,MPA,More than 6mo,49.0,51.0,No,No,No,No,No,No,No,Yes,No,,,No,5.916666667,Campath,Less than 60,Less than 24h,5.0999999,1,Neg,Yes,90.0,1,0
347,2015,No,71,Female,Asian,Reflux/CPN,No,19.95,No,Living donor,,Negative,,Positive,,0,1,1,2,0,,7,Campath,Tac,MPA,More than 6mo,53.0,52.0,No,Yes,No,No,No,No,No,No,No,,,No,6.75,Campath,60 and above,more than 24h,7.0999999,1,Neg,NO ,97.0,0,0
349,2017,No,58,Male,White,DKD,No,32.35,No,Living donor,28.0,Negative,Positive,Positive,Positive,0,0,0,0,1,,4,Campath,Tac,MPA,Less than 6mo,43.0,43.0,Yes,No,Yes,Yes,No,No,No,No,No,,,No,4.666666667,Campath,Less than 60,Less than 24h,5.8000002,1,Neg,NO ,48.0,1,0
350,2016,Yes,48,Male,White,Reflux/CPN,No,27.1,No,DBD,,Positive,Negative,Positive,Positive,0,1,0,1,1,,15,Campath,Tac,MPA,More than 6mo,21.0,15.0,Yes,No,Yes,Yes,No,No,No,5,Yes,unknown,3.0,No,2.916666667,Campath,Less than 60,more than 24h,4.8000002,1,Neg,NO ,36.0,1,0
353,2017,Yes,45,Male,Asian,Unknown,No,18.51,No,DBD,55.0,Positive,Positive,Positive,Positive,1,1,0,2,0,,14,Campath,Tac,MPA,More than 6mo,40.0,49.0,Yes,No,No,No,No,No,No,No,No,,,No,4.083333333,Campath,Less than 60,Less than 24h,4.5,1,Neg,NO ,0.0,0,0
354,2016,No,48,Male,White,Unknown,No,21.1,No,DBD,,Negative,Positive,Negative,Positive,0,0,0,0,0,,12,Campath,Tac,MPA,More than 6mo,31.0,34.0,No,No,No,No,No,No,No,No,No,,,Yes,4.833333333,Campath,Less than 60,Less than 24h,4.8000002,1,Neg,NO ,99.0,0,0
355,2015,No,62,Male,White,ADPKD,Yes,31.72,No,DCD,,Negative,,Positive,,0,1,1,2,0,,14,Campath,Tac,MPA,Less than 6mo,33.0,50.0,Yes,Yes,No,No,No,No,No,Yes,No,,,No,6.5,Campath,60 and above,more than 24h,6.1999998,1,Neg,NO ,0.0,0,0
360,2015,No,22,Female,White,GN,No,21.1,Yes,DCD,,Negative,Positive,Negative,Positive,2,1,1,4,0,,9,Campath,Tac,MPA,Less than 6mo,47.0,52.0,No,No,No,No,No,No,No,No,Yes,Other,3.0,No,6.083333333,Campath,Less than 60,more than 24h,2.2,1,Neg,NO ,0.0,0,0
361,2017,No,70,Male,White,ADPKD,No,31.4,No,DCD,64.0,Positive,Positive,Negative,Positive,1,2,0,3,0,,14,Campath,Tac,MPA,Less than 6mo,24.0,,Yes,No,No,No,No,No,No,No,Yes,Other,3.0,No,0.833333333,Campath,60 and above,Less than 24h,7.0,1,Neg,NO ,0.0,0,0
362,2015,Yes,47,Female,White,Other,No,22.8,No,DCD,,Negative,,Positive,,2,1,1,4,0,,14,Campath,Tac,MPA,More than 6mo,41.0,47.0,Yes,No,Yes,No,No,No,No,No,No,,,No,6.0,Campath,Less than 60,Less than 24h,4.6999998,1,Neg,NO ,4.0,0,0
364,2015,,31,Male,White,Other,Yes,32.81,No,Living donor,,Negative,,Negative,,0,0,0,0,1,,18,Campath,Tac,MPA,More than 6mo,43.0,42.0,No,No,No,Yes,No,No,No,No,No,,,No,6.75,Campath,Less than 60,more than 24h,3.0999999,1,Neg,NO,64.0,1,0
365,2015,Yes,35,Male,White,Other,No,22.7,No,DBD,,Negative,,Positive,Positive,0,0,0,0,0,,16,Campath,Tac,MPA,More than 6mo,44.0,50.0,No,No,No,Yes,No,No,No,No,No,AR,1.0,No,0.0,Campath,Less than 60,more than 24h,3.5,1,Neg,Yes,100.0,1,0
374,2016,No,28,Male,White,Reflux/CPN,No,29.0,No,DBD,,Positive,Positive,Positive,Positive,0,0,0,0,0,0.0,21,Campath,Tac,MPA,More than 6mo,50.0,40.0,No,No,No,No,No,No,No,No,No,,,No,5.666666667,Campath,Less than 60,Less than 24h,2.8,1,Neg,NO ,75.0,0,0
379,2016,Yes,29,Female,White,Other,Yes,37.36,No,Living donor,,Positive,Positive,Negative,Positive,1,1,1,3,0,,4,Campath,Tac,MPA,More than 6mo,40.0,35.0,Yes,Yes,No,No,No,No,No,No,No,,,No,5.166666667,Campath,Less than 60,more than 24h,2.9000001,1,Neg,NO ,60.0,0,0
384,2015,No,74,Male,White,GN,No,21.0,No,DBD,,Positive,,Positive,,0,1,1,2,0,,16,Campath,Tac,MPA,Less than 6mo,56.0,43.0,No,No,No,No,No,No,No,Yes,No,,,No,6.083333333,Campath,60 and above,more than 24h,7.4000001,1,Neg,NO,0.0,0,0
388,2018,No,28,Female,White,Reflux/CPN,,37.0,No,DBD,17.0,Negative,Negative,Negative,Negative,1,1,1,3,0,,15,Campath,Tac,MPA,More than 6mo,68.0,4.0,No,No,No,Yes,No,No,No,No,Yes,AR,,No,1.0,Campath,Less than 60,Less than 24h,2.8,1,Neg,NO,80.0,0,0
392,2017,No,59,Male,White,ADPKD,No,22.79,No,DCD,61.0,Positive,Positive,Positive,Positive,1,1,1,3,0,,14,Campath,Tac,MPA,More than 6mo,42.0,42.0,Yes,Yes,Yes,No,No,No,No,No,No,,,No,4.416666667,Campath,Less than 60,Less than 24h,5.9000001,1,Neg,NO,0.0,0,0
394,2017,No,72,Male,White,GN,No,23.8,No,DCD,29.0,Negative,Positive,Positive,Positive,2,2,2,6,0,,5,Campath,Tac,MPA,More than 6mo,59.0,63.0,Yes,No,No,No,No,No,No,No,No,,,No,4.0,Campath,60 and above,Less than 24h,7.1999998,1,Neg,NO,0.0,0,0
397,2016,No,58,Male,White,Other,No,31.7,No,DCD,,Negative,Positive,Negative,Positive,2,1,0,3,0,0.0,23,Campath,Tac,MPA,Less than 6mo,29.0,45.0,No,No,Yes,No,No,No,No,No,No,,,No,5.833333333,Campath,Less than 60,Less than 24h,5.8000002,1,Neg,NO,90.0,0,0
398,2015,Yes,23,Male,White,Other,No,21.0,No,Living donor,,Negative,Positive,Positive,Positive,0,0,0,0,0,,4,Campath,Tac,MPA,More than 6mo,63.0,,No,No,No,No,No,No,No,No,Yes,CAI,3.0,No,4.833333333,Campath,Less than 60,Less than 24h,2.3,1,Neg,NO,0.0,0,0
404,2015,No,56,Female,White,ADPKD,Yes,24.88,Yes,Living donor,,Positive,,Positive,,1,1,1,3,0,,2,Campath,Tac,MPA,Less than 6mo,54.0,61.0,No,No,No,No,No,No,No,No,No,,,No,6.75,Campath,Less than 60,more than 24h,5.5999999,1,Neg,NO,47.0,0,0
406,2016,No,48,Male,White,ADPKD,No,24.54,No,Living donor,,Negative,Positive,Negative,Positive,0,1,2,3,0,,8,Campath,Tac,MPA,More than 6mo,40.0,47.0,No,No,No,No,No,No,No,No,No,,,No,5.583333333,Campath,Less than 60,more than 24h,4.8000002,1,Neg,NO,35.0,0,0
407,2017,No,24,Female,White,Other,No,18.56,No,Living donor,58.0,Positive,Positive,Negative,Positive,1,1,0,2,0,,7,Campath,Tac,Aza,Less than 6mo,22.0,29.0,Yes,No,No,Yes,No,No,No,No,No,,,No,4.5,Campath,Less than 60,Less than 24h,2.4000001,1,Neg,NO,56.0,0,0
410,2015,No,40,Female,White,Other,No,22.5,Yes,DCD,,Negative,Positive,Negative,Positive,1,1,0,2,0,0.0,13,Campath,Tac,,Less than 6mo,34.0,35.0,Yes,No,No,No,No,No,No,No,Yes,cai,,No,5.75,Campath,Less than 60,Less than 24h,4.0,1,Neg,Yes,22.0,1,0
414,2014,No,25,Male,White,Reflux/CPN,No,23.5,No,Living donor,24.0,Positive,Positive,Positive,Positive,0,1,1,2,0,1.0,5,Campath,Tac,MPA,Less than 6mo,36.0,41.0,Yes,No,Yes,Yes,No,No,No,No,Yes,AR,1.0,No,6.0,Campath,Less than 60,Less than 24h,2.5,1,Pos,Yes,99.0,1,0
415,2015,No,49,Male,White,GN,No,23.03,No,Living donor,,Negative,,Negative,,2,2,2,6,0,,4,Campath,Tac,MPA,Less than 6mo,44.0,49.0,No,No,Yes,No,No,No,No,No,No,,,No,6.75,Campath,Less than 60,more than 24h,4.9000001,1,Neg,NO,1.0,0,0
417,2017,No,54,Female,White,DKD,Yes,23.11,No,DCD,63.0,Positive,Positive,Negative,Positive,1,1,1,3,0,,16,Campath,Tac,MPA,Less than 6mo,65.0,70.0,Yes,No,Yes,No,No,No,No,5,No,,,No,4.5,Campath,Less than 60,Less than 24h,5.4000001,1,Neg,NO,0.0,0,0
420,2016,No,63,Male,White,Other,Yes,25.35,No,Living donor,59.0,Positive,Positive,Positive,Positive,2,2,1,5,1,,4,Campath,Tac,MPA,Less than 6mo,28.0,29.0,Yes,No,Yes,Yes,No,No,No,No,No,,,No,5.666666667,Campath,60 and above,more than 24h,6.3000002,1,Neg,NO,0.0,1,0
424,2017,No,22,Male,White,Other,No,28.37,Yes,DBD,,Negative,Positive,Negative,Negative,0,1,0,1,0,,14,Campath,Tac,MPA,Less than 6mo,54.0,65.0,No,No,No,No,No,No,No,No,No,,,No,4.75,Campath,Less than 60,more than 24h,2.2,1,Neg,NO,72.0,0,0
425,2016,No,69,Male,White,ADPKD,No,29.1,No,DCD,,Positive,Positive,Negative,Positive,1,1,1,3,0,0.0,18,Campath,Tac,,Less than 6mo,49.0,26.0,No,No,Yes,Yes,No,No,No,No,No,,,No,5.75,Campath,60 and above,Less than 24h,6.9000001,1,Neg,NO,0.0,0,0
427,2018,No,62,Female,White,Other,,24.0,Yes,DCD,76.0,Positive,,Negative,Positive,1,1,1,3,0,,11,Campath,Tac,MPA,Less than 6mo,37.0,38.0,No,No,No,No,No,No,No,No,No,,,No,3.916666667,Campath,60 and above,Less than 24h,6.1999998,1,Neg,NO,0.0,0,0
433,2017,,56,Male,White,Other,No,26.25,No,DBD,44.0,Positive,Positive,Positive,Positive,0,0,0,0,0,,14,Campath,Tac,MPA,More than 6mo,41.0,42.0,Yes,No,No,No,Yes,No,Yes,No,No,,,No,4.166666667,Campath,Less than 60,Less than 24h,5.5999999,1,Neg,NO,81.0,0,0
434,2015,No,45,Female,White,Reflux/CPN,No,35.7,Yes,DCD,,Negative,,Negative,,0,1,0,1,0,,26,Campath,Tac,MPA,Less than 6mo,47.0,51.0,No,No,No,No,No,No,No,No,No,,,No,6.0,Campath,Less than 60,more than 24h,4.5,1,Neg,NO,0.0,0,0
437,2017,No,66,Female,Black,Other,No,25.62053666596352,No,DBD,26.916140097346933,Positive,Negative,Negative,Positive,2,1,0,3,0,0.0,21,Simulect,Tac,MPA,Less than 6mo,92.0,56.0,No,No,No,Yes,No,No,No,No,No,Rejection while taking immunosuppressive drug(s),1.0,No,5.113788650938827,Campath,Less than 60,Less than 24h,3.583990255333498,0,Neg,Yes,83.5435524570095,1,1
438,2014,No,49,Female,White,GN,No,34.31735198687279,No,Living donor,19.451590400360878,Positive,Negative,Negative,Positive,1,1,1,3,0,1.0,13,Campath,Tac,MPA,Less than 6mo,54.0,44.0,No,No,No,No,No,No,No,No,Yes,Rejection while taking immunosuppressive drug(s),1.0,No,6.72323313904076,Campath,Less than 60,Less than 24h,2.4906884756275547,1,Neg,Yes,85.44948281683678,1,1
439,2014,No,46,Female,White,Other,Yes,21.775798962745917,Yes,DBD,57.876203967763814,Positive,Positive,Positive,Positive,2,1,1,4,0,0.0,9,Simulect,Tac,MPA,Less than 6mo,33.0,37.0,No,No,No,No,No,No,No,No,No,cai,3.0,No,6.212200943272671,Simulect,Less than 60,Less than 24h,2.7738080740093616,1,Neg,Yes,29.974996435956346,1,1
440,2017,No,47,Female,White,Other,No,24.560116031009077,Yes,Living donor,15.45516769,Negative,Positive,Positive,Positive,2,0,0,2,0,0.0,8,Campath,Tac,MPA,Less than 6mo,86.0,22.0,No,No,No,No,No,No,Yes,No,Yes,CVD,3.0,No,7.304206628552453,Campath,Less than 60,Less than 24h,3.3202035862007393,0,Neg,Yes,57.14796209417898,1,1
441,2016,No,45,Male,Asian,GN,No,32.9046953425144,No,Living donor,49.62218134088219,Positive,Positive,Positive,Positive,1,2,0,3,1,0.0,4,Campath,Tac,MPA,Less than 6mo,40.0,54.0,Yes,No,No,No,No,No,No,No,No,Rejection while taking immunosuppressive drugs,3.0,No,3.0527378379228893,Campath,Less than 60,Less than 24h,6.369436234714524,1,Neg,NO,4.0,1,1
442,2015,No,25,Female,Black,Unknown,No,24.41108479404379,No,DBD,27.805278009988932,Negative,Positive,Negative,Positive,2,1,0,3,0,0.0,15,Campath,Tac,MPA,Less than 6mo,61.0,88.0,No,No,Yes,Yes,No,No,No,No,No,unknown,1.0,No,3.1308800327973056,Simulect,60 and above,Less than 24h,2.5390510405983435,0,Neg,Yes,84.6393348928657,1,1
443,2019,Yes,40,Male,White,DKD,No,22.76295338019211,No,Living donor,60.411980695015224,Negative,Positive,Negative,Positive,1,0,0,1,0,1.0,16,Simulect,Tac,MPA,Less than 6mo,92.0,37.0,No,No,Yes,No,No,No,No,No,Yes,Rejection while taking immunosuppressive drugs,1.0,No,6.218354709946514,Simulect,Less than 60,Less than 24h,2.073571920275202,1,Neg,Yes,48.315809796899075,1,1
444,2016,No,46,Male,White,Other,No,24.08803936571002,No,Living donor,18.832294036368978,Positive,Positive,Positive,Positive,2,1,1,4,0,1.0,5,Simulect,Tac,MPA,Less than 6mo,40.0,24.0,No,No,No,No,No,No,No,No,No,AR,1.0,No,7.5,Simulect,Less than 60,Less than 24h,2.0539867529784295,0,Neg,Yes,94.08387933600396,1,1
445,2016,No,31,Male,White,Other,No,25.99974921726706,No,DBD,33.21843224528616,Positive,Positive,Negative,Positive,2,0,2,4,1,0.0,3,Campath,Tac,MPA,More than 6mo,25.0,37.0,No,No,No,No,No,No,No,No,No,Rejection while taking immunosuppressive drug(s),3.0,No,6.877586781654401,Campath,Less than 60,Less than 24h,2.191098160652798,0,Neg,NO,3.0,1,1
446,2015,No,70,Female,Asian,GN,No,29.15330781006759,No,Living donor,33.352414266483265,Negative,Positive,Negative,Positive,1,1,1,3,0,0.0,14,Campath,Tac,MPA,More than 6mo,46.0,44.0,No,No,No,Yes,No,No,No,No,No,cai,1.0,No,7.5,Campath,60 and above,Less than 24h,1.8,0,Neg,Yes,98.74401444091701,1,1
447,2015,No,29,Female,Asian,DKD,No,25.1000511936706,No,DCD,33.464260722657514,Negative,Positive,Positive,Positive,1,1,1,3,0,0.0,3,Campath,Tac,MPA,Less than 6mo,77.0,92.0,No,No,No,Yes,No,No,No,No,No,Rejection while taking immunosuppressive drug(s),1.0,No,3.787058217430144,Simulect,Less than 60,more than 24h,2.6385536447190665,1,Neg,Yes,64.07094914464251,1,1
448,2017,Yes,46,Female,White,Other,No,29.10222169536351,Yes,DBD,51.065011848087124,Positive,Positive,Positive,Positive,1,1,1,3,0,0.0,5,Simulect,Tac,MPA,More than 6mo,19.0,64.0,Yes,No,No,Yes,No,No,No,No,No,unknown,3.0,No,3.295422447555179,Simulect,Less than 60,more than 24h,5.890827639979081,1,Neg,Yes,57.482899432126835,1,1
449,2015,No,65,Male,Black,Other,No,23.44738782169271,No,Living donor,33.86824743557033,Positive,Positive,Positive,Positive,2,2,0,4,0,0.0,20,Campath,Tac,MPA,Less than 6mo,45.0,33.0,No,No,No,Yes,No,No,No,No,No,Rejection while taking immunosuppressive drug(s),1.0,No,5.9234500548899245,Simulect,Less than 60,Less than 24h,4.817838900330215,0,Neg,Yes,60.06896158595107,1,1
450,2015,Yes,47,Male,White,DKD,No,25.54819514450318,Yes,DCD,43.02350554119711,Negative,Positive,Negative,Positive,1,1,1,3,0,1.0,4,Campath,Tac,MPA,Less than 6mo,55.0,70.0,No,No,No,Yes,No,No,No,No,No,unknown,1.0,No,2.9311602344723022,Simulect,Less than 60,Less than 24h,3.460379379135814,1,Neg,Yes,87.93831563897635,1,1
451,2017,No,52,Female,White,GN,No,22.65916621367562,No,Living donor,24.31852990727674,Negative,Positive,Positive,Positive,0,1,1,2,0,0.0,10,Campath,Tac,MPA,More than 6mo,36.0,8.0,No,No,No,Yes,No,No,No,No,No,unknown,1.0,No,2.6188791775481244,Campath,Less than 60,Less than 24h,4.587058506688174,1,Neg,Yes,95.1778087386777,1,1
452,2015,Yes,55,Male,White,DKD,No,23.755529203963786,No,DBD,20.499161348285824,Positive,Positive,Positive,Positive,2,2,1,5,0,0.0,4,Simulect,Tac,Aza,Less than 6mo,93.0,14.0,No,No,Yes,Yes,No,No,No,No,Yes,Rejection while taking immunosuppressive drugs,1.0,No,7.064932515961769,Simulect,Less than 60,Less than 24h,6.3005940721212825,0,Pos,NO,43.13393023054568,1,1
453,2014,No,47,Female,White,DKD,No,33.77139703544682,No,DBD,22.265758409654087,Negative,Positive,Positive,Positive,0,1,1,2,0,0.0,24,Simulect,Tac,MPA,More than 6mo,62.0,93.0,No,No,No,Yes,No,No,No,No,No,AR,1.0,No,7.182663913337629,Campath,Less than 60,Less than 24h,3.6354617463082497,1,Neg,Yes,88.64922435331452,1,1
454,2015,No,46,Male,White,GN,No,25.175950968016984,Yes,DBD,72.1615332,Negative,Positive,Positive,Positive,0,1,1,2,1,1.0,9,Simulect,Tac,MPA,Less than 6mo,79.0,58.0,No,No,No,No,No,No,No,No,No,unknown,1.0,No,5.247016393050217,Campath,Less than 60,more than 24h,2.7465554015247884,1,Neg,NO,45.0,1,1
455,2014,No,36,Male,Other,Reflux/CPN,No,28.951791234757145,No,DBD,59.061011907122605,Positive,Positive,Positive,Positive,1,2,0,3,0,1.0,3,Simulect,Tac,MPA,More than 6mo,67.0,95.0,No,No,No,No,No,No,No,No,No,cai,1.0,No,2.9862327263362802,Simulect,Less than 60,more than 24h,4.613395494590794,1,Neg,Yes,56.619754770963354,1,1
456,2015,No,56,Female,White,DKD,Yes,31.776471977468447,No,DBD,62.527519697205385,Negative,Positive,Positive,Positive,1,1,0,2,0,0.0,8,Campath,other,MPA,More than 6mo,40.0,77.0,No,No,Yes,No,No,Yes,No,No,No,AR,1.0,No,6.012217029813073,Simulect,Less than 60,Less than 24h,3.716287981552878,1,Neg,Yes,38.86526159217089,1,1
457,2018,No,51,Male,White,Other,No,30.124790372564533,No,DBD,60.41802086877948,Positive,Positive,Negative,Positive,0,1,0,1,0,0.0,15,Campath,Cyc,MPA,Less than 6mo,56.0,22.0,No,No,Yes,No,No,No,No,No,Yes,Rejection while taking immunosuppressive drugs,3.0,No,2.5185205057424387,Simulect,Less than 60,Less than 24h,4.953827759322359,1,Neg,Yes,0.8887610257539463,1,1
458,2016,No,59,Male,White,ADPKD,Yes,33.28348204201978,No,Living donor,48.97902941784203,Positive,Positive,Positive,Positive,2,1,1,4,0,0.0,17,Simulect,Tac,MPA,More than 6mo,48.0,59.0,Yes,No,No,No,No,No,No,No,No,cai,1.0,No,4.664434353283581,Campath,Less than 60,Less than 24h,3.990183169240828,0,Neg,Yes,40.14560535533026,1,1
459,2017,No,43,Male,White,DKD,No,24.843810246453486,No,DBD,28.54378412912383,Positive,Positive,Negative,Positive,0,1,2,3,0,0.0,5,Campath,Tac,MPA,Less than 6mo,56.0,28.0,No,No,Yes,Yes,No,No,No,No,No,AR,1.0,Yes,5.679495307844295,Simulect,Less than 60,Less than 24h,5.440129611893436,1,Neg,Yes,88.95295586480196,1,1
460,2016,Yes,49,Male,Black,Other,No,33.33725792572626,Yes,DBD,57.10284657442003,Positive,Positive,Positive,Positive,1,1,1,3,0,1.0,29,Campath,Tac,MPA,Less than 6mo,90.0,53.0,No,No,No,No,No,No,No,No,Yes,AR,1.0,No,1.4487960389816954,Simulect,Less than 60,Less than 24h,2.650655607911893,1,Neg,Yes,100.0,1,1
461,2019,No,33,Male,White,Reflux/CPN,No,24.185234044963597,No,DBD,56.59903255885371,Positive,Positive,Negative,Positive,0,1,0,1,0,0.0,16,Simulect,Tac,MPA,More than 6mo,45.0,36.0,No,No,No,Yes,No,No,No,No,No,unknown,1.0,No,0.9731582594200013,Campath,Less than 60,Less than 24h,2.0309606242033422,1,Neg,Yes,85.25161990184712,1,1
462,2015,No,22,Male,White,Unknown,No,30.508382759040927,Yes,Living donor,33.10867573853265,Negative,Positive,Positive,Positive,2,1,1,4,0,0.0,12,Campath,Tac,Aza,Less than 6mo,42.0,47.0,No,No,No,No,No,No,No,No,Yes,unknown,1.0,No,3.988171806339635,Simulect,60 and above,Less than 24h,3.6605160727779746,0,Pos,NO,37.90032102366832,1,1
463,2019,Yes,26,Female,White,Other,Yes,22.162614549175913,Yes,Living donor,55.96790210754591,Negative,Positive,Positive,Positive,2,2,1,5,0,1.0,24,Campath,Tac,MPA,Less than 6mo,91.0,73.0,No,No,Yes,No,No,No,No,No,Yes,CVD,1.0,Yes,6.194386148191104,Campath,Less than 60,more than 24h,5.042787796188986,0,Neg,Yes,33.23278736663931,1,1
464,2015,No,63,Male,White,GN,Yes,21.7,Yes,DBD,72.1615332,Positive,Positive,Negative,Positive,0,1,1,2,1,1.0,18,Campath,Tac,MPA,More than 6mo,68.0,43.0,No,No,No,No,No,No,No,No,No,Rejection while taking immunosuppressive drugs,1.0,No,2.9544542847550246,Campath,Less than 60,Less than 24h,1.8,0,Neg,NO,0.0,1,1
465,2017,No,46,Female,White,Other,No,23.743870241551193,No,DCD,55.630815323239084,Positive,Positive,Positive,Positive,2,0,1,3,0,1.0,3,Simulect,Tac,MPA,More than 6mo,57.0,53.0,No,No,No,No,No,No,No,No,No,Rejection while taking immunosuppressive drugs,1.0,No,5.936228857014366,Campath,Less than 60,Less than 24h,4.799042483215377,0,Pos,NO,98.03145578054354,1,1
466,2015,No,26,Male,White,ADPKD,No,22.828594477554255,Yes,Living donor,62.55441410357429,Positive,Negative,Positive,Positive,2,1,1,4,0,1.0,5,Simulect,Tac,MPA,Less than 6mo,26.0,8.0,No,No,Yes,No,No,No,No,No,Yes,Rejection while taking immunosuppressive drug(s),1.0,No,0.26688866777818665,Campath,Less than 60,Less than 24h,2.032511407637452,0,Neg,Yes,94.41123231291243,1,1
467,2015,Yes,51,Male,Asian,Other,No,30.775469273402724,Yes,DBD,59.1317529800924,Positive,Positive,Positive,Positive,1,2,0,3,0,0.0,13,Simulect,Tac,MPA,Less than 6mo,17.0,8.0,No,No,No,No,No,No,No,No,No,Rejection while taking immunosuppressive drugs,1.0,No,2.6119287720000415,Simulect,Less than 60,Less than 24h,6.455381191580253,1,Neg,Yes,100.0,1,1
468,2017,No,29,Female,Black,Reflux/CPN,No,23.55335048226674,No,Living donor,68.83518279419353,Negative,Positive,Positive,Positive,1,0,1,2,0,0.0,2,Campath,Tac,MPA,Less than 6mo,70.0,41.0,No,No,No,Yes,No,No,No,No,Yes,CVD,1.0,Yes,3.120968819618377,Campath,Less than 60,Less than 24h,2.6274017280593096,1,Neg,Yes,98.14610915268969,1,1
469,2015,No,24,Male,White,Reflux/CPN,Yes,22.318612700801886,No,Living donor,28.073778118983753,Negative,Positive,Positive,Positive,2,1,0,3,0,0.0,20,Campath,Tac,MPA,Less than 6mo,40.0,23.0,No,No,No,No,No,No,No,No,No,unknown,1.0,No,2.8371968813792785,Campath,Less than 60,Less than 24h,3.259699191447572,0,Neg,Yes,93.4135663737378,1,1
470,2017,No,52,Female,White,GN,No,33.94300876770063,No,Living donor,70.87533226249464,Positive,Positive,Negative,Positive,1,1,2,4,0,0.0,6,Simulect,Tac,MPA,Less than 6mo,28.0,55.0,No,No,Yes,Yes,No,No,No,No,No,CVD,1.0,No,3.1738105097784635,Simulect,60 and above,Less than 24h,7.0,0,Neg,Yes,94.8477083326902,1,1
471,2015,No,63,Female,White,Other,Yes,26.81376964611097,Yes,Living donor,23.983021682275563,Positive,Positive,Positive,Positive,1,1,1,3,0,1.0,15,Simulect,Tac,MPA,Less than 6mo,38.0,36.0,No,No,No,No,No,No,No,No,No,unknown,1.0,No,5.4463974819965655,Campath,Less than 60,Less than 24h,2.640962906633869,1,Neg,Yes,61.3830148366199,1,1
472,2015,No,30,Male,White,Other,No,22.732181887388982,No,Living donor,23.40418981470515,Positive,Positive,Negative,Positive,2,2,1,5,0,0.0,15,Simulect,Tac,MPA,More than 6mo,57.0,50.0,No,No,Yes,No,Yes,No,No,No,No,unknown,3.0,No,3.778275757771949,Simulect,Less than 60,Less than 24h,5.037937398357064,0,Pos,NO,92.65346969012366,1,1
473,2016,No,31,Male,White,Reflux/CPN,No,21.7,No,DBD,50.22627797320267,Negative,Positive,Negative,Positive,0,1,0,1,1,1.0,10,Campath,Tac,MPA,More than 6mo,35.0,102.0,No,No,Yes,No,No,No,No,No,Yes,unknown,1.0,No,3.9882029459304063,Simulect,Less than 60,Less than 24h,3.210645777689057,1,Neg,NO,37.0,1,1
474,2015,Yes,26,Male,White,Reflux/CPN,No,31.030952004255298,Yes,Living donor,20.383867812125743,Negative,Positive,Negative,Positive,2,2,1,5,0,0.0,13,Simulect,Tac,MPA,Less than 6mo,35.0,68.0,No,No,No,No,No,No,No,No,Yes,AR,1.0,No,4.623281386417001,Campath,Less than 60,Less than 24h,6.48714481398026,1,Neg,Yes,100.0,1,1
475,2014,No,25,Female,White,DKD,Yes,30.640275421851136,No,Living donor,61.01643802362707,Negative,Positive,Positive,Positive,0,1,0,1,0,0.0,3,Campath,Tac,MPA,Less than 6mo,50.0,24.0,No,No,No,Yes,No,No,No,Yes,Yes,Rejection while taking immunosuppressive drugs,1.0,No,3.0922271998165014,Simulect,Less than 60,more than 24h,4.850072063047193,1,Pos,NO,62.069491046662556,1,1
476,2017,No,44,Male,White,Reflux/CPN,No,27.06570200271718,No,Living donor,31.20020882899739,Positive,Positive,Positive,Positive,0,0,1,1,0,1.0,9,Campath,Tac,MPA,Less than 6mo,83.0,102.0,No,No,No,Yes,No,No,No,No,Yes,AR,1.0,No,6.787642198922168,Campath,60 and above,Less than 24h,5.353347826411474,1,Neg,Yes,98.94683277834852,1,1
477,2014,No,33,Male,White,Other,No,27.409352168495722,Yes,DBD,50.39030221327522,Negative,Positive,Positive,Positive,0,0,1,1,0,0.0,15,Campath,Tac,MPA,Less than 6mo,42.0,44.0,No,No,Yes,No,No,No,No,No,Yes,cai,1.0,No,6.791692018927397,Simulect,Less than 60,more than 24h,3.9093327551754684,1,Neg,Yes,2.8316646682502187,1,1
478,2019,No,52,Male,White,DKD,No,24.439610898255584,No,DBD,19.097835873974056,Negative,Positive,Negative,Positive,1,1,0,2,0,1.0,4,Campath,Tac,MPA,More than 6mo,34.0,23.0,No,No,No,No,No,No,No,No,No,cai,1.0,No,4.080764671258672,Campath,Less than 60,Less than 24h,3.801024895284924,0,Neg,Yes,44.400496018569584,1,1
479,2014,No,49,Female,White,Reflux/CPN,No,32.67880444508178,No,DCD,59.293325048102304,Positive,Positive,Positive,Positive,0,1,0,1,0,0.0,18,Simulect,Tac,MPA,Less than 6mo,53.0,62.0,No,No,No,Yes,No,No,No,Yes,Yes,AR,1.0,No,2.0859550780347043,Campath,Less than 60,Less than 24h,4.433844360233174,0,Neg,Yes,42.78381578731982,1,1
480,2015,No,48,Male,White,ADPKD,No,23.849744501263526,Yes,DBD,23.33754399045248,Negative,Positive,Positive,Positive,1,0,1,2,0,0.0,4,Simulect,Tac,MPA,Less than 6mo,25.0,59.0,No,No,No,No,No,No,No,No,No,Rejection while taking immunosuppressive drug(s),1.0,No,1.5382798453534159,Campath,Less than 60,Less than 24h,4.341325092197515,1,Neg,Yes,27.055599232011975,1,1
481,2017,No,70,Male,White,GN,Yes,22.825396420689504,No,DBD,60.495025645703734,Positive,Positive,Positive,Positive,1,1,2,4,0,0.0,11,Campath,Tac,MPA,Less than 6mo,46.0,65.0,No,No,Yes,No,No,No,No,No,No,Rejection while taking immunosuppressive drugs,1.0,No,5.969933152958251,Campath,Less than 60,Less than 24h,5.598957697570339,0,Neg,Yes,5.024402829311895,1,1
482,2015,No,50,Female,White,GN,No,27.26084984436316,No,DBD,55.73805447083248,Negative,Positive,Positive,Positive,2,1,1,4,0,0.0,22,Campath,Tac,MPA,More than 6mo,33.0,76.0,No,No,Yes,Yes,No,No,No,No,Yes,AR,1.0,No,6.642058977384157,Simulect,Less than 60,Less than 24h,4.310321852739902,0,Neg,Yes,37.794782203257355,1,1
483,2017,No,46,Female,White,Reflux/CPN,No,33.590153405606046,Yes,DBD,29.48528950664607,Positive,Positive,Negative,Positive,1,0,0,1,0,1.0,6,Campath,Tac,MPA,More than 6mo,56.0,46.0,No,No,Yes,Yes,No,No,No,No,No,unknown,1.0,No,6.664677318153778,Simulect,Less than 60,Less than 24h,5.542042280258477,1,Neg,Yes,86.65982700055451,1,1
484,2015,No,62,Male,Asian,DKD,No,25.737525742966174,No,Living donor,24.055492275456434,Positive,Positive,Positive,Positive,1,2,1,4,0,0.0,24,Simulect,Tac,MPA,More than 6mo,19.0,29.0,No,No,No,No,No,No,No,No,Yes,unknown,1.0,No,7.0259045389908215,Campath,Less than 60,Less than 24h,5.926606070386464,0,Neg,Yes,85.24731896407128,1,1
485,2017,Yes,31,Female,White,GN,No,25.996941811778985,No,Living donor,32.857706185892845,Positive,Positive,Negative,Positive,0,1,0,1,0,0.0,23,Campath,Tac,MPA,More than 6mo,73.0,15.0,No,No,Yes,Yes,No,No,No,No,No,AR,3.0,No,6.453670277917974,Campath,Less than 60,Less than 24h,6.090684966287637,0,Neg,Yes,21.692408149496636,1,1
486,2014,No,41,Female,Asian,Reflux/CPN,No,31.25954982723224,No,Living donor,57.766869250517836,Negative,Positive,Negative,Positive,1,2,1,4,0,1.0,29,Campath,Tac,MPA,Less than 6mo,69.0,61.0,No,No,No,No,No,No,No,No,Yes,cai,1.0,No,2.9284615016260176,Simulect,Less than 60,Less than 24h,5.967026340407316,0,Pos,NO,93.19379690837988,1,1
487,2015,No,37,Male,White,Reflux/CPN,No,22.339540222618318,No,DBD,72.1615332,Positive,Positive,Positive,Positive,0,1,0,1,0,1.0,4,Campath,Tac,MPA,More than 6mo,75.0,49.0,No,No,No,Yes,No,Yes,No,No,Yes,Rejection while taking immunosuppressive drug(s),1.0,No,0.0,Campath,Less than 60,Less than 24h,3.7733695331729726,0,Pos,NO,62.63066187334755,1,1
488,2015,No,68,Female,White,GN,No,29.54719978055967,No,DBD,53.14822973691266,Negative,Positive,Positive,Positive,0,2,1,3,1,0.0,16,Simulect,Tac,MPA,Less than 6mo,70.0,45.0,Yes,No,No,Yes,No,No,No,No,No,Rejection while taking immunosuppressive drug(s),1.0,No,2.1160306796838646,Simulect,Less than 60,Less than 24h,3.654468784011524,1,Neg,NO,10.0,1,1
489,2016,Yes,50,Female,White,GN,No,32.56187477020468,No,Living donor,22.61665103705005,Positive,Positive,Positive,Positive,1,2,1,4,0,0.0,9,Campath,Tac,MPA,Less than 6mo,58.0,9.0,Yes,No,Yes,Yes,No,No,No,No,No,Rejection while taking immunosuppressive drug(s),1.0,No,6.063302739976201,Campath,Less than 60,Less than 24h,5.023383088664268,1,Neg,Yes,39.31451505216943,1,1
490,2014,No,29,Male,White,DKD,No,27.732266838404176,No,Living donor,18.79774502511767,Negative,Positive,Negative,Positive,0,1,0,1,0,1.0,15,Campath,Tac,MPA,More than 6mo,51.0,29.0,Yes,No,Yes,No,No,No,No,No,No,Rejection while taking immunosuppressive drug(s),1.0,No,6.177992330738066,Simulect,60 and above,Less than 24h,2.2535716082034027,0,Neg,Yes,97.3594041440003,1,1
491,2016,No,22,Female,White,GN,No,22.142820338677815,No,DBD,31.487960124386813,Negative,Positive,Positive,Positive,1,1,0,2,0,1.0,21,Campath,Tac,MPA,Less than 6mo,79.0,95.0,No,No,Yes,Yes,No,No,No,No,Yes,AR,3.0,No,2.6499419290120216,Campath,Less than 60,Less than 24h,5.028642020413781,0,Neg,Yes,88.32939633309846,1,1
492,2014,No,45,Female,Black,Reflux/CPN,Yes,22.47093549559933,Yes,DBD,61.82324869027657,Positive,Positive,Positive,Positive,0,1,1,2,0,0.0,14,Campath,Tac,MPA,More than 6mo,84.0,42.0,No,No,No,No,No,No,No,No,No,CVD,1.0,No,6.343956649354871,Campath,Less than 60,Less than 24h,3.8833989240770723,0,Neg,Yes,100.0,1,1
493,2019,No,46,Male,White,ADPKD,No,24.913269004200583,No,Living donor,69.2801178014083,Negative,Positive,Positive,Positive,1,1,0,2,0,0.0,5,Campath,Tac,MPA,Less than 6mo,50.0,98.0,Yes,No,No,Yes,No,No,No,No,No,AR,1.0,No,6.864094867033414,Campath,Less than 60,Less than 24h,5.024006527062869,0,Neg,Yes,99.95660364426242,1,1
494,2018,No,19,Female,White,Reflux/CPN,No,21.7,No,Living donor,63.58995771880248,Positive,Positive,Positive,Positive,1,0,1,2,0,0.0,3,Simulect,Tac,MPA,More than 6mo,53.0,36.0,No,No,No,No,No,No,No,No,No,Rejection while taking immunosuppressive drug(s),1.0,No,6.538293657085712,Simulect,Less than 60,Less than 24h,1.9778763500629246,1,Neg,Yes,98.88359923558811,1,1
495,2015,No,47,Male,White,GN,No,35.0,No,DBD,32.313308103279404,Positive,Positive,Positive,Positive,1,2,0,3,0,0.0,28,Simulect,other,MPA,Less than 6mo,22.0,10.0,No,No,Yes,Yes,No,No,No,No,No,CVD,1.0,No,5.955925511012773,Simulect,Less than 60,Less than 24h,2.749584085723785,0,Pos,NO,34.12378366875386,1,1
496,2015,No,52,Male,White,ADPKD,No,33.61236329475221,No,Living donor,71.38715033369013,Negative,Positive,Positive,Positive,0,1,1,2,1,1.0,1,Campath,Tac,MPA,Less than 6mo,42.0,50.0,No,No,No,No,No,No,No,No,No,AR,1.0,No,1.4981473136167245,Simulect,Less than 60,Less than 24h,4.105480721204055,0,Neg,NO,0.0,1,1
497,2017,No,64,Male,Black,Other,Yes,24.290158125252372,No,DBD,26.981269975790486,Negative,Positive,Positive,Positive,1,2,0,3,0,1.0,4,Campath,Tac,MPA,Less than 6mo,29.0,25.0,Yes,No,Yes,Yes,No,No,No,No,No,cai,1.0,No,7.035562315004018,Simulect,Less than 60,more than 24h,3.4223980095646627,0,Neg,Yes,38.211110310182995,1,1
498,2015,No,30,Female,Asian,GN,No,22.32792808483091,No,Living donor,59.38007084447137,Positive,Positive,Positive,Positive,2,1,1,4,0,0.0,6,Simulect,Tac,MPA,Less than 6mo,29.0,41.0,No,No,Yes,Yes,No,No,No,No,No,unknown,1.0,No,2.8609300105218107,Campath,Less than 60,Less than 24h,4.447989652989788,1,Neg,Yes,2.283171905407647,1,1
499,2017,Yes,65,Female,White,GN,Yes,23.124877568131005,Yes,DBD,59.53670625763311,Positive,Positive,Negative,Positive,1,1,2,4,0,0.0,4,Campath,Tac,MPA,Less than 6mo,81.0,19.0,No,No,No,Yes,No,No,No,No,Yes,cai,1.0,No,5.696433975619766,Campath,Less than 60,Less than 24h,5.045724283107164,1,Neg,Yes,54.48060355209562,1,1
500,2016,No,63,Male,White,Other,No,25.16200526633095,Yes,Living donor,15.45516769,Positive,Positive,Negative,Positive,0,1,1,2,0,0.0,17,Simulect,Tac,Aza,Less than 6mo,94.0,18.0,No,No,No,Yes,No,No,No,No,No,Rejection while taking immunosuppressive drugs,1.0,Yes,7.113924495671689,Campath,Less than 60,more than 24h,5.017100222415324,0,Neg,Yes,37.319888556844276,1,1
501,2015,No,44,Male,Asian,DKD,No,27.450682102781304,Yes,Living donor,32.782327445468034,Negative,Positive,Negative,Positive,1,1,0,2,0,0.0,15,Campath,Tac,MPA,More than 6mo,94.0,33.0,No,No,Yes,No,No,No,No,No,No,AR,1.0,No,4.864785903087786,Simulect,Less than 60,Less than 24h,3.57910891055188,1,Neg,Yes,88.58992759032395,1,1
502,2015,No,44,Male,White,Unknown,No,21.7,No,DBD,48.07823298125889,Negative,Positive,Positive,Positive,1,1,1,3,0,0.0,2,Campath,Tac,MPA,Less than 6mo,50.0,38.0,No,No,No,No,No,No,No,No,No,unknown,1.0,No,6.929183405386058,Simulect,Less than 60,Less than 24h,3.0882672718625814,1,Neg,Yes,36.885246737549565,1,1
503,2014,No,49,Male,White,Other,No,24.53584594234289,No,Living donor,62.38264610692405,Positive,Positive,Positive,Positive,1,1,1,3,0,0.0,15,Simulect,Tac,MPA,Less than 6mo,21.0,27.0,No,No,No,No,No,No,No,No,Yes,cai,1.0,No,6.007506598879284,Campath,Less than 60,more than 24h,5.275689126337282,0,Neg,Yes,92.26497639577502,1,1
504,2014,No,49,Female,Black,ADPKD,No,23.064677539607974,Yes,Living donor,58.98227210740908,Negative,Positive,Positive,Positive,2,0,1,3,0,1.0,6,Campath,Tac,MPA,Less than 6mo,65.0,56.0,No,No,No,No,No,No,No,No,Yes,AR,1.0,No,5.909171104597941,Campath,Less than 60,Less than 24h,4.1143564026203014,1,Neg,Yes,96.68189728938412,1,1
505,2015,No,47,Female,White,DKD,Yes,32.900824357801575,Yes,DCD,29.381769138207684,Positive,Positive,Positive,Positive,1,1,1,3,1,1.0,16,Campath,Tac,MPA,Less than 6mo,37.0,8.0,No,No,No,No,No,No,No,No,No,Rejection while taking immunosuppressive drug(s),1.0,No,6.328363040422471,Simulect,Less than 60,Less than 24h,4.5283972772917815,1,Neg,NO,92.0,1,1
506,2017,No,40,Female,White,GN,No,31.538833615355557,No,DBD,64.92428508051344,Negative,Positive,Negative,Positive,0,1,1,2,0,0.0,2,Campath,Tac,MPA,Less than 6mo,27.0,10.0,No,No,Yes,No,No,No,No,No,No,AR,1.0,No,5.730230056640381,Campath,Less than 60,Less than 24h,6.058231798739222,0,Neg,Yes,97.72224739059337,1,1
507,2014,No,28,Female,White,Reflux/CPN,Yes,30.306392335718606,Yes,DCD,55.63632543165427,Positive,Positive,Positive,Positive,0,2,0,2,0,1.0,15,Simulect,Tac,MPA,Less than 6mo,70.0,42.0,No,No,Yes,Yes,No,No,No,No,Yes,AR,1.0,No,3.237304878726794,Campath,Less than 60,Less than 24h,5.209494413272666,1,Pos,NO,59.21311261539353,1,1
508,2014,Yes,51,Female,White,Other,No,24.502518307236198,Yes,DBD,34.44274644673664,Positive,Positive,Positive,Positive,0,1,2,3,0,1.0,13,Simulect,Tac,MPA,Less than 6mo,78.0,37.0,No,No,Yes,Yes,No,No,No,No,No,AR,1.0,No,1.0878258564037824,Simulect,Less than 60,more than 24h,5.206639972069748,0,Neg,Yes,63.40904274341776,1,1
509,2015,No,18,Male,White,Other,No,30.975683256694854,No,DCD,29.158611310743723,Negative,Positive,Positive,Positive,0,1,0,1,0,1.0,5,Simulect,Tac,MPA,More than 6mo,37.0,42.0,No,No,No,No,No,No,No,No,Yes,Rejection while taking immunosuppressive drug(s),1.0,No,6.496782647855568,Simulect,Less than 60,Less than 24h,6.098206263535016,0,Neg,Yes,38.221766417874036,1,1
510,2014,Yes,50,Male,White,GN,No,26.32090432336379,Yes,Living donor,25.471136371051912,Positive,Positive,Positive,Positive,1,1,1,3,0,1.0,5,Simulect,Tac,MPA,More than 6mo,55.0,69.0,Yes,No,No,Yes,No,No,Yes,No,No,Rejection while taking immunosuppressive drugs,1.0,No,6.372474345795223,Campath,Less than 60,Less than 24h,4.342200807188122,1,Pos,NO,23.982434087054592,1,1
511,2019,No,51,Male,White,Reflux/CPN,No,32.627441803299654,No,Living donor,26.44221819421489,Positive,Positive,Negative,Positive,0,2,1,3,1,0.0,7,Campath,Tac,MPA,Less than 6mo,61.0,76.0,Yes,No,No,Yes,No,No,No,No,Yes,Rejection while taking immunosuppressive drugs,1.0,No,7.071503110911817,Simulect,Less than 60,more than 24h,4.467726975463825,1,Neg,NO,0.0,1,1
512,2018,Yes,51,Female,White,Reflux/CPN,No,30.28122780775189,Yes,DBD,71.81881698272147,Positive,Positive,Positive,Positive,1,2,1,4,0,0.0,4,Campath,Tac,MPA,Less than 6mo,57.0,56.0,No,No,Yes,No,No,No,No,No,Yes,AR,1.0,No,5.872964317146578,Campath,Less than 60,more than 24h,4.2009535670904254,1,Neg,Yes,35.9362883087242,1,1
513,2015,Yes,65,Male,White,Reflux/CPN,Yes,24.862973366618487,No,Living donor,22.280569530984945,Positive,Positive,Positive,Positive,1,1,1,3,0,0.0,29,Campath,Tac,MPA,Less than 6mo,51.0,47.0,No,No,No,No,No,No,No,No,No,Rejection while taking immunosuppressive drug(s),3.0,No,6.453524737599045,Campath,Less than 60,Less than 24h,4.392967143123158,0,Neg,Yes,67.5383866974188,1,1
514,2015,No,43,Male,White,DKD,No,30.91252090971817,Yes,DBD,16.109511341752867,Negative,Positive,Positive,Positive,1,1,1,3,0,0.0,24,Simulect,Tac,MPA,Less than 6mo,31.0,99.0,Yes,No,No,No,No,No,Yes,No,No,unknown,1.0,No,5.044886242968283,Campath,Less than 60,more than 24h,3.6574434270895297,0,Neg,Yes,69.08588673810102,1,1
515,2015,No,58,Male,White,Other,Yes,22.27991903569774,No,DCD,17.757470398518773,Positive,Positive,Positive,Positive,0,1,0,1,0,0.0,1,Campath,Tac,MPA,Less than 6mo,94.0,27.0,No,No,No,No,No,No,No,No,No,unknown,1.0,No,3.13262300609063,Campath,Less than 60,more than 24h,4.124912292214186,1,Neg,Yes,55.683118533136714,1,1
516,2019,Yes,30,Female,White,Reflux/CPN,Yes,34.12234382682588,No,DBD,26.51916375440871,Positive,Positive,Positive,Positive,1,1,0,2,0,0.0,26,Campath,Tac,MPA,Less than 6mo,27.0,34.0,Yes,No,Yes,No,No,No,No,No,No,CVD,1.0,No,6.23022385300093,Simulect,Less than 60,Less than 24h,4.7648263951641905,0,Neg,Yes,63.98617026489496,1,1
517,2015,No,47,Male,White,Reflux/CPN,Yes,30.222353939326617,No,DBD,26.361108125856447,Positive,Positive,Positive,Positive,1,2,1,4,0,0.0,22,Campath,Tac,MPA,More than 6mo,45.0,8.0,No,No,Yes,No,No,No,No,No,Yes,Rejection while taking immunosuppressive drug(s),3.0,No,2.292033270872931,Campath,Less than 60,Less than 24h,6.877677701833487,1,Neg,Yes,42.220582066971346,1,1
518,2015,No,51,Female,White,GN,No,26.011602644207507,No,Living donor,56.34789041898739,Positive,Positive,Negative,Positive,2,1,1,4,0,0.0,3,Campath,Tac,MPA,More than 6mo,53.0,70.0,No,No,No,No,No,No,No,No,Yes,Rejection while taking immunosuppressive drug(s),1.0,No,6.6926238530412325,Simulect,60 and above,Less than 24h,7.0,1,Neg,Yes,42.58234207525711,1,1
519,2014,No,51,Female,White,DKD,No,29.885687715549146,No,DBD,44.349742883267176,Negative,Negative,Positive,Positive,0,1,1,2,0,1.0,20,Campath,Tac,MPA,Less than 6mo,42.0,54.0,No,No,No,Yes,No,No,No,No,No,Rejection while taking immunosuppressive drug(s),1.0,No,4.054206800940938,Simulect,Less than 60,Less than 24h,2.7594739194689506,1,Neg,Yes,70.85754641243373,1,1
520,2017,No,47,Female,White,Reflux/CPN,No,24.22628782687854,No,Living donor,47.029434868615404,Negative,Positive,Positive,Positive,1,1,1,3,0,0.0,3,Simulect,Tac,MPA,Less than 6mo,38.0,69.0,No,No,No,Yes,Yes,No,No,No,No,cai,1.0,No,6.690622406644589,Simulect,Less than 60,Less than 24h,4.643915005440812,0,Pos,NO,50.521604402416585,1,1
521,2017,No,59,Female,White,DKD,No,35.0,Yes,Living donor,31.887101064501334,Negative,Positive,Positive,Positive,0,0,0,0,1,0.0,14,Simulect,Tac,MPA,More than 6mo,30.0,66.0,Yes,No,No,Yes,No,No,No,No,No,AR,3.0,No,6.925361094154491,Simulect,60 and above,Less than 24h,3.167808474826316,1,Neg,NO,5.0,1,1
522,2014,No,64,Male,White,GN,No,24.452605040343585,No,Living donor,27.3987504706569,Positive,Negative,Negative,Positive,2,1,0,3,1,1.0,4,Campath,Tac,MPA,Less than 6mo,74.0,39.0,No,No,No,Yes,No,No,No,No,Yes,AR,1.0,No,2.712743596474202,Simulect,Less than 60,Less than 24h,3.81291387114336,0,Neg,NO,42.0,1,1
523,2015,No,58,Male,Asian,DKD,No,23.41434569282978,Yes,Living donor,31.336265010258984,Positive,Positive,Positive,Positive,1,1,1,3,0,1.0,2,Simulect,Tac,MPA,Less than 6mo,24.0,45.0,No,No,No,No,No,No,No,No,No,Rejection while taking immunosuppressive drugs,3.0,No,0.8832606263310467,Campath,Less than 60,Less than 24h,2.2727612907082215,0,Neg,Yes,59.508566431178316,1,1
524,2017,No,28,Female,White,Other,No,26.47123079295214,No,Living donor,51.27938035745318,Negative,Positive,Positive,Positive,2,1,0,3,0,1.0,20,Campath,Tac,Aza,Less than 6mo,44.0,35.0,Yes,No,No,No,No,No,No,No,No,AR,3.0,No,2.8274850823948143,Simulect,Less than 60,Less than 24h,2.2672890935424586,1,Neg,Yes,93.98630993925707,1,1
525,2015,No,48,Female,White,Other,No,22.728739489866417,No,Living donor,21.486131277783116,Negative,Positive,Positive,Positive,0,0,0,0,0,0.0,5,Campath,Tac,MPA,Less than 6mo,82.0,48.0,No,No,No,No,No,No,No,No,No,AR,1.0,No,5.819830413508117,Simulect,Less than 60,more than 24h,2.6119497412448376,1,Pos,NO,98.97621506036879,1,1
526,2017,No,46,Male,Asian,Reflux/CPN,No,33.80749516232204,No,Living donor,51.239465878932876,Positive,Positive,Positive,Positive,1,1,1,3,0,0.0,15,Campath,Tac,MPA,Less than 6mo,48.0,10.0,No,No,No,No,No,No,No,No,No,AR,1.0,No,7.154011770694185,Simulect,Less than 60,Less than 24h,3.1575281942621882,0,Neg,Yes,58.342909688669565,1,1
527,2015,No,58,Female,White,Other,No,30.92807701087535,No,Living donor,32.290519930014135,Negative,Positive,Positive,Positive,1,2,1,4,0,0.0,13,Campath,Tac,MPA,Less than 6mo,28.0,60.0,No,No,No,Yes,No,No,No,No,No,Rejection while taking immunosuppressive drug(s),3.0,No,1.0716760021071485,Simulect,Less than 60,Less than 24h,4.987428622496392,0,Pos,NO,90.0540211418466,1,1
528,2014,No,30,Male,Asian,Other,No,27.199270909566543,Yes,DBD,57.96126424071938,Negative,Positive,Positive,Positive,1,1,1,3,0,0.0,6,Simulect,Tac,MPA,Less than 6mo,56.0,60.0,No,No,No,No,No,No,No,No,No,Rejection while taking immunosuppressive drug(s),1.0,No,5.534807592208566,Simulect,Less than 60,more than 24h,4.157341476029736,1,Neg,Yes,38.80118884285913,1,1
529,2016,No,34,Male,White,DKD,No,23.28214739384696,No,Living donor,52.15166162831234,Positive,Positive,Positive,Positive,1,1,1,3,0,0.0,3,Simulect,Tac,MPA,More than 6mo,53.0,44.0,No,No,No,No,No,No,No,No,Yes,unknown,1.0,No,3.5017729368929404,Simulect,Less than 60,Less than 24h,6.281880637971032,0,Neg,Yes,35.54187662508974,1,1
530,2014,No,47,Female,White,Other,No,30.21267122935352,Yes,Living donor,25.214259813893623,Positive,Negative,Positive,Positive,0,2,1,3,0,1.0,5,Simulect,Tac,MPA,Less than 6mo,22.0,63.0,No,No,Yes,No,No,No,No,No,No,AR,1.0,Yes,4.211993881780815,Simulect,Less than 60,Less than 24h,3.3272785321562255,1,Neg,Yes,52.558461034726534,1,1
531,2015,No,50,Male,White,DKD,No,26.660261979341506,No,DBD,50.3414313660368,Negative,Positive,Positive,Positive,2,1,1,4,0,0.0,17,Simulect,Tac,MPA,Less than 6mo,58.0,10.0,No,No,No,Yes,No,No,No,No,No,AR,1.0,No,3.0651838993785447,Simulect,Less than 60,more than 24h,6.357703569989897,1,Neg,Yes,51.559456123306994,1,1
532,2016,No,23,Female,White,Reflux/CPN,Yes,29.375341820958763,Yes,DBD,53.554464888958165,Positive,Positive,Positive,Positive,1,1,2,4,0,0.0,7,Simulect,Tac,MPA,Less than 6mo,24.0,29.0,No,No,No,No,No,No,No,No,No,unknown,1.0,No,6.897010601688979,Simulect,Less than 60,Less than 24h,6.413921192595916,1,Neg,Yes,45.37215841197647,1,1
533,2015,Yes,66,Female,White,Other,No,27.045791817200804,No,Living donor,19.08960634000665,Positive,Positive,Positive,Positive,2,1,1,4,0,1.0,4,Simulect,Tac,MPA,Less than 6mo,38.0,40.0,Yes,No,No,No,No,No,No,No,No,Rejection while taking immunosuppressive drug(s),1.0,No,5.862350840964139,Simulect,Less than 60,Less than 24h,2.4503137485456943,1,Neg,Yes,49.11807396116871,1,1
534,2015,No,47,Male,White,Other,No,25.153583325344062,No,Living donor,47.118503675596415,Negative,Positive,Positive,Positive,1,1,0,2,1,0.0,16,Campath,Tac,MPA,Less than 6mo,26.0,73.0,Yes,No,No,No,No,No,No,Yes,Yes,unknown,1.0,No,3.2928866522269087,Campath,Less than 60,Less than 24h,2.6807649634804926,1,Neg,NO,1.0,1,1
535,2018,No,20,Male,White,DKD,No,22.241384090162068,Yes,Living donor,44.56683203249466,Positive,Positive,Negative,Positive,0,1,0,1,1,0.0,4,Campath,Tac,MPA,Less than 6mo,32.0,42.0,No,No,No,Yes,No,No,No,No,Yes,Rejection while taking immunosuppressive drug(s),1.0,No,7.040056553667334,Simulect,Less than 60,Less than 24h,3.2088549439097593,1,Neg,NO,9.0,1,1
536,2015,No,49,Male,Asian,GN,No,31.816194842883185,Yes,DBD,27.368284950512663,Negative,Positive,Negative,Positive,1,1,1,3,0,0.0,16,Simulect,Tac,MPA,Less than 6mo,22.0,32.0,Yes,No,No,Yes,No,No,No,5,No,Rejection while taking immunosuppressive drugs,1.0,No,6.312895367975695,Simulect,Less than 60,Less than 24h,4.6930695964445395,1,Neg,Yes,93.70111531802844,1,1
537,2016,Yes,45,Male,Other,Reflux/CPN,No,34.42236855288156,No,DBD,53.343780338542544,Negative,Positive,Positive,Positive,2,1,0,3,0,0.0,2,Simulect,Tac,MPA,Less than 6mo,21.0,48.0,No,No,No,Yes,No,No,No,No,Yes,Rejection while taking immunosuppressive drug(s),1.0,No,5.5251188502701325,Campath,Less than 60,Less than 24h,7.0,0,Neg,Yes,92.61599723634875,1,1
538,2019,No,47,Female,Asian,DKD,Yes,24.415912964041468,No,DBD,30.52561566223246,Positive,Positive,Negative,Positive,2,1,1,4,0,0.0,13,Campath,Tac,MPA,Less than 6mo,53.0,49.0,No,No,Yes,No,No,No,No,No,Yes,Rejection while taking immunosuppressive drug(s),1.0,No,4.832274886254347,Campath,60 and above,Less than 24h,6.165839527207494,0,Neg,Yes,68.08772370666205,1,1
539,2015,No,29,Female,White,Reflux/CPN,Yes,27.066828826185834,No,Living donor,32.30386439766901,Positive,Positive,Positive,Positive,1,0,1,2,0,1.0,15,Simulect,Tac,MPA,Less than 6mo,42.0,59.0,No,Yes,No,No,No,No,No,No,No,cai,1.0,No,1.5266013386991846,Simulect,Less than 60,Less than 24h,5.547166750766275,0,Pos,NO,99.33085071122483,1,1
540,2014,No,70,Female,White,Other,Yes,25.766613500184274,No,Living donor,34.70799371238511,Positive,Positive,Negative,Positive,2,1,0,3,0,0.0,20,Simulect,Tac,MPA,Less than 6mo,30.0,81.0,No,No,No,Yes,No,No,No,No,No,Rejection while taking immunosuppressive drug(s),1.0,No,5.657214361139662,Campath,Less than 60,Less than 24h,2.835812014587966,1,Neg,Yes,87.07372688696117,1,1
541,2015,No,51,Male,White,GN,Yes,35.0,No,DBD,54.1108985733558,Negative,Negative,Positive,Positive,1,1,0,2,0,0.0,6,Campath,Tac,MPA,Less than 6mo,44.0,76.0,No,No,No,No,No,No,No,No,No,Rejection while taking immunosuppressive drugs,1.0,No,6.66388908235664,Simulect,Less than 60,Less than 24h,2.7916351630515464,0,Neg,Yes,48.71989655056605,1,1
542,2018,No,46,Male,White,Other,No,25.156143768183654,No,DCD,28.320136483202013,Positive,Positive,Positive,Positive,2,1,1,4,0,0.0,16,Campath,Tac,MPA,Less than 6mo,92.0,104.0,No,No,No,Yes,No,No,No,No,No,unknown,3.0,No,7.5,Campath,Less than 60,Less than 24h,2.937288872170109,1,Neg,Yes,94.43274006475446,1,1
543,2016,No,30,Female,Asian,Other,No,26.277320318771853,No,DBD,22.077787120989548,Positive,Positive,Positive,Positive,1,0,0,1,0,1.0,19,Campath,Tac,MPA,More than 6mo,39.0,23.0,Yes,Yes,No,No,No,No,No,No,Yes,unknown,3.0,No,6.044771539562432,Simulect,60 and above,Less than 24h,2.3363583700768165,1,Neg,Yes,41.13533443580035,1,1
544,2018,No,50,Female,White,Other,No,23.368634046218357,Yes,Living donor,23.753956219617965,Negative,Positive,Positive,Positive,0,2,1,3,0,0.0,8,Simulect,Tac,MPA,More than 6mo,70.0,37.0,No,No,No,Yes,No,No,No,No,No,Rejection while taking immunosuppressive drug(s),3.0,No,7.1088640994696854,Campath,60 and above,Less than 24h,1.8,1,Neg,Yes,2.892334696464928,1,1
545,2016,No,38,Male,Asian,GN,No,34.04622856732848,No,Living donor,30.29960872647174,Negative,Positive,Positive,Positive,1,1,1,3,1,0.0,4,Campath,Tac,MPA,Less than 6mo,26.0,60.0,No,No,No,No,No,No,No,No,No,Rejection while taking immunosuppressive drug(s),1.0,No,4.675265554559224,Campath,Less than 60,Less than 24h,1.924149359322024,1,Neg,NO,82.0,1,1
546,2015,No,47,Female,White,ADPKD,Yes,30.934915304826575,Yes,DCD,26.03596979403515,Positive,Positive,Positive,Positive,0,1,0,1,0,1.0,5,Simulect,Tac,MPA,Less than 6mo,69.0,63.0,Yes,No,No,No,No,No,No,No,No,Rejection while taking immunosuppressive drugs,1.0,No,5.078767919285333,Simulect,Less than 60,Less than 24h,4.513230710437174,1,Neg,Yes,63.7229666941369,1,1
547,2014,No,60,Female,White,DKD,No,22.139111276896113,No,DBD,55.20266442904786,Positive,Positive,Positive,Positive,1,1,2,4,0,0.0,12,Simulect,other,MPA,Less than 6mo,49.0,15.0,No,No,Yes,No,No,No,No,No,No,Rejection while taking immunosuppressive drug(s),1.0,No,5.793734345430297,Campath,Less than 60,Less than 24h,4.952397437118673,0,Neg,Yes,34.62340826614425,1,1
548,2014,No,57,Female,White,Other,No,23.7928495021088,Yes,Living donor,50.027353788342964,Positive,Positive,Positive,Positive,0,1,1,2,0,0.0,23,Simulect,Tac,MPA,Less than 6mo,90.0,80.0,No,No,No,Yes,No,No,No,5,Yes,Rejection while taking immunosuppressive drug(s),3.0,No,6.338997211568877,Campath,Less than 60,more than 24h,5.183816462382042,0,Pos,NO,56.64995640492326,1,1
549,2014,No,45,Female,White,Reflux/CPN,No,23.217948444430117,Yes,Living donor,57.10762212550424,Positive,Positive,Negative,Positive,1,2,1,4,0,0.0,3,Campath,Tac,MPA,Less than 6mo,70.0,33.0,No,No,Yes,Yes,No,No,No,No,No,Rejection while taking immunosuppressive drug(s),3.0,No,0.47390430912551335,Simulect,Less than 60,more than 24h,4.958601896456957,1,Neg,Yes,42.04555953127527,1,1
550,2018,Yes,69,Male,White,Other,No,34.48189472526056,No,DBD,66.06352059959366,Positive,Positive,Positive,Positive,1,1,1,3,0,0.0,16,Simulect,Tac,MPA,Less than 6mo,32.0,38.0,No,No,Yes,No,No,No,No,No,No,AR,1.0,No,2.268158756109414,Campath,Less than 60,Less than 24h,3.869149917151601,1,Neg,Yes,61.272659359344054,1,1
551,2015,No,28,Male,White,GN,No,32.45416956054616,No,DBD,62.18145415078353,Positive,Negative,Negative,Positive,0,1,1,2,0,0.0,20,Simulect,Tac,MPA,Less than 6mo,27.0,8.0,Yes,No,No,No,No,No,No,No,No,Rejection while taking immunosuppressive drug(s),1.0,No,1.4551767767934674,Campath,Less than 60,Less than 24h,5.976190806058927,0,Pos,NO,49.557076876215184,1,1
552,2014,No,27,Female,Asian,Reflux/CPN,Yes,25.72643881977753,Yes,Living donor,28.56746381143866,Positive,Positive,Positive,Positive,0,0,1,1,0,0.0,14,Campath,Tac,MPA,More than 6mo,38.0,70.0,No,Yes,No,No,No,No,Yes,No,No,AR,1.0,No,2.915848262176089,Campath,Less than 60,Less than 24h,6.988177534245153,1,Neg,Yes,82.65071241946433,1,1
553,2016,No,47,Female,White,Reflux/CPN,Yes,26.285873317822034,No,DBD,61.798643714338276,Positive,Positive,Negative,Positive,1,2,0,3,0,1.0,5,Simulect,Tac,MPA,More than 6mo,29.0,73.0,No,No,No,No,No,No,No,No,No,unknown,1.0,No,2.7019242683545563,Simulect,Less than 60,Less than 24h,5.868999365840881,1,Neg,Yes,35.70126910519778,1,1
554,2015,Yes,43,Female,White,DKD,No,29.343130687637338,Yes,DCD,51.387206374993674,Positive,Positive,Positive,Positive,0,0,1,1,0,0.0,8,Simulect,Tac,MPA,More than 6mo,37.0,69.0,No,No,No,No,No,No,No,No,No,unknown,3.0,No,0.7915791851851892,Campath,Less than 60,more than 24h,3.3739275169846312,0,Neg,Yes,51.40577343359411,1,1
555,2015,No,18,Male,Black,Other,No,31.965851937979103,Yes,Living donor,61.86639296856977,Negative,Positive,Negative,Positive,0,0,0,0,0,1.0,4,Campath,Tac,MPA,More than 6mo,23.0,60.0,No,No,No,Yes,No,No,No,No,No,AR,1.0,No,5.698601502432618,Simulect,Less than 60,Less than 24h,3.9928951361741456,0,Neg,Yes,100.0,1,1
556,2017,Yes,31,Male,White,DKD,Yes,26.407944538485218,No,DBD,42.737604220542984,Negative,Positive,Positive,Positive,2,0,1,3,0,0.0,11,Campath,Tac,MPA,Less than 6mo,39.0,52.0,No,No,No,No,No,No,No,No,Yes,cai,1.0,No,6.333908767660766,Simulect,60 and above,Less than 24h,5.201965025014923,0,Neg,Yes,72.57190160178301,1,1
557,2018,No,44,Male,White,Other,No,26.828696326906748,Yes,Living donor,32.24604610091796,Positive,Positive,Negative,Positive,1,1,1,3,0,1.0,13,Simulect,Tac,MPA,Less than 6mo,22.0,58.0,No,No,No,No,No,No,No,No,No,Rejection while taking immunosuppressive drug(s),3.0,No,0.0,Simulect,Less than 60,Less than 24h,2.9076343770792845,0,Neg,Yes,94.21730711142452,1,1
558,2018,No,44,Male,White,Reflux/CPN,No,29.314347157728992,No,DBD,48.25694034756726,Negative,Positive,Negative,Positive,1,0,0,1,0,0.0,29,Simulect,Tac,MPA,More than 6mo,78.0,37.0,No,No,No,Yes,No,No,No,No,No,unknown,1.0,No,6.528526863200199,Campath,Less than 60,more than 24h,4.91681805081569,0,Neg,Yes,100.0,1,1
559,2015,No,60,Female,White,GN,Yes,22.194780388283146,Yes,Living donor,42.73861126973936,Positive,Positive,Positive,Positive,0,1,2,3,1,0.0,3,Campath,Tac,MPA,Less than 6mo,61.0,45.0,No,No,Yes,No,No,No,No,No,Yes,cai,3.0,No,2.7890315215040022,Campath,Less than 60,Less than 24h,3.061068280966113,1,Neg,NO,49.0,1,1
560,2014,No,58,Female,White,DKD,No,25.35792191527413,Yes,Living donor,15.45516769,Positive,Positive,Positive,Positive,1,1,0,2,0,0.0,14,Campath,Tac,MPA,More than 6mo,90.0,21.0,No,No,No,No,No,No,Yes,No,No,cai,1.0,No,3.7900052426367625,Campath,Less than 60,Less than 24h,4.683899994580256,0,Neg,Yes,37.048178377001676,1,1
561,2014,No,30,Male,White,Other,No,26.054306871847004,Yes,Living donor,30.396892911335456,Positive,Positive,Positive,Positive,0,1,1,2,1,1.0,4,Simulect,Tac,MPA,Less than 6mo,65.0,43.0,No,No,Yes,Yes,No,No,No,No,No,unknown,3.0,No,5.470478664724894,Campath,Less than 60,Less than 24h,4.8082504319865205,0,Neg,NO,0.0,1,1
562,2019,Yes,59,Female,Other,GN,No,28.883048685888173,No,DCD,64.65448418491809,Positive,Positive,Negative,Positive,1,1,1,3,0,1.0,5,Campath,Tac,MPA,More than 6mo,39.0,35.0,No,No,No,No,No,No,No,No,Yes,Rejection while taking immunosuppressive drugs,1.0,No,6.031792034571907,Campath,Less than 60,Less than 24h,5.416231084246714,0,Neg,Yes,18.47230360895508,1,1
563,2014,No,19,Male,White,Unknown,No,29.616749593396737,No,DBD,40.1415187827702,Positive,Positive,Negative,Positive,0,0,1,1,0,0.0,13,Campath,Tac,MPA,Less than 6mo,43.0,90.0,No,No,No,No,No,No,No,No,No,unknown,1.0,Yes,3.8968300755853025,Campath,Less than 60,Less than 24h,3.9806549882447446,1,Neg,Yes,91.88047683776996,1,1
564,2017,No,49,Male,White,DKD,Yes,24.170753997471618,Yes,DCD,44.597353360851066,Positive,Positive,Negative,Positive,1,0,1,2,0,0.0,6,Campath,Tac,MPA,Less than 6mo,22.0,36.0,Yes,No,No,No,No,No,No,No,No,cai,1.0,No,2.5067383245508865,Campath,Less than 60,more than 24h,2.460457174812356,0,Pos,NO,64.20094868231755,1,1
565,2015,No,25,Male,White,Reflux/CPN,No,23.8074277697851,No,DCD,20.61005446157052,Negative,Positive,Positive,Positive,1,2,1,4,1,0.0,3,Campath,Tac,MPA,More than 6mo,29.0,68.0,No,No,No,No,No,No,No,No,No,AR,1.0,No,6.225503869943434,Campath,60 and above,more than 24h,2.8738561822066955,1,Neg,NO,65.0,1,1
566,2015,Yes,53,Male,White,Reflux/CPN,No,24.490542883153275,No,Living donor,58.00987460725247,Positive,Negative,Positive,Positive,2,1,1,4,0,1.0,23,Simulect,Tac,MPA,Less than 6mo,28.0,54.0,No,No,No,No,No,No,No,No,No,unknown,3.0,No,5.819339580990201,Campath,Less than 60,Less than 24h,3.6882036679114205,0,Neg,Yes,94.31323506540238,1,1
567,2017,Yes,70,Male,White,Reflux/CPN,No,28.618763584500307,Yes,DCD,53.696190168699985,Negative,Positive,Negative,Positive,1,1,1,3,0,0.0,5,Campath,Tac,MPA,More than 6mo,89.0,51.0,No,No,No,Yes,No,No,No,No,No,cai,3.0,No,5.740944787910988,Simulect,Less than 60,Less than 24h,4.098996489417322,0,Pos,NO,100.0,1,1
568,2015,Yes,29,Female,White,GN,No,34.780915123359456,No,Living donor,64.08907163376674,Positive,Positive,Negative,Positive,0,2,1,3,0,0.0,4,Campath,Tac,MPA,Less than 6mo,69.0,47.0,No,No,No,Yes,No,No,Yes,No,Yes,AR,1.0,No,5.9289418947202375,Simulect,Less than 60,Less than 24h,2.3754014530631835,1,Neg,Yes,84.1612404120079,1,1
569,2015,No,47,Female,White,ADPKD,No,32.58926058635488,No,DBD,23.807151745944164,Negative,Positive,Negative,Positive,1,0,0,1,0,1.0,5,Simulect,Tac,Aza,More than 6mo,78.0,62.0,No,No,Yes,No,No,No,No,No,No,Rejection while taking immunosuppressive drug(s),1.0,No,6.55033516460708,Simulect,Less than 60,Less than 24h,2.907682275191519,1,Neg,Yes,55.36547052815776,1,1
570,2016,No,62,Male,White,DKD,No,22.273487414466757,No,Living donor,55.41250194313881,Positive,Positive,Negative,Positive,1,1,1,3,0,0.0,14,Campath,Tac,MPA,Less than 6mo,91.0,46.0,Yes,No,Yes,Yes,No,No,No,No,Yes,cai,1.0,No,1.7939774726416933,Campath,Less than 60,Less than 24h,3.4364285874421077,1,Neg,Yes,57.31900145608011,1,1
571,2017,No,18,Male,White,GN,No,25.969179989482296,Yes,DBD,52.82690540929079,Positive,Positive,Negative,Positive,2,1,1,4,0,0.0,5,Simulect,Tac,MPA,More than 6mo,40.0,74.0,No,No,No,No,No,No,No,No,No,Rejection while taking immunosuppressive drug(s),1.0,No,6.126558669785618,Campath,Less than 60,Less than 24h,5.058006055845627,1,Neg,Yes,97.9989359518875,1,1
572,2016,Yes,46,Female,Asian,DKD,Yes,28.03237354090009,No,Living donor,34.30867641022974,Negative,Negative,Positive,Positive,1,1,1,3,1,0.0,23,Campath,Tac,MPA,Less than 6mo,43.0,36.0,Yes,No,No,No,No,No,No,No,No,AR,3.0,No,5.49074319060859,Simulect,Less than 60,Less than 24h,4.045805017868589,1,Neg,NO,90.0,1,1
573,2015,No,53,Female,White,GN,No,33.81600698934219,No,DBD,15.45516769,Positive,Positive,Positive,Positive,1,0,1,2,0,0.0,27,Simulect,Tac,MPA,Less than 6mo,27.0,73.0,No,No,Yes,No,No,No,No,No,Yes,AR,1.0,No,6.09049633682079,Simulect,Less than 60,more than 24h,5.286564325090263,0,Neg,Yes,93.99808785541825,1,1
574,2015,No,37,Male,White,Reflux/CPN,Yes,33.43213981818297,Yes,DBD,54.99216844149005,Positive,Positive,Positive,Positive,0,1,0,1,0,1.0,9,Campath,Tac,MPA,Less than 6mo,43.0,21.0,No,No,Yes,Yes,No,No,No,4,Yes,unknown,1.0,No,6.224128326928051,Simulect,Less than 60,Less than 24h,3.8813300601578167,1,Neg,Yes,52.805786068589256,1,1
575,2016,Yes,39,Male,White,Other,No,21.788583360636935,No,Living donor,58.52551309206699,Positive,Positive,Positive,Positive,1,1,1,3,0,1.0,6,Simulect,Tac,MPA,More than 6mo,51.0,62.0,No,No,No,No,No,No,No,No,Yes,cai,1.0,No,2.884412992417021,Simulect,Less than 60,Less than 24h,5.031933754177744,0,Neg,Yes,100.0,1,1
576,2015,Yes,60,Male,White,GN,No,24.20242544887371,No,DBD,32.92315910644204,Negative,Positive,Positive,Positive,1,2,1,4,1,1.0,2,Simulect,Tac,MPA,More than 6mo,90.0,45.0,Yes,No,No,No,No,No,No,No,Yes,Rejection while taking immunosuppressive drugs,3.0,No,6.949350937986316,Simulect,Less than 60,Less than 24h,3.029040896869584,1,Neg,NO,42.0,1,1
577,2015,No,41,Male,White,Unknown,No,23.24974970720971,Yes,DBD,53.12521532310735,Positive,Positive,Negative,Positive,1,1,1,3,0,0.0,15,Simulect,Tac,MPA,Less than 6mo,88.0,8.0,No,No,Yes,Yes,No,No,No,No,No,Rejection while taking immunosuppressive drug(s),1.0,No,4.020217357215511,Campath,Less than 60,Less than 24h,3.1804639430162895,0,Neg,Yes,99.62193406526323,1,1
578,2016,No,31,Female,White,DKD,No,26.948371200394067,No,DBD,53.97571479956233,Negative,Negative,Positive,Positive,2,1,1,4,0,1.0,17,Simulect,Tac,MPA,Less than 6mo,33.0,89.0,No,No,Yes,No,No,No,No,No,Yes,AR,1.0,No,2.495865462896345,Campath,Less than 60,Less than 24h,6.836443707895411,1,Neg,Yes,40.079749685740374,1,1
579,2015,No,61,Male,White,Unknown,Yes,24.489714443524534,No,DBD,36.447344067913,Negative,Positive,Positive,Positive,1,1,1,3,0,1.0,6,Simulect,Tac,MPA,Less than 6mo,87.0,79.0,No,No,No,No,No,No,No,No,Yes,Rejection while taking immunosuppressive drugs,1.0,No,5.62935257750717,Simulect,Less than 60,more than 24h,4.59230308249784,1,Neg,Yes,0.0,1,1
580,2015,No,34,Female,Black,Other,No,33.77727317824577,Yes,Living donor,51.70345887163538,Positive,Positive,Negative,Positive,2,0,1,3,0,0.0,12,Campath,Tac,MPA,Less than 6mo,33.0,40.0,No,No,No,No,No,No,No,No,No,Rejection while taking immunosuppressive drug(s),3.0,No,6.4457366477466085,Campath,Less than 60,more than 24h,5.046026631716692,1,Neg,Yes,96.79541919113304,1,1
581,2014,No,62,Female,Other,DKD,No,33.11998003068997,Yes,DBD,54.96209290180466,Positive,Positive,Negative,Positive,2,1,1,4,0,0.0,7,Simulect,Tac,MPA,Less than 6mo,32.0,39.0,Yes,No,Yes,No,No,No,No,No,No,Rejection while taking immunosuppressive drugs,1.0,No,5.659245928815334,Campath,Less than 60,Less than 24h,3.0899804128625985,1,Neg,Yes,63.61827077684456,1,1
582,2014,No,50,Male,Asian,DKD,No,25.521384373648512,No,DCD,60.79042618940389,Negative,Positive,Positive,Positive,1,2,1,4,0,1.0,21,Campath,Tac,MPA,Less than 6mo,75.0,11.0,Yes,No,Yes,Yes,No,No,No,No,Yes,Rejection while taking immunosuppressive drugs,1.0,No,4.734828174995194,Simulect,Less than 60,Less than 24h,4.056953534738047,1,Neg,Yes,54.00428083485764,1,1
583,2014,No,43,Male,White,Reflux/CPN,No,30.558151165902093,Yes,Living donor,51.41883124897532,Positive,Positive,Positive,Positive,1,1,1,3,0,1.0,1,Campath,Tac,MPA,More than 6mo,30.0,91.0,No,No,No,No,No,No,No,No,Yes,AR,1.0,No,6.2861852026713985,Campath,60 and above,more than 24h,4.708699630847006,1,Neg,Yes,96.5048963721908,1,1
584,2018,No,33,Female,White,Other,No,27.965832159057623,Yes,Living donor,55.259366676419184,Negative,Positive,Negative,Positive,0,1,1,2,0,0.0,5,Simulect,Tac,MPA,Less than 6mo,17.0,49.0,No,No,Yes,No,No,No,No,Yes,No,unknown,3.0,No,1.4980277106974376,Simulect,Less than 60,Less than 24h,3.353014301694364,1,Neg,Yes,43.96088807344253,1,1
585,2016,No,49,Female,Asian,Reflux/CPN,Yes,23.400669066244735,No,DBD,72.1615332,Positive,Positive,Positive,Positive,1,1,1,3,0,0.0,5,Campath,Tac,MPA,More than 6mo,50.0,58.0,No,No,Yes,Yes,No,No,No,No,No,cai,1.0,No,6.39836042001685,Simulect,Less than 60,Less than 24h,7.0,0,Neg,Yes,44.899828697287944,1,1
586,2017,No,58,Female,White,Other,Yes,35.0,No,Living donor,26.05663008541926,Positive,Positive,Negative,Positive,2,1,1,4,1,0.0,6,Simulect,Tac,MPA,Less than 6mo,60.0,48.0,No,No,No,Yes,No,No,No,No,No,cai,1.0,No,1.4161295532558695,Simulect,Less than 60,Less than 24h,4.392330776469288,0,Neg,NO,0.0,1,1
587,2019,No,52,Female,White,Reflux/CPN,Yes,26.22889094112716,Yes,DCD,63.04586513820487,Negative,Positive,Negative,Positive,2,1,1,4,0,0.0,2,Campath,Tac,MPA,Less than 6mo,72.0,35.0,No,No,No,No,No,No,No,No,No,cai,1.0,No,3.796326536365374,Campath,Less than 60,Less than 24h,6.296519909936774,1,Neg,Yes,36.39015897163482,1,1
588,2015,No,45,Female,White,Other,No,32.66533053399081,Yes,DBD,50.455269558552224,Positive,Positive,Negative,Positive,2,0,1,3,0,1.0,23,Campath,Tac,MPA,More than 6mo,40.0,32.0,Yes,No,Yes,No,No,No,No,No,No,CVD,1.0,No,6.369507501835085,Simulect,Less than 60,Less than 24h,4.759170159941623,1,Neg,Yes,51.10828687569227,1,1
589,2019,No,47,Female,Black,DKD,No,25.910035754240443,No,DBD,53.64443258467544,Positive,Positive,Positive,Positive,1,1,1,3,0,1.0,15,Simulect,Tac,MPA,More than 6mo,17.0,55.0,No,No,No,Yes,No,No,No,No,No,AR,3.0,No,5.012576879495295,Campath,60 and above,Less than 24h,4.732956388693995,1,Pos,NO,92.35792403922943,1,1
590,2019,No,51,Female,White,Other,No,28.186211482781072,No,Living donor,43.70844510200174,Positive,Negative,Positive,Positive,1,0,0,1,0,1.0,6,Simulect,Tac,MPA,More than 6mo,48.0,24.0,No,No,No,Yes,No,No,No,No,No,Rejection while taking immunosuppressive drug(s),1.0,No,1.4350114791487365,Simulect,Less than 60,Less than 24h,5.109830069457157,1,Neg,Yes,91.49292894409608,1,1
591,2019,No,55,Female,White,Other,Yes,25.88801571924243,Yes,DBD,25.15608963785207,Positive,Positive,Positive,Positive,2,1,1,4,1,0.0,3,Simulect,Tac,MPA,Less than 6mo,34.0,34.0,No,No,No,No,No,No,No,No,No,AR,1.0,No,1.6567076022145182,Simulect,Less than 60,more than 24h,3.0733281650745163,0,Neg,NO,100.0,1,1
592,2015,No,28,Male,White,GN,No,23.945338889085914,Yes,DBD,31.00933148097237,Positive,Positive,Negative,Positive,2,2,1,5,0,0.0,3,Campath,Tac,MPA,Less than 6mo,33.0,92.0,No,No,No,Yes,No,No,No,No,No,unknown,1.0,No,5.992673566415311,Campath,Less than 60,Less than 24h,4.037066010653181,0,Neg,Yes,53.037300793977906,1,1
593,2016,No,50,Female,White,Unknown,No,33.28381524792717,No,DBD,34.123397496999424,Positive,Positive,Positive,Positive,0,1,1,2,0,1.0,5,Simulect,Tac,MPA,More than 6mo,51.0,65.0,Yes,No,Yes,No,No,No,No,No,No,CVD,1.0,No,5.945295736900914,Simulect,Less than 60,Less than 24h,5.639695823398324,0,Neg,Yes,94.06808787019742,1,1
594,2014,No,47,Female,White,Other,No,33.254846729564534,Yes,DCD,27.164469705957266,Negative,Positive,Positive,Positive,1,1,1,3,0,1.0,5,Simulect,Tac,MPA,More than 6mo,78.0,52.0,No,No,No,No,No,No,No,No,Yes,CVD,1.0,No,3.722909858223384,Campath,Less than 60,Less than 24h,2.938264663132452,0,Neg,Yes,43.607797047511006,1,1
595,2015,No,18,Female,Asian,Reflux/CPN,No,26.335359313193614,No,DCD,52.76740739642108,Positive,Positive,Positive,Positive,1,1,1,3,0,0.0,9,Simulect,Tac,MPA,More than 6mo,43.0,11.0,No,No,No,Yes,No,No,No,No,No,Rejection while taking immunosuppressive drugs,1.0,No,4.716179810889583,Campath,Less than 60,Less than 24h,7.0,0,Neg,Yes,89.75472863269317,1,1
596,2016,No,46,Male,Asian,Reflux/CPN,No,34.30919144823127,No,DBD,49.74234357821673,Positive,Positive,Positive,Positive,1,1,0,2,0,0.0,15,Campath,Tac,MPA,Less than 6mo,42.0,63.0,No,No,No,Yes,No,No,No,No,No,AR,1.0,No,6.741349422548146,Campath,60 and above,more than 24h,6.470321124717808,1,Neg,Yes,43.74866408306917,1,1
597,2017,Yes,43,Female,White,GN,No,28.128178240166747,Yes,DBD,22.52413359367904,Positive,Positive,Negative,Positive,2,0,0,2,1,0.0,6,Campath,Tac,MPA,Less than 6mo,58.0,40.0,No,No,Yes,No,No,No,No,No,No,AR,1.0,No,3.8856399388427763,Campath,Less than 60,more than 24h,6.550066887873308,1,Neg,NO,29.0,1,1
598,2015,No,41,Female,White,GN,Yes,30.572602057674022,No,DBD,29.388757441048664,Positive,Positive,Negative,Positive,2,1,1,4,0,0.0,9,Campath,Tac,MPA,More than 6mo,26.0,41.0,No,No,Yes,Yes,No,No,No,No,Yes,AR,1.0,No,6.799617751639551,Campath,Less than 60,Less than 24h,3.4018386433831362,0,Neg,Yes,39.364818839681924,1,1
599,2017,Yes,42,Male,White,Reflux/CPN,Yes,31.554969145779552,Yes,Living donor,23.512871842573947,Positive,Positive,Positive,Positive,0,2,1,3,0,1.0,12,Campath,Tac,MPA,Less than 6mo,52.0,68.0,Yes,No,No,No,No,No,No,No,No,AR,1.0,No,5.659648050832445,Campath,Less than 60,Less than 24h,2.0547975252547954,1,Pos,NO,99.83203941335803,1,1
600,2015,No,39,Male,Asian,Other,No,28.12131736279845,No,DBD,50.54672568308033,Negative,Negative,Negative,Positive,1,1,0,2,1,0.0,12,Simulect,Tac,MPA,Less than 6mo,23.0,34.0,Yes,No,No,No,No,No,No,No,Yes,AR,1.0,No,6.037294877683208,Simulect,Less than 60,Less than 24h,2.495266159684405,0,Neg,NO,0.0,1,1
601,2014,No,28,Female,White,Other,No,23.972686623291118,Yes,Living donor,26.69457121129215,Negative,Positive,Positive,Positive,2,1,1,4,0,0.0,4,Campath,Tac,MPA,Less than 6mo,79.0,54.0,No,No,No,No,No,No,No,5,No,AR,1.0,No,5.971243057932786,Simulect,Less than 60,Less than 24h,5.266654909754161,1,Neg,Yes,64.79548222047092,1,1
602,2015,No,46,Male,Other,ADPKD,No,23.680658429325362,Yes,DBD,47.42125441329323,Positive,Positive,Negative,Positive,1,1,1,3,0,0.0,9,Campath,Tac,MPA,Less than 6mo,42.0,61.0,No,No,Yes,No,No,No,No,No,No,Rejection while taking immunosuppressive drug(s),1.0,No,4.5705941760098545,Simulect,Less than 60,Less than 24h,5.188110564236931,1,Neg,Yes,47.328284447400215,1,1
603,2015,No,55,Male,Asian,DKD,No,33.29781041711968,No,DBD,70.74638462440174,Negative,Positive,Negative,Positive,1,2,1,4,0,0.0,6,Simulect,Tac,MPA,Less than 6mo,37.0,63.0,No,No,No,No,No,No,No,No,No,cai,1.0,No,6.008545938755071,Campath,Less than 60,Less than 24h,3.707613003492308,0,Neg,Yes,59.175752896952545,1,1
604,2019,No,33,Male,White,GN,No,24.304417168275236,Yes,DBD,52.476418189226656,Positive,Negative,Negative,Positive,1,1,0,2,0,0.0,5,Campath,Tac,MPA,Less than 6mo,35.0,98.0,No,No,No,Yes,No,No,No,No,No,cai,3.0,No,6.0211257784583605,Simulect,Less than 60,Less than 24h,4.004280785235431,0,Neg,Yes,100.0,1,1
605,2014,Yes,48,Female,White,Unknown,Yes,27.309921170475274,Yes,DBD,52.98077405999365,Positive,Positive,Negative,Positive,1,1,1,3,0,1.0,16,Campath,Tac,MPA,Less than 6mo,39.0,44.0,No,No,No,Yes,No,No,No,No,No,Rejection while taking immunosuppressive drugs,1.0,No,7.5,Campath,60 and above,Less than 24h,4.674953290687691,0,Neg,Yes,64.0087413990239,1,1
606,2019,No,23,Male,Asian,GN,No,30.27959509615131,No,Living donor,66.9540459563788,Positive,Positive,Positive,Positive,1,1,1,3,0,1.0,15,Campath,Tac,MPA,More than 6mo,33.0,34.0,No,No,No,Yes,No,No,No,No,Yes,AR,1.0,No,2.8964522558656642,Simulect,Less than 60,Less than 24h,5.114388682681467,1,Neg,Yes,41.49940241531707,1,1
607,2015,No,49,Male,White,Reflux/CPN,No,23.84295462643076,No,DCD,29.36687454202754,Positive,Positive,Positive,Positive,1,1,1,3,0,0.0,17,Campath,Tac,MPA,Less than 6mo,42.0,13.0,Yes,No,No,No,No,No,No,No,No,cai,1.0,No,4.413834628998733,Simulect,Less than 60,Less than 24h,6.708351935026596,1,Neg,Yes,97.34487409444401,1,1
608,2014,No,47,Male,White,GN,No,25.933071978766836,No,DCD,15.45516769,Negative,Positive,Negative,Positive,2,2,1,5,0,0.0,21,Campath,Tac,MPA,Less than 6mo,42.0,43.0,No,No,No,Yes,No,No,No,No,No,AR,1.0,No,4.468492092971108,Campath,Less than 60,more than 24h,3.1935008376787146,0,Neg,Yes,44.04015364952807,1,1
609,2016,No,46,Female,Asian,Other,Yes,25.451333568309312,No,DBD,57.116718137729805,Positive,Negative,Negative,Positive,1,0,1,2,0,1.0,26,Campath,Tac,MPA,Less than 6mo,24.0,35.0,No,No,Yes,Yes,No,No,No,No,No,Rejection while taking immunosuppressive drugs,1.0,No,3.9850747430160163,Campath,Less than 60,Less than 24h,4.090107382617296,1,Pos,NO,100.0,1,1
610,2016,No,65,Female,White,DKD,No,25.312782589524264,No,DBD,34.77458948330782,Positive,Positive,Negative,Positive,2,0,1,3,0,0.0,6,Campath,Tac,MPA,Less than 6mo,58.0,36.0,No,No,No,Yes,No,No,No,No,No,Rejection while taking immunosuppressive drug(s),1.0,No,5.95553033825535,Campath,60 and above,Less than 24h,6.437561460896359,1,Neg,Yes,99.23363104768883,1,1
611,2016,No,62,Male,White,Reflux/CPN,No,33.11348489519977,No,DBD,54.8535715805822,Positive,Negative,Negative,Positive,0,1,0,1,0,0.0,15,Campath,Tac,MPA,Less than 6mo,23.0,62.0,No,No,No,Yes,No,No,No,4,No,cai,1.0,No,1.7441800999995174,Simulect,Less than 60,Less than 24h,4.18620223988211,0,Pos,NO,60.34662659018916,1,1
612,2014,No,29,Female,White,GN,No,29.599424887011136,No,Living donor,24.8516701696123,Positive,Positive,Positive,Positive,1,2,0,3,1,1.0,20,Simulect,Tac,MPA,Less than 6mo,51.0,41.0,No,Yes,Yes,Yes,No,No,No,No,No,AR,3.0,No,3.35662464297896,Simulect,Less than 60,Less than 24h,4.240744246363194,1,Neg,NO,100.0,1,1
613,2015,No,55,Male,White,Other,No,32.71058437043721,Yes,DBD,27.542832705345596,Negative,Positive,Positive,Positive,1,2,1,4,0,0.0,9,Campath,Tac,MPA,Less than 6mo,51.0,52.0,No,No,No,Yes,No,No,No,No,No,AR,1.0,No,4.212316060819801,Campath,Less than 60,Less than 24h,6.892185987116679,0,Neg,Yes,36.03606231416818,1,1
614,2016,No,38,Male,White,DKD,No,26.17992404300338,Yes,DCD,57.55536340338958,Positive,Positive,Negative,Positive,1,0,1,2,0,0.0,5,Simulect,Tac,MPA,More than 6mo,33.0,32.0,No,No,Yes,Yes,No,No,No,No,No,Rejection while taking immunosuppressive drug(s),1.0,No,7.190496730601963,Campath,Less than 60,more than 24h,4.4997989643208385,0,Neg,Yes,39.43727561161135,1,1
615,2015,No,37,Female,White,GN,No,30.69514325547708,No,DBD,25.18267752259292,Negative,Positive,Positive,Positive,2,0,1,3,0,1.0,4,Simulect,Tac,MPA,Less than 6mo,48.0,59.0,No,No,No,No,No,No,No,No,Yes,Rejection while taking immunosuppressive drug(s),3.0,No,6.093610663841432,Campath,Less than 60,Less than 24h,5.00718169483062,1,Neg,Yes,28.06667736552241,1,1
616,2014,No,49,Male,White,Reflux/CPN,No,34.351811822008145,Yes,DBD,32.915359045606095,Negative,Positive,Negative,Positive,2,1,0,3,0,0.0,5,Simulect,Tac,MPA,Less than 6mo,36.0,45.0,No,No,Yes,Yes,No,No,No,No,No,Rejection while taking immunosuppressive drug(s),1.0,No,6.852862162969959,Campath,Less than 60,Less than 24h,4.8486897050499875,1,Neg,Yes,49.03912521250922,1,1
617,2015,No,18,Male,White,Unknown,Yes,32.15372251047051,Yes,DBD,56.48383286121967,Positive,Positive,Positive,Positive,1,1,1,3,0,1.0,4,Simulect,Tac,MPA,Less than 6mo,68.0,61.0,No,No,No,Yes,No,No,No,Yes,No,AR,1.0,No,6.950199585892274,Simulect,Less than 60,more than 24h,3.655829517802107,0,Neg,Yes,22.494577821970594,1,1
618,2014,Yes,45,Male,White,Other,Yes,31.330341835027465,No,DBD,31.042858060911477,Negative,Positive,Positive,Positive,0,1,0,1,0,0.0,22,Campath,Tac,MPA,More than 6mo,42.0,34.0,No,No,No,No,No,No,No,Yes,Yes,Rejection while taking immunosuppressive drugs,3.0,No,5.724985266042161,Campath,Less than 60,Less than 24h,3.0916239965290853,1,Neg,Yes,93.27965393540758,1,1
619,2014,No,43,Male,White,DKD,No,22.59182521743654,No,Living donor,27.848506388733288,Negative,Positive,Positive,Positive,1,2,0,3,0,0.0,15,Simulect,Tac,MPA,Less than 6mo,35.0,69.0,Yes,No,Yes,No,No,No,Yes,Yes,No,Rejection while taking immunosuppressive drugs,1.0,No,4.689798750716666,Campath,Less than 60,more than 24h,3.0143305366967654,0,Neg,Yes,25.569516786295992,1,1
620,2017,No,48,Male,White,GN,No,26.301845286833196,Yes,Living donor,52.67971092662227,Positive,Positive,Positive,Positive,1,1,0,2,0,1.0,7,Campath,Tac,MPA,More than 6mo,38.0,40.0,Yes,No,No,No,No,No,No,No,Yes,cai,1.0,No,3.1499781821689794,Campath,Less than 60,Less than 24h,5.050415457438451,1,Neg,Yes,84.41346068694966,1,1
621,2017,Yes,61,Female,White,Other,No,22.771644408631495,No,DBD,70.93481732272902,Negative,Negative,Negative,Positive,1,1,0,2,0,0.0,2,Campath,Tac,MPA,More than 6mo,52.0,42.0,No,No,Yes,Yes,No,No,No,No,No,unknown,3.0,No,2.6777589456843103,Simulect,Less than 60,more than 24h,4.012973693431309,0,Neg,Yes,56.45872044327462,1,1
622,2016,No,47,Male,Asian,Unknown,Yes,32.48414414778444,No,DCD,25.96699686513781,Positive,Positive,Positive,Positive,2,0,1,3,0,0.0,4,Campath,Tac,MPA,Less than 6mo,51.0,104.0,Yes,No,No,No,No,No,No,No,No,Rejection while taking immunosuppressive drugs,1.0,No,3.892115738335927,Simulect,60 and above,Less than 24h,6.291855314569829,0,Neg,Yes,20.035155679413656,1,1
623,2017,No,52,Male,White,Other,No,33.75109367645626,Yes,DCD,53.56576859848958,Positive,Positive,Negative,Positive,0,0,1,1,0,1.0,18,Simulect,Tac,Aza,Less than 6mo,42.0,34.0,No,No,No,No,No,No,No,No,Yes,cai,1.0,No,6.609927645002562,Campath,Less than 60,Less than 24h,2.9036580835980708,1,Neg,Yes,43.23276254969795,1,1
624,2019,No,56,Male,White,GN,No,33.6143641165007,Yes,DBD,23.98373211075925,Negative,Positive,Positive,Positive,0,1,1,2,1,1.0,3,Campath,Tac,MPA,Less than 6mo,63.0,71.0,No,No,No,No,No,No,No,No,No,AR,1.0,No,2.628198377337265,Campath,Less than 60,Less than 24h,4.843808063179788,1,Neg,NO,32.0,1,1
625,2019,No,41,Male,White,Other,No,27.754669538740906,Yes,DBD,15.45516769,Positive,Positive,Negative,Positive,1,1,2,4,0,1.0,5,Simulect,Tac,MPA,More than 6mo,77.0,42.0,Yes,No,No,No,No,No,No,No,Yes,AR,1.0,No,4.259745375050832,Simulect,Less than 60,Less than 24h,4.239837253996027,0,Neg,Yes,95.35926364327436,1,1
626,2017,Yes,61,Male,White,DKD,No,26.460724031876854,Yes,DBD,25.405532089675674,Positive,Positive,Negative,Positive,1,1,0,2,0,1.0,5,Simulect,Tac,MPA,More than 6mo,45.0,66.0,No,No,Yes,No,No,No,No,No,Yes,Rejection while taking immunosuppressive drug(s),1.0,No,5.905276784426084,Campath,Less than 60,more than 24h,6.038576842250609,0,Pos,NO,60.64707821613876,1,1
627,2016,No,36,Male,Asian,Other,No,31.37140699281793,No,DCD,38.40034344581899,Positive,Positive,Positive,Positive,0,0,0,0,0,0.0,7,Campath,Tac,MPA,Less than 6mo,70.0,8.0,No,No,No,No,No,No,No,No,No,Rejection while taking immunosuppressive drug(s),3.0,No,5.891772431800734,Simulect,Less than 60,Less than 24h,2.158662348619268,0,Neg,Yes,64.11892329716927,1,1
628,2016,No,70,Male,White,DKD,No,32.09084836698939,No,Living donor,61.069363940030186,Negative,Positive,Positive,Positive,1,1,1,3,0,0.0,16,Campath,other,MPA,More than 6mo,56.0,58.0,No,No,No,No,No,No,No,No,No,cai,1.0,No,7.061475317554042,Simulect,Less than 60,more than 24h,3.0864603158929733,0,Pos,NO,26.90433791076196,1,1
629,2015,No,40,Male,White,Other,No,24.3075954799008,No,Living donor,54.864624379719544,Positive,Positive,Negative,Positive,0,1,0,1,1,1.0,4,Campath,Tac,MPA,Less than 6mo,74.0,55.0,No,No,No,No,No,No,No,Yes,No,Rejection while taking immunosuppressive drug(s),3.0,No,2.632933988676276,Simulect,Less than 60,Less than 24h,2.5428928476061117,1,Neg,NO,56.0,1,1
630,2017,No,52,Male,White,GN,Yes,34.85954607487828,No,DBD,56.55693640447795,Positive,Positive,Negative,Positive,0,2,0,2,0,1.0,7,Campath,Tac,MPA,More than 6mo,67.0,100.0,No,No,No,Yes,No,No,Yes,No,No,CVD,3.0,No,7.5,Simulect,Less than 60,more than 24h,4.500843502917021,1,Neg,Yes,46.264534089424075,1,1
631,2019,Yes,70,Male,White,Other,No,30.307899097781043,No,Living donor,25.225225908288873,Negative,Positive,Positive,Positive,2,1,1,4,0,0.0,3,Campath,Tac,MPA,Less than 6mo,66.0,34.0,Yes,No,No,No,No,No,No,No,No,Rejection while taking immunosuppressive drugs,1.0,No,7.273510275638878,Simulect,Less than 60,more than 24h,5.344879377443948,0,Pos,NO,100.0,1,1
632,2019,Yes,28,Female,White,Reflux/CPN,No,31.47876713451137,No,DBD,15.960891358862515,Negative,Positive,Negative,Positive,0,1,1,2,0,1.0,4,Simulect,Tac,MPA,Less than 6mo,81.0,45.0,No,No,No,No,No,No,No,No,Yes,cai,1.0,No,7.5,Campath,Less than 60,Less than 24h,6.1551921154794575,0,Pos,NO,37.6405306246772,1,1
633,2018,No,48,Male,White,DKD,No,34.72207368728608,Yes,DBD,46.78704514306208,Positive,Positive,Positive,Positive,2,1,0,3,0,0.0,3,Campath,Tac,MPA,Less than 6mo,24.0,37.0,No,No,No,No,No,No,No,No,Yes,unknown,1.0,No,5.342767865528465,Simulect,60 and above,Less than 24h,3.695711819811031,0,Neg,Yes,84.80362185384217,1,1
634,2017,No,43,Female,White,GN,Yes,31.9287206621983,No,Living donor,40.361427609261426,Positive,Positive,Negative,Positive,0,1,1,2,0,0.0,2,Simulect,Tac,MPA,More than 6mo,33.0,72.0,No,No,No,No,No,No,No,No,Yes,AR,1.0,No,4.539955356557437,Campath,Less than 60,Less than 24h,4.726023778815829,1,Neg,Yes,46.042511820401884,1,1
635,2018,No,48,Female,White,DKD,No,26.047435641122693,No,Living donor,25.465996081809976,Positive,Positive,Negative,Positive,2,2,0,4,0,0.0,4,Simulect,Tac,MPA,More than 6mo,18.0,70.0,Yes,No,Yes,No,No,No,No,No,Yes,AR,1.0,No,3.228922816750544,Campath,Less than 60,Less than 24h,1.8,1,Pos,NO,82.4453556747643,1,1
636,2015,No,49,Male,White,Other,No,29.161416769231774,No,Living donor,29.274537471317768,Positive,Positive,Negative,Positive,1,1,1,3,0,0.0,1,Campath,Tac,MPA,Less than 6mo,20.0,75.0,No,No,No,No,No,No,No,4,No,Rejection while taking immunosuppressive drugs,1.0,No,4.612140064356047,Campath,Less than 60,Less than 24h,2.7343468536561106,1,Neg,Yes,66.29524309782094,1,1
637,2016,No,37,Male,White,Reflux/CPN,No,23.698880548181712,No,DBD,39.52009246724574,Positive,Positive,Negative,Positive,2,1,2,5,0,1.0,5,Campath,Tac,MPA,Less than 6mo,17.0,88.0,No,No,Yes,No,No,No,No,No,Yes,Rejection while taking immunosuppressive drug(s),1.0,No,4.084873901686645,Simulect,Less than 60,more than 24h,4.830835935534796,1,Neg,Yes,54.134027711806176,1,1
638,2015,No,45,Female,Asian,DKD,No,33.41637313522836,No,Living donor,25.496818243847454,Negative,Positive,Negative,Positive,1,1,1,3,0,1.0,18,Simulect,Cyc,MPA,Less than 6mo,73.0,31.0,Yes,No,No,Yes,No,No,No,No,No,cai,1.0,No,7.5,Simulect,Less than 60,Less than 24h,5.320901455192019,1,Neg,Yes,63.7463843295559,1,1
639,2015,Yes,49,Female,White,Reflux/CPN,Yes,29.94753197350948,Yes,Living donor,52.3560361651182,Negative,Positive,Positive,Positive,2,0,2,4,0,0.0,11,Campath,Tac,MPA,More than 6mo,91.0,11.0,No,No,No,No,No,No,No,No,Yes,Rejection while taking immunosuppressive drug(s),1.0,No,7.5,Campath,Less than 60,Less than 24h,4.127952988499133,1,Neg,Yes,38.654872139031355,1,1
640,2015,Yes,53,Male,White,Reflux/CPN,No,30.847099072309863,No,Living donor,46.68506176352626,Negative,Positive,Positive,Positive,2,0,1,3,0,1.0,17,Campath,Tac,MPA,Less than 6mo,63.0,43.0,No,No,No,No,No,No,No,No,Yes,unknown,1.0,No,2.777375863243654,Campath,Less than 60,Less than 24h,5.1083146387173874,0,Pos,NO,94.1577901124191,1,1
641,2018,No,48,Male,Black,GN,No,24.96179665879806,No,DBD,52.35556366250586,Positive,Positive,Negative,Positive,2,2,1,5,1,0.0,12,Campath,Tac,MPA,More than 6mo,65.0,16.0,No,No,No,Yes,No,No,No,No,Yes,Rejection while taking immunosuppressive drug(s),3.0,No,1.2371460667084688,Simulect,Less than 60,Less than 24h,1.8,1,Neg,NO,2.0,1,1
642,2015,No,55,Female,White,DKD,Yes,30.225628747662945,Yes,Living donor,54.16166677395085,Positive,Positive,Negative,Positive,1,1,0,2,0,0.0,5,Campath,Tac,Aza,More than 6mo,62.0,72.0,No,No,No,Yes,No,No,No,No,No,cai,3.0,Yes,4.171226781290673,Campath,Less than 60,more than 24h,5.29735988595077,0,Pos,NO,31.984666156998667,1,1
643,2016,No,26,Male,White,Other,Yes,22.975997062850865,No,DBD,59.69704797188974,Positive,Positive,Negative,Positive,1,2,1,4,1,0.0,20,Simulect,Tac,MPA,More than 6mo,46.0,49.0,No,No,No,Yes,No,No,No,No,No,Rejection while taking immunosuppressive drug(s),1.0,No,6.143453080091571,Campath,60 and above,Less than 24h,2.2001669750929604,1,Neg,NO,98.0,1,1
644,2015,No,65,Male,White,GN,No,26.860047678984976,No,DBD,52.897173925077986,Positive,Positive,Positive,Positive,1,0,1,2,0,0.0,3,Simulect,Tac,MPA,More than 6mo,33.0,45.0,No,No,No,No,No,No,No,No,No,Rejection while taking immunosuppressive drug(s),1.0,No,5.99311202718134,Simulect,60 and above,Less than 24h,6.291140823098225,1,Neg,Yes,52.09109211173793,1,1
645,2019,No,29,Male,White,Reflux/CPN,No,28.71302866821282,No,DBD,29.99344099064275,Negative,Positive,Positive,Positive,1,1,0,2,1,0.0,6,Campath,Tac,MPA,More than 6mo,75.0,73.0,No,No,No,No,No,No,No,No,No,cai,1.0,No,6.990129789558648,Campath,Less than 60,Less than 24h,3.7516889018639614,1,Neg,NO,0.0,1,1
646,2015,Yes,27,Male,Asian,Other,Yes,30.4222506323322,No,Living donor,55.35165188596628,Positive,Positive,Negative,Positive,1,1,1,3,0,0.0,18,Campath,Tac,MPA,Less than 6mo,40.0,48.0,No,No,No,Yes,No,No,No,No,No,Rejection while taking immunosuppressive drugs,1.0,No,2.2273791785017987,Campath,60 and above,Less than 24h,4.2960359083335575,1,Neg,Yes,41.52948530001455,1,1
647,2015,No,48,Female,White,Reflux/CPN,No,33.13545232113224,Yes,DCD,15.45516769,Positive,Positive,Negative,Positive,0,1,1,2,0,0.0,19,Campath,Tac,MPA,Less than 6mo,17.0,31.0,Yes,No,No,No,No,No,No,No,Yes,CVD,1.0,No,6.026248650585698,Simulect,Less than 60,more than 24h,4.304664451782328,1,Neg,Yes,100.0,1,1
648,2019,Yes,43,Male,White,Other,No,22.749125114093317,No,Living donor,28.49896328706351,Positive,Positive,Negative,Positive,2,1,1,4,0,1.0,4,Campath,Tac,MPA,Less than 6mo,77.0,11.0,No,No,Yes,Yes,No,No,Yes,No,No,unknown,3.0,No,5.5697484203019165,Campath,Less than 60,Less than 24h,4.617566154568425,1,Neg,Yes,27.07044562354882,1,1
649,2017,Yes,65,Male,White,Other,No,26.895362886682328,No,Living donor,67.7105687976322,Positive,Positive,Negative,Positive,0,2,0,2,0,0.0,6,Campath,Tac,MPA,Less than 6mo,43.0,54.0,No,No,No,No,No,No,No,No,Yes,Rejection while taking immunosuppressive drug(s),1.0,No,2.143537466046221,Campath,Less than 60,Less than 24h,4.855226935176457,0,Pos,NO,98.80550379654909,1,1
650,2015,No,23,Female,White,Other,No,23.993734683272542,Yes,DBD,28.14767766702798,Negative,Positive,Negative,Positive,0,1,1,2,0,0.0,3,Campath,Tac,MPA,Less than 6mo,56.0,63.0,No,No,No,Yes,No,No,No,No,No,unknown,1.0,No,2.979478400679272,Campath,Less than 60,Less than 24h,4.324420793382513,1,Neg,Yes,58.27932924616873,1,1
651,2015,No,43,Male,White,Other,No,22.71388656739962,No,Living donor,20.73756744537801,Negative,Negative,Negative,Positive,1,1,1,3,0,0.0,7,Simulect,Tac,MPA,Less than 6mo,76.0,70.0,No,No,No,No,No,No,No,No,Yes,unknown,1.0,No,3.5776614931327586,Simulect,60 and above,more than 24h,5.81392420447726,1,Neg,Yes,1.6951751994684336,1,1
652,2015,Yes,46,Male,White,GN,Yes,32.51447821323543,No,DBD,41.56105154688602,Positive,Positive,Negative,Positive,2,1,1,4,0,0.0,7,Simulect,Tac,MPA,Less than 6mo,86.0,52.0,No,No,No,No,No,No,No,No,No,cai,3.0,No,5.85102927927472,Simulect,Less than 60,Less than 24h,4.00865336408961,0,Neg,Yes,49.857962080726516,1,1
653,2017,No,53,Male,White,DKD,No,27.885578489571387,Yes,Living donor,32.443572737407955,Negative,Positive,Positive,Positive,2,1,1,4,1,0.0,5,Simulect,Tac,MPA,More than 6mo,93.0,18.0,No,No,No,Yes,No,No,No,No,No,AR,1.0,No,3.023399832113352,Campath,Less than 60,Less than 24h,4.831654976480829,0,Neg,NO,0.0,1,1
654,2014,No,34,Male,White,Other,No,27.80156682595519,No,DBD,53.316082205547346,Negative,Positive,Negative,Positive,1,0,1,2,1,0.0,17,Simulect,Tac,MPA,Less than 6mo,30.0,15.0,No,No,No,Yes,No,No,No,No,No,unknown,3.0,No,2.610335728044012,Campath,Less than 60,Less than 24h,4.339044276424026,0,Neg,NO,99.0,1,1
655,2019,No,21,Male,White,Other,Yes,23.33870488372052,Yes,Living donor,23.286755101723358,Positive,Positive,Positive,Positive,0,1,1,2,0,0.0,8,Simulect,Tac,MPA,More than 6mo,54.0,52.0,No,No,No,No,No,No,No,No,No,unknown,1.0,No,5.354087268806763,Campath,Less than 60,Less than 24h,4.557026982197881,1,Neg,Yes,100.0,1,1
656,2015,Yes,62,Male,Asian,Other,No,26.045656039679777,No,Living donor,54.61274400401279,Positive,Positive,Positive,Positive,2,0,1,3,0,0.0,14,Simulect,Tac,MPA,More than 6mo,22.0,67.0,No,Yes,Yes,Yes,No,No,No,No,No,AR,1.0,No,4.247570882903862,Campath,Less than 60,more than 24h,3.0125466376068695,1,Neg,Yes,54.30436252541752,1,1
657,2015,No,25,Female,Asian,Other,No,25.433509628147824,No,DBD,17.698538813334473,Positive,Positive,Positive,Positive,1,0,1,2,0,1.0,6,Simulect,Tac,MPA,Less than 6mo,53.0,40.0,No,No,Yes,Yes,No,No,No,No,No,Rejection while taking immunosuppressive drug(s),1.0,No,6.638145734295669,Campath,Less than 60,more than 24h,2.3180003690482778,1,Neg,Yes,33.05601287128112,1,1
658,2017,No,22,Male,White,DKD,No,21.7,No,Living donor,53.87809406362222,Positive,Positive,Negative,Positive,1,0,2,3,0,1.0,7,Simulect,Tac,MPA,More than 6mo,43.0,26.0,No,No,No,No,No,No,No,No,No,Rejection while taking immunosuppressive drug(s),1.0,No,2.3174887274518983,Campath,Less than 60,Less than 24h,4.32573594861472,0,Neg,Yes,91.53300254892912,1,1
659,2015,No,24,Female,White,DKD,No,22.57992685080934,No,DBD,33.78256648628296,Positive,Positive,Positive,Positive,1,1,1,3,0,0.0,15,Simulect,Tac,MPA,More than 6mo,78.0,50.0,No,No,Yes,Yes,No,No,No,No,Yes,cai,1.0,No,5.1132802852431585,Simulect,Less than 60,Less than 24h,3.3163823777388877,0,Neg,Yes,63.65192747310787,1,1
660,2014,No,34,Male,White,GN,No,30.10554422876491,No,Living donor,59.770065959863686,Negative,Positive,Positive,Positive,1,2,0,3,0,1.0,25,Campath,Tac,MPA,Less than 6mo,32.0,94.0,No,No,No,No,Yes,No,No,No,No,Rejection while taking immunosuppressive drug(s),1.0,No,3.1029627593337823,Campath,Less than 60,Less than 24h,3.459605962352867,0,Neg,Yes,22.789487707222328,1,1
661,2015,No,46,Male,Other,Reflux/CPN,No,27.12804352648934,No,Living donor,45.367596853841256,Positive,Positive,Negative,Positive,0,1,0,1,0,1.0,6,Simulect,Tac,MPA,Less than 6mo,37.0,48.0,Yes,No,No,Yes,No,No,No,No,No,Rejection while taking immunosuppressive drug(s),1.0,No,5.729337469648292,Simulect,Less than 60,Less than 24h,4.634909328245222,1,Neg,Yes,53.40209234044491,1,1
662,2015,No,35,Male,Black,Reflux/CPN,No,22.16516937312322,Yes,DCD,24.76432496327201,Negative,Positive,Positive,Positive,1,1,2,4,0,1.0,5,Simulect,Tac,MPA,More than 6mo,26.0,61.0,Yes,No,Yes,No,No,No,No,No,No,Rejection while taking immunosuppressive drugs,1.0,No,6.3011664839815476,Simulect,Less than 60,more than 24h,4.718821418687353,0,Neg,Yes,90.8732909372681,1,1
663,2015,No,52,Male,White,GN,No,24.010051144818885,Yes,Living donor,53.43875207010576,Negative,Positive,Negative,Positive,1,2,0,3,1,1.0,14,Simulect,Tac,MPA,Less than 6mo,51.0,81.0,No,No,No,Yes,No,No,No,No,No,AR,1.0,No,3.7600757505243463,Simulect,Less than 60,Less than 24h,4.70402978869384,0,Neg,NO,0.0,1,1
664,2019,No,54,Male,Black,Other,No,23.186007038940193,No,Living donor,55.83578134368766,Positive,Positive,Positive,Positive,1,1,0,2,0,1.0,12,Campath,Tac,MPA,Less than 6mo,53.0,98.0,No,No,Yes,Yes,No,No,No,No,Yes,CVD,1.0,Yes,4.2379715665719395,Campath,Less than 60,Less than 24h,3.3583216113706476,0,Neg,Yes,94.51096872022923,1,1
665,2015,No,50,Male,White,Other,No,33.320800183680774,No,DCD,54.90538929579593,Negative,Positive,Positive,Positive,0,1,1,2,0,0.0,15,Simulect,Tac,MPA,Less than 6mo,35.0,77.0,No,No,Yes,No,No,No,No,No,No,CVD,1.0,No,5.9985481017351265,Campath,Less than 60,Less than 24h,5.589620345019687,0,Neg,Yes,88.43376107339101,1,1
666,2015,No,62,Male,White,GN,Yes,35.0,No,Living donor,59.961130370409016,Positive,Positive,Positive,Positive,1,2,1,4,1,0.0,10,Simulect,Tac,MPA,Less than 6mo,68.0,41.0,No,No,No,Yes,No,No,No,No,Yes,AR,1.0,No,5.784549937446505,Campath,Less than 60,Less than 24h,6.39285654733024,1,Neg,NO,29.0,1,1
667,2018,No,27,Female,White,GN,Yes,32.95677622610939,Yes,Living donor,26.422998436725614,Positive,Positive,Positive,Positive,0,1,1,2,0,1.0,15,Simulect,Tac,MPA,More than 6mo,47.0,33.0,No,No,Yes,No,No,No,No,No,No,Rejection while taking immunosuppressive drug(s),1.0,No,7.022215835132036,Campath,Less than 60,more than 24h,2.754794487968879,0,Pos,NO,93.22695492091302,1,1
668,2016,No,34,Male,White,Other,No,30.10324435115776,Yes,DCD,33.18619071594075,Negative,Positive,Positive,Positive,0,1,1,2,0,0.0,9,Campath,Tac,MPA,Less than 6mo,30.0,29.0,No,No,Yes,No,No,No,No,No,No,Rejection while taking immunosuppressive drug(s),1.0,No,6.143484284782682,Simulect,Less than 60,Less than 24h,4.66693070725003,0,Neg,Yes,36.98160772968877,1,1
669,2014,No,63,Male,White,DKD,No,28.18368652987648,No,Living donor,54.57147390566782,Negative,Positive,Positive,Positive,1,0,0,1,0,0.0,5,Campath,Tac,MPA,Less than 6mo,51.0,30.0,No,No,No,No,No,No,No,No,No,AR,3.0,No,3.943049689140251,Campath,Less than 60,Less than 24h,5.707776801240267,0,Neg,Yes,28.873654241944465,1,1
670,2015,Yes,40,Female,Asian,DKD,No,24.48707902069185,No,DBD,65.19029234389619,Positive,Positive,Positive,Positive,0,1,1,2,0,0.0,21,Campath,Tac,MPA,Less than 6mo,85.0,53.0,No,No,No,No,No,No,No,No,No,AR,1.0,No,2.620976795375319,Simulect,Less than 60,Less than 24h,4.643417427707714,1,Neg,Yes,98.86319754977761,1,1
671,2016,No,50,Female,Asian,Reflux/CPN,No,33.59031599278881,Yes,Living donor,45.470800498549245,Negative,Positive,Positive,Positive,2,1,1,4,0,0.0,15,Campath,Tac,MPA,More than 6mo,53.0,61.0,Yes,No,No,Yes,No,No,No,No,No,Rejection while taking immunosuppressive drug(s),1.0,No,3.665818246069288,Campath,Less than 60,Less than 24h,3.2115445251532564,1,Neg,Yes,0.0,1,1
672,2016,No,52,Female,White,Reflux/CPN,No,23.798149117778397,No,DBD,15.45516769,Positive,Positive,Positive,Positive,1,1,1,3,0,0.0,10,Campath,Tac,MPA,Less than 6mo,55.0,51.0,No,No,No,No,No,No,No,No,No,Rejection while taking immunosuppressive drug(s),3.0,Yes,3.8713969060635636,Campath,Less than 60,Less than 24h,2.500100814086087,1,Neg,Yes,61.49047252049283,1,1
673,2015,Yes,51,Male,Black,ADPKD,No,24.50925386006049,Yes,DBD,36.06634304675808,Positive,Positive,Negative,Positive,2,0,1,3,0,1.0,7,Simulect,Tac,MPA,More than 6mo,35.0,41.0,No,No,No,Yes,No,No,No,No,No,Rejection while taking immunosuppressive drug(s),1.0,No,4.584875457498854,Campath,Less than 60,Less than 24h,2.7848922143284547,0,Neg,Yes,57.94267789169931,1,1
674,2015,Yes,47,Male,White,Other,No,21.7,No,DBD,43.55006571356883,Positive,Positive,Negative,Positive,1,1,0,2,0,1.0,3,Simulect,Tac,MPA,More than 6mo,52.0,33.0,No,No,No,No,No,No,No,No,No,AR,1.0,No,4.087861695805778,Simulect,Less than 60,Less than 24h,2.84901605967972,0,Neg,Yes,2.4132939511495035,1,1
675,2015,No,46,Male,White,Reflux/CPN,No,34.37326240967455,No,Living donor,62.96951817161775,Positive,Positive,Negative,Positive,0,2,1,3,1,0.0,11,Simulect,Tac,MPA,Less than 6mo,41.0,52.0,Yes,No,Yes,Yes,No,No,No,No,Yes,unknown,1.0,No,0.0,Campath,Less than 60,Less than 24h,6.539588191717946,0,Neg,NO,2.0,1,1
676,2016,No,31,Male,White,Reflux/CPN,No,29.990640986726216,Yes,Living donor,56.08826979610054,Negative,Positive,Positive,Positive,0,1,1,2,1,1.0,8,Campath,Tac,MPA,Less than 6mo,66.0,34.0,No,No,No,Yes,No,No,No,No,Yes,unknown,1.0,No,2.879059619034882,Simulect,Less than 60,Less than 24h,6.320635285699662,0,Neg,NO,37.0,1,1
677,2014,No,27,Female,White,Other,No,25.066611967781828,Yes,DBD,51.23148766183935,Positive,Positive,Positive,Positive,1,0,1,2,0,1.0,3,Simulect,Tac,MPA,More than 6mo,71.0,55.0,No,No,Yes,No,No,No,No,No,No,Rejection while taking immunosuppressive drug(s),1.0,No,1.8904089656146,Simulect,Less than 60,Less than 24h,5.057211309221836,1,Neg,Yes,100.0,1,1
678,2014,No,54,Female,White,Reflux/CPN,Yes,32.34968297801875,No,DBD,29.263180490637275,Negative,Negative,Positive,Positive,1,1,1,3,0,1.0,5,Simulect,Tac,MPA,Less than 6mo,75.0,62.0,Yes,No,No,No,No,No,No,No,No,AR,1.0,No,6.175701476480025,Campath,Less than 60,Less than 24h,7.0,0,Neg,Yes,43.52622266705035,1,1
679,2015,No,45,Female,White,GN,Yes,29.294903766608495,No,Living donor,48.80696247346074,Positive,Positive,Negative,Positive,1,1,1,3,0,1.0,16,Simulect,Tac,MPA,More than 6mo,33.0,39.0,No,No,No,No,No,No,No,No,No,AR,1.0,No,5.7598603789702745,Campath,Less than 60,Less than 24h,6.261086451889693,0,Pos,NO,30.01793295794534,1,1
680,2018,No,45,Male,White,Reflux/CPN,No,32.07972200758328,Yes,DBD,48.684328413727236,Negative,Positive,Negative,Positive,1,1,0,2,0,0.0,4,Campath,Tac,MPA,Less than 6mo,34.0,8.0,No,No,No,No,No,No,No,No,No,Rejection while taking immunosuppressive drugs,1.0,No,1.285297333107594,Campath,Less than 60,more than 24h,3.1472458129099907,1,Neg,Yes,33.719754047997995,1,1
681,2015,No,27,Female,White,DKD,No,23.29006416712294,No,Living donor,66.27619601049464,Positive,Negative,Positive,Positive,1,1,1,3,0,0.0,23,Campath,Tac,MPA,Less than 6mo,33.0,11.0,Yes,No,Yes,No,No,No,No,No,No,cai,1.0,No,3.819965262328461,Simulect,Less than 60,Less than 24h,2.6263000766663107,0,Neg,Yes,50.33426875968073,1,1
682,2015,No,32,Male,Asian,Other,No,24.442227395546944,No,DCD,30.189338964838278,Positive,Positive,Negative,Positive,1,1,1,3,0,0.0,3,Campath,Tac,MPA,Less than 6mo,48.0,42.0,No,No,No,No,No,No,No,No,No,cai,1.0,No,2.758985331292803,Simulect,60 and above,Less than 24h,4.345732358349926,0,Neg,Yes,85.81012680395371,1,1
683,2017,No,28,Female,White,ADPKD,No,23.79454013620262,No,Living donor,50.99706927429758,Negative,Positive,Negative,Positive,1,1,0,2,0,0.0,15,Simulect,Tac,MPA,More than 6mo,36.0,53.0,No,No,Yes,Yes,No,No,No,No,No,AR,1.0,No,4.876237105006003,Campath,Less than 60,Less than 24h,2.5490261317951775,0,Neg,Yes,0.0,1,1
684,2019,No,35,Male,White,DKD,No,34.73187948885397,No,DBD,32.39840340488876,Positive,Positive,Negative,Positive,2,2,0,4,0,1.0,3,Campath,Tac,MPA,Less than 6mo,30.0,54.0,Yes,No,No,Yes,No,No,No,No,Yes,unknown,3.0,No,3.9520493998948845,Simulect,Less than 60,Less than 24h,6.568981409770544,1,Neg,Yes,94.65720454659184,1,1
685,2014,No,64,Male,Black,Other,No,32.30478745605476,No,DCD,56.42022823357141,Positive,Positive,Positive,Positive,2,1,1,4,0,0.0,7,Campath,Tac,MPA,More than 6mo,34.0,69.0,No,No,No,Yes,No,No,No,No,No,cai,1.0,No,6.966219040507479,Simulect,Less than 60,Less than 24h,4.305234915662328,0,Neg,Yes,100.0,1,1
686,2018,No,43,Female,White,Other,Yes,31.854335482573138,Yes,Living donor,38.803943335614534,Negative,Positive,Positive,Positive,1,1,1,3,0,0.0,18,Campath,Tac,MPA,Less than 6mo,25.0,45.0,No,No,No,No,No,No,No,4,No,unknown,1.0,No,1.3633335173453953,Simulect,Less than 60,more than 24h,6.417191922505402,0,Neg,Yes,64.01086915715449,1,1
687,2019,No,57,Male,White,Reflux/CPN,No,32.10139137561666,No,DBD,51.71763282948964,Positive,Positive,Positive,Positive,0,1,1,2,0,0.0,29,Simulect,Tac,MPA,More than 6mo,48.0,73.0,Yes,No,No,Yes,No,No,No,No,No,Rejection while taking immunosuppressive drug(s),1.0,No,2.130805253841974,Campath,Less than 60,Less than 24h,4.711760601547229,0,Neg,Yes,91.34986556103469,1,1
688,2016,Yes,43,Female,White,Reflux/CPN,No,28.853732088678697,Yes,Living donor,22.23429410401529,Positive,Positive,Positive,Positive,1,1,1,3,0,1.0,2,Simulect,Tac,MPA,Less than 6mo,92.0,8.0,No,Yes,No,No,No,No,No,No,No,unknown,3.0,No,3.277046976333656,Simulect,Less than 60,Less than 24h,4.831592914193044,0,Neg,Yes,67.28567763604816,1,1
689,2015,Yes,67,Male,Other,Unknown,No,23.462719659523305,Yes,DBD,52.556268644573116,Positive,Negative,Positive,Positive,0,1,1,2,0,1.0,1,Simulect,Tac,MPA,Less than 6mo,42.0,39.0,Yes,No,Yes,No,No,No,No,No,No,cai,1.0,No,7.3772802279868595,Campath,Less than 60,Less than 24h,4.281012360325225,1,Neg,Yes,96.82030199019351,1,1
690,2014,No,47,Female,Asian,Reflux/CPN,No,22.654107571856947,No,DBD,64.53259887179374,Positive,Positive,Positive,Positive,1,1,0,2,0,1.0,13,Simulect,Tac,MPA,Less than 6mo,76.0,40.0,No,No,No,No,No,No,No,No,No,Rejection while taking immunosuppressive drug(s),1.0,No,1.3469411652314978,Simulect,Less than 60,Less than 24h,1.8,1,Pos,NO,39.01345413207347,1,1
691,2018,No,28,Male,Asian,GN,No,27.10189054199321,No,Living donor,15.45516769,Positive,Positive,Positive,Positive,2,1,1,4,0,0.0,4,Campath,Tac,MPA,Less than 6mo,56.0,51.0,No,No,No,No,No,No,No,No,No,CVD,1.0,No,7.286177393686513,Simulect,Less than 60,Less than 24h,3.0523918485111174,0,Pos,NO,93.64709449931891,1,1
692,2016,No,53,Male,Asian,Other,Yes,23.272682284884556,No,DBD,18.706478489263432,Negative,Positive,Positive,Positive,1,1,0,2,0,0.0,15,Simulect,Tac,MPA,More than 6mo,36.0,57.0,No,No,No,Yes,No,No,No,No,No,Rejection while taking immunosuppressive drugs,1.0,No,4.642890764844453,Simulect,Less than 60,Less than 24h,5.121512056379621,0,Neg,Yes,39.390774636813504,1,1
693,2015,No,29,Male,White,Other,No,23.40468006594146,No,DCD,61.00862202301345,Positive,Positive,Positive,Positive,1,1,0,2,0,0.0,12,Campath,Tac,MPA,More than 6mo,56.0,59.0,No,No,No,No,No,No,No,No,Yes,AR,3.0,No,6.154313994378967,Campath,Less than 60,more than 24h,5.883760782644943,0,Neg,Yes,0.0,1,1
694,2017,Yes,23,Female,Other,DKD,No,31.2259842268879,No,Living donor,25.607437065404895,Positive,Positive,Negative,Positive,1,0,0,1,1,1.0,18,Campath,Tac,MPA,Less than 6mo,50.0,100.0,No,No,Yes,No,No,No,No,No,No,Rejection while taking immunosuppressive drug(s),1.0,Yes,3.131837864032019,Campath,60 and above,Less than 24h,6.315771713763038,0,Neg,NO,0.0,1,1
695,2015,No,51,Female,White,Other,No,22.31112144169682,No,DBD,57.89792853890021,Negative,Positive,Negative,Positive,0,1,1,2,1,0.0,20,Campath,Tac,MPA,Less than 6mo,53.0,41.0,No,No,Yes,No,No,No,No,No,No,Rejection while taking immunosuppressive drug(s),1.0,No,4.689342197032435,Campath,Less than 60,Less than 24h,4.8573757659599455,1,Neg,NO,0.0,1,1
696,2015,No,49,Male,Other,DKD,Yes,24.01993629103814,No,DCD,44.38233736063691,Positive,Positive,Positive,Positive,1,1,0,2,0,1.0,3,Simulect,Tac,MPA,Less than 6mo,41.0,104.0,No,No,No,No,No,No,No,No,No,AR,1.0,No,3.7473265788643855,Simulect,60 and above,Less than 24h,5.26696975133998,0,Neg,Yes,96.64035782104123,1,1
697,2017,No,52,Male,White,DKD,No,30.08757062491903,No,DCD,22.43039922520194,Negative,Positive,Positive,Positive,1,1,0,2,0,0.0,19,Campath,Tac,MPA,Less than 6mo,23.0,11.0,No,No,No,Yes,No,No,No,No,No,Rejection while taking immunosuppressive drug(s),1.0,No,2.8645819325176824,Campath,60 and above,Less than 24h,4.458130591843455,0,Pos,NO,100.0,1,1
698,2015,Yes,32,Female,Asian,Reflux/CPN,No,27.61816823618476,No,Living donor,49.68904566784676,Negative,Positive,Positive,Positive,0,2,1,3,0,1.0,9,Campath,Tac,MPA,Less than 6mo,46.0,34.0,No,No,No,No,No,No,No,No,No,Rejection while taking immunosuppressive drug(s),1.0,No,2.85711054774614,Campath,Less than 60,Less than 24h,3.964448716054965,0,Neg,Yes,62.696534039387764,1,1
699,2015,Yes,28,Female,White,Other,No,26.449501099508748,No,Living donor,24.550705993238093,Positive,Positive,Positive,Positive,0,2,0,2,0,1.0,16,Campath,Tac,MPA,Less than 6mo,48.0,35.0,No,No,No,No,No,No,No,No,Yes,cai,1.0,No,1.252518245103882,Campath,Less than 60,Less than 24h,1.895601581133612,0,Neg,Yes,95.3050831327949,1,1
700,2014,No,25,Female,White,Other,No,26.103218315699007,Yes,Living donor,37.15344909628979,Positive,Positive,Positive,Positive,1,1,0,2,0,0.0,23,Campath,Tac,MPA,More than 6mo,29.0,65.0,Yes,No,No,Yes,No,No,No,No,Yes,CVD,1.0,No,6.814351706304988,Campath,Less than 60,Less than 24h,3.155884312673091,1,Pos,NO,92.02870426888713,1,1
701,2018,No,30,Female,White,Other,No,26.520284685096552,Yes,Living donor,26.54298784175012,Negative,Positive,Positive,Positive,2,1,2,5,0,0.0,6,Simulect,Tac,MPA,Less than 6mo,57.0,46.0,No,No,No,Yes,No,No,No,4,No,Rejection while taking immunosuppressive drug(s),1.0,No,5.850222772052488,Campath,Less than 60,Less than 24h,4.652917258831249,0,Neg,Yes,98.61607312262383,1,1
702,2015,No,35,Female,White,Other,No,22.12360665346267,No,Living donor,55.65750522074727,Negative,Positive,Positive,Positive,1,1,1,3,0,0.0,8,Simulect,Tac,MPA,Less than 6mo,40.0,53.0,No,No,No,No,No,No,No,No,No,cai,1.0,No,4.7851066597446605,Simulect,60 and above,Less than 24h,3.571919773082895,0,Pos,NO,33.87002494520478,1,1
703,2017,No,49,Female,White,GN,No,21.7,No,Living donor,20.849115867259876,Negative,Positive,Negative,Positive,1,0,1,2,0,0.0,22,Simulect,Tac,MPA,Less than 6mo,54.0,55.0,No,No,No,No,No,No,No,No,No,Rejection while taking immunosuppressive drugs,3.0,No,3.2374955116373094,Simulect,Less than 60,Less than 24h,3.11034310106302,1,Neg,Yes,46.73890070870895,1,1
704,2017,No,51,Female,White,GN,No,26.805991252084855,No,Living donor,31.71437080840946,Positive,Positive,Positive,Positive,2,0,1,3,0,0.0,5,Simulect,Tac,MPA,Less than 6mo,75.0,23.0,No,No,No,Yes,No,No,Yes,No,No,unknown,1.0,No,5.95690430517665,Simulect,Less than 60,Less than 24h,3.438354731112275,0,Pos,NO,100.0,1,1
705,2015,No,48,Female,White,GN,No,32.90167851222719,No,DCD,59.8207529518998,Positive,Positive,Positive,Positive,1,1,1,3,1,0.0,15,Simulect,Tac,MPA,Less than 6mo,59.0,13.0,No,No,No,Yes,No,No,No,No,Yes,unknown,1.0,No,1.4328050359150593,Campath,Less than 60,Less than 24h,6.189023813647537,0,Neg,NO,0.0,1,1
706,2015,No,32,Female,Asian,Reflux/CPN,No,28.988530750121686,No,Living donor,43.819368763435094,Positive,Positive,Negative,Positive,2,1,0,3,1,0.0,6,Simulect,Tac,MPA,Less than 6mo,35.0,35.0,Yes,No,No,Yes,No,No,No,No,No,CVD,3.0,No,4.8722225782452036,Campath,Less than 60,more than 24h,4.105013622055466,1,Neg,NO,79.0,1,1
707,2019,Yes,35,Male,White,Other,No,34.21568489543114,No,DCD,27.764819612784613,Negative,Positive,Negative,Positive,1,1,0,2,1,1.0,3,Simulect,Tac,MPA,More than 6mo,64.0,54.0,Yes,No,No,Yes,No,No,No,No,No,AR,1.0,No,4.109247438933674,Campath,60 and above,Less than 24h,2.8989610234457746,0,Neg,NO,5.0,1,1
708,2015,No,63,Female,White,Reflux/CPN,No,33.670628254859366,No,Living donor,30.046850973207864,Negative,Positive,Positive,Positive,2,2,1,5,0,1.0,1,Campath,Tac,MPA,Less than 6mo,59.0,53.0,No,No,No,No,No,No,No,No,No,Rejection while taking immunosuppressive drugs,1.0,No,3.52440026662482,Campath,Less than 60,Less than 24h,2.72774013637269,0,Pos,NO,31.800779498071364,1,1
709,2018,No,60,Female,Asian,DKD,No,23.54408033964388,No,Living donor,60.42208180632326,Negative,Negative,Negative,Positive,0,1,0,1,1,1.0,7,Simulect,Tac,MPA,Less than 6mo,41.0,8.0,No,No,Yes,Yes,No,No,No,No,No,AR,1.0,No,2.8741021502138864,Campath,Less than 60,Less than 24h,4.796773584021221,0,Neg,NO,97.0,1,1
710,2015,No,48,Female,White,Other,No,29.05599650440571,Yes,DBD,28.438242764687935,Positive,Negative,Negative,Positive,1,1,0,2,0,1.0,6,Simulect,Tac,MPA,Less than 6mo,18.0,71.0,No,No,No,Yes,No,No,No,No,No,cai,1.0,No,5.836382626908606,Simulect,Less than 60,more than 24h,5.190484562163486,1,Neg,Yes,96.89721086491016,1,1
711,2014,No,31,Female,Asian,GN,Yes,21.7,Yes,DBD,49.5451420493833,Positive,Negative,Positive,Positive,1,2,2,5,0,0.0,4,Campath,Tac,MPA,Less than 6mo,44.0,12.0,No,No,Yes,No,No,No,No,No,No,Rejection while taking immunosuppressive drug(s),1.0,No,3.4271692974714063,Simulect,Less than 60,more than 24h,5.378445183353217,1,Neg,Yes,84.01430684382078,1,1
712,2015,No,32,Female,Asian,ADPKD,No,29.70126729092948,Yes,DBD,34.11918064033858,Negative,Positive,Negative,Positive,1,1,1,3,0,0.0,3,Simulect,Tac,MPA,Less than 6mo,29.0,44.0,No,No,No,Yes,No,No,No,No,Yes,AR,3.0,No,6.098427431366236,Simulect,60 and above,Less than 24h,4.388821086331143,1,Neg,Yes,98.58194120425027,1,1
713,2017,No,50,Female,White,Reflux/CPN,No,34.09948615660518,No,Living donor,60.07418699179685,Positive,Negative,Negative,Positive,2,1,1,4,0,0.0,3,Campath,Tac,MPA,Less than 6mo,45.0,23.0,Yes,No,No,Yes,No,No,Yes,No,No,cai,3.0,No,4.047880211682656,Simulect,Less than 60,Less than 24h,6.374102524913823,1,Neg,Yes,15.662615384469431,1,1
714,2017,No,31,Male,White,Other,No,24.387196627017964,No,Living donor,22.02267245933188,Positive,Positive,Negative,Positive,2,1,2,5,0,0.0,21,Campath,Tac,MPA,Less than 6mo,88.0,60.0,No,No,No,Yes,No,No,No,No,No,CVD,1.0,No,4.7516963307082625,Simulect,Less than 60,Less than 24h,5.3215329335577,0,Neg,Yes,88.50344177002461,1,1
715,2017,No,64,Male,Asian,Unknown,Yes,29.996065167271293,No,Living donor,72.1615332,Negative,Positive,Negative,Positive,0,1,1,2,0,0.0,4,Campath,Tac,MPA,More than 6mo,38.0,44.0,Yes,No,No,Yes,No,No,No,No,No,unknown,1.0,No,2.512573612575619,Simulect,Less than 60,Less than 24h,2.30548413202416,1,Neg,Yes,97.39319658329904,1,1
716,2014,No,60,Female,White,Other,No,30.287660480367393,Yes,DBD,60.94938342177351,Negative,Positive,Negative,Positive,0,0,1,1,0,0.0,4,Simulect,Tac,MPA,Less than 6mo,81.0,43.0,No,No,No,No,No,No,No,No,No,AR,1.0,No,7.182420003162782,Campath,Less than 60,Less than 24h,5.33000041618675,0,Neg,Yes,94.32123907708065,1,1
717,2016,No,18,Female,White,GN,No,31.507537212271842,No,DBD,20.997155918749655,Positive,Positive,Positive,Positive,0,1,1,2,1,1.0,22,Campath,Tac,MPA,Less than 6mo,52.0,104.0,Yes,No,No,No,No,No,No,No,Yes,Rejection while taking immunosuppressive drug(s),3.0,No,4.323672813827886,Simulect,Less than 60,Less than 24h,5.083155908916998,0,Neg,NO,0.0,1,1
718,2019,No,31,Female,White,Reflux/CPN,Yes,30.794965392661975,No,DCD,60.6438537106639,Negative,Positive,Positive,Positive,1,1,1,3,0,0.0,17,Campath,Tac,MPA,Less than 6mo,90.0,58.0,No,No,No,No,No,No,No,4,Yes,Rejection while taking immunosuppressive drug(s),3.0,No,7.375220528005798,Simulect,60 and above,Less than 24h,3.380486934117494,0,Pos,NO,77.48276195432221,1,1
719,2015,No,52,Male,White,Other,No,24.994252294589575,No,DBD,51.93758974831681,Negative,Positive,Negative,Positive,1,1,1,3,0,0.0,20,Campath,Tac,MPA,Less than 6mo,21.0,73.0,Yes,Yes,No,No,No,No,No,No,No,Rejection while taking immunosuppressive drug(s),1.0,No,1.4187287089775789,Campath,Less than 60,Less than 24h,3.437149667916002,1,Pos,NO,54.280787468658886,1,1
720,2015,No,25,Male,White,Reflux/CPN,No,23.374595273105143,No,DCD,29.52336573696786,Negative,Positive,Positive,Positive,2,1,0,3,0,1.0,6,Simulect,Tac,MPA,Less than 6mo,74.0,36.0,No,No,No,Yes,No,Yes,No,No,No,cai,3.0,No,3.6878752117501272,Campath,Less than 60,Less than 24h,3.9640325105736602,1,Pos,NO,100.0,1,1
721,2018,No,48,Male,Asian,ADPKD,No,31.461306705315483,No,DBD,33.41940715117221,Positive,Negative,Positive,Positive,2,1,0,3,0,1.0,17,Campath,Tac,MPA,Less than 6mo,94.0,57.0,No,No,No,No,No,No,No,No,No,Rejection while taking immunosuppressive drug(s),1.0,No,5.897103242975673,Campath,Less than 60,Less than 24h,2.913084697707135,1,Neg,Yes,22.597267112063143,1,1
722,2016,No,27,Male,White,Unknown,No,30.454449805208466,No,Living donor,53.24845848551588,Positive,Positive,Negative,Positive,2,1,1,4,0,0.0,3,Campath,Tac,MPA,More than 6mo,46.0,62.0,No,No,No,No,No,No,No,Yes,No,cai,3.0,No,5.794429973279184,Simulect,Less than 60,Less than 24h,2.23890348247477,0,Neg,Yes,51.55835287964328,1,1
723,2016,No,38,Female,Asian,Other,No,23.264183907082966,Yes,DBD,49.59366102343638,Negative,Positive,Positive,Positive,1,1,0,2,1,0.0,25,Simulect,Tac,MPA,Less than 6mo,76.0,77.0,No,No,No,Yes,No,No,No,No,No,Rejection while taking immunosuppressive drugs,1.0,No,5.668603694560607,Simulect,Less than 60,more than 24h,2.250431618967844,0,Neg,NO,0.0,1,1
724,2019,No,50,Female,White,Other,No,27.05184874969425,No,DBD,55.044165099251444,Positive,Positive,Positive,Positive,2,1,1,4,0,1.0,29,Simulect,Tac,MPA,More than 6mo,28.0,56.0,No,No,Yes,No,No,No,No,No,Yes,AR,3.0,No,6.158900837672882,Simulect,Less than 60,Less than 24h,6.15790896986199,1,Neg,Yes,69.46093164417209,1,1
725,2016,No,54,Male,White,GN,No,32.553627849398,Yes,DBD,53.54331708878085,Positive,Positive,Positive,Positive,2,1,0,3,0,1.0,7,Simulect,Tac,MPA,Less than 6mo,23.0,52.0,Yes,No,No,No,No,No,No,No,Yes,Rejection while taking immunosuppressive drug(s),1.0,No,7.5,Campath,Less than 60,more than 24h,4.954288731132233,1,Neg,Yes,99.08801703010874,1,1
726,2015,No,53,Female,Asian,Reflux/CPN,No,33.28490805801951,Yes,DBD,54.47703642054139,Positive,Positive,Positive,Positive,2,1,1,4,1,0.0,3,Simulect,Tac,MPA,More than 6mo,44.0,11.0,No,No,No,Yes,No,No,No,No,No,Rejection while taking immunosuppressive drug(s),3.0,No,5.751556270760538,Campath,Less than 60,Less than 24h,2.4533902448935168,0,Neg,NO,100.0,1,1
727,2015,No,68,Male,Asian,GN,No,26.876200373363144,No,Living donor,51.82529053061967,Negative,Positive,Positive,Positive,0,1,1,2,0,0.0,7,Campath,Tac,MPA,More than 6mo,38.0,38.0,No,No,No,Yes,No,No,No,No,No,cai,1.0,No,5.580775177750998,Campath,Less than 60,Less than 24h,7.0,1,Neg,Yes,30.496539880753048,1,1
728,2014,No,50,Female,White,Other,No,34.961216994925714,No,Living donor,24.410809653264277,Positive,Positive,Positive,Positive,2,0,1,3,1,1.0,1,Campath,Tac,MPA,Less than 6mo,76.0,36.0,No,No,Yes,Yes,No,No,No,No,Yes,Rejection while taking immunosuppressive drugs,3.0,No,3.7800919733181715,Campath,Less than 60,Less than 24h,3.305056669952063,1,Neg,NO,60.0,1,1
729,2018,No,31,Female,Asian,DKD,No,31.626809116245393,Yes,DBD,58.62773550001562,Negative,Positive,Positive,Positive,0,1,0,1,0,0.0,23,Campath,Tac,MPA,Less than 6mo,35.0,34.0,No,No,No,Yes,No,No,No,No,No,Rejection while taking immunosuppressive drugs,1.0,No,5.8391545969200385,Simulect,Less than 60,Less than 24h,3.266895477490081,1,Neg,Yes,60.39321832330892,1,1
730,2018,No,23,Male,White,Reflux/CPN,No,29.851391391546713,Yes,Living donor,72.1615332,Positive,Positive,Positive,Positive,1,1,1,3,1,0.0,3,Campath,Tac,MPA,Less than 6mo,91.0,46.0,No,No,No,Yes,No,No,No,No,Yes,Rejection while taking immunosuppressive drug(s),1.0,No,3.845303849715817,Simulect,Less than 60,Less than 24h,4.41015080219447,0,Neg,NO,2.0,1,1
731,2018,Yes,26,Female,White,Unknown,Yes,23.452698423468888,Yes,Living donor,36.23002972855763,Negative,Positive,Positive,Positive,1,2,0,3,0,0.0,4,Simulect,Tac,MPA,Less than 6mo,81.0,71.0,No,No,No,Yes,No,No,No,No,No,unknown,3.0,Yes,4.316327144696186,Simulect,Less than 60,Less than 24h,3.779367977375818,0,Neg,Yes,86.93876896514091,1,1
732,2015,No,28,Female,White,Reflux/CPN,No,24.13300438948542,Yes,DBD,42.8856718031001,Positive,Positive,Negative,Positive,1,1,1,3,0,1.0,11,Simulect,Tac,MPA,Less than 6mo,53.0,70.0,No,No,No,No,No,No,No,No,No,unknown,1.0,No,2.51248672870805,Campath,Less than 60,Less than 24h,5.635269382788627,0,Neg,Yes,55.34134601855666,1,1
733,2014,No,26,Male,Asian,Other,Yes,27.59087208137105,No,DBD,31.89607344641044,Positive,Positive,Positive,Positive,0,1,1,2,0,0.0,4,Simulect,Tac,MPA,Less than 6mo,84.0,46.0,No,No,No,Yes,No,No,No,5,Yes,Rejection while taking immunosuppressive drug(s),3.0,No,6.031212253468424,Campath,Less than 60,Less than 24h,3.5493628707831286,0,Neg,Yes,23.661126645079094,1,1
734,2017,No,42,Female,White,Other,No,34.97551382498362,Yes,Living donor,27.777418553547058,Negative,Positive,Negative,Positive,1,1,1,3,0,0.0,20,Campath,Tac,MPA,Less than 6mo,76.0,42.0,No,No,Yes,No,No,No,No,No,Yes,cai,1.0,No,2.9812456663133693,Campath,Less than 60,more than 24h,4.221222228825933,1,Neg,Yes,59.78052246215403,1,1
735,2015,No,22,Male,White,GN,Yes,26.43191852660022,No,Living donor,31.58139596964421,Negative,Positive,Negative,Positive,1,1,0,2,0,0.0,7,Campath,Tac,MPA,Less than 6mo,17.0,67.0,Yes,No,Yes,No,No,No,No,No,No,AR,1.0,No,6.530472076067883,Simulect,Less than 60,Less than 24h,4.798949580180339,0,Neg,Yes,31.86987492460387,1,1
736,2017,No,36,Male,White,Reflux/CPN,No,26.835418469065612,Yes,Living donor,46.209767219638465,Positive,Positive,Negative,Positive,1,0,0,1,0,0.0,18,Simulect,Tac,MPA,Less than 6mo,94.0,44.0,No,No,No,No,No,No,No,No,Yes,cai,1.0,No,5.777681249391542,Simulect,Less than 60,more than 24h,2.649651346574169,1,Neg,Yes,69.2019752679996,1,1
737,2015,No,22,Male,White,GN,Yes,30.913694999411426,Yes,DBD,54.11413220830053,Positive,Positive,Negative,Positive,2,1,2,5,0,1.0,2,Simulect,Tac,MPA,Less than 6mo,49.0,78.0,No,No,No,No,No,No,No,No,No,Rejection while taking immunosuppressive drug(s),1.0,No,4.944780300211393,Simulect,Less than 60,Less than 24h,2.705024392144531,1,Neg,Yes,36.87195128236287,1,1
738,2015,No,41,Male,White,Unknown,No,23.728244988999574,Yes,DCD,60.49752112651376,Positive,Positive,Positive,Positive,2,0,0,2,0,0.0,4,Campath,Tac,MPA,More than 6mo,55.0,44.0,No,No,No,No,No,No,No,Yes,Yes,Rejection while taking immunosuppressive drug(s),1.0,No,5.815068198158436,Simulect,Less than 60,more than 24h,4.5044258102145704,0,Pos,NO,63.995545751576806,1,1
739,2017,No,43,Female,White,GN,No,25.21478737070348,Yes,Living donor,50.17624939986453,Negative,Positive,Negative,Positive,1,1,0,2,0,0.0,18,Campath,Tac,MPA,Less than 6mo,60.0,44.0,No,No,No,Yes,No,No,No,No,No,cai,1.0,No,5.53428729718561,Simulect,Less than 60,more than 24h,6.993388706270438,1,Neg,Yes,39.295425581216286,1,1
740,2018,No,58,Male,White,GN,No,27.225402024452215,No,DBD,49.009237405041645,Positive,Positive,Positive,Positive,0,2,0,2,0,0.0,6,Campath,Tac,MPA,Less than 6mo,81.0,49.0,No,No,No,No,No,No,No,No,No,Rejection while taking immunosuppressive drug(s),1.0,No,6.955758629465985,Simulect,Less than 60,Less than 24h,1.8,0,Neg,Yes,0.0,1,1
741,2014,No,62,Female,Asian,DKD,No,23.193247560263327,No,DBD,57.13565005355283,Negative,Negative,Negative,Positive,1,0,2,3,0,0.0,11,Campath,Cyc,MPA,Less than 6mo,35.0,43.0,No,No,No,Yes,No,No,No,No,No,Rejection while taking immunosuppressive drug(s),1.0,No,3.732958514950594,Simulect,Less than 60,more than 24h,4.471669465046516,0,Neg,Yes,35.22450124050564,1,1
742,2015,No,21,Female,Black,Other,No,22.512559038575418,No,DCD,26.03198322589062,Positive,Negative,Positive,Positive,0,1,0,1,0,0.0,3,Simulect,Tac,MPA,Less than 6mo,58.0,37.0,No,No,No,No,No,No,Yes,No,No,Rejection while taking immunosuppressive drug(s),1.0,No,7.382900616857613,Campath,Less than 60,Less than 24h,4.85179491951721,1,Neg,Yes,63.65998521925542,1,1
743,2017,No,41,Female,White,GN,No,21.7,No,DBD,31.556834130487548,Positive,Negative,Positive,Positive,0,2,1,3,0,0.0,19,Campath,Tac,MPA,More than 6mo,27.0,43.0,No,No,No,Yes,No,No,No,No,No,Rejection while taking immunosuppressive drug(s),1.0,Yes,3.2964751613211414,Simulect,Less than 60,Less than 24h,4.86612835343954,1,Neg,Yes,76.16208861065452,1,1
744,2015,Yes,34,Female,White,Unknown,No,24.957670170833403,No,Living donor,23.25760456777655,Negative,Positive,Positive,Positive,0,2,1,3,0,1.0,17,Simulect,Tac,MPA,More than 6mo,24.0,59.0,No,No,No,Yes,No,No,No,No,Yes,Rejection while taking immunosuppressive drugs,1.0,No,7.089243910578323,Campath,Less than 60,Less than 24h,2.4871084536862247,1,Neg,Yes,92.90799756064145,1,1
745,2016,Yes,46,Male,Asian,Reflux/CPN,Yes,29.0310124306478,No,DBD,16.181356247249393,Positive,Positive,Positive,Positive,1,1,0,2,0,0.0,5,Simulect,Tac,MPA,Less than 6mo,59.0,39.0,Yes,No,Yes,Yes,No,No,No,No,No,unknown,1.0,No,5.010821119375307,Campath,Less than 60,Less than 24h,5.625828679524826,1,Pos,NO,100.0,1,1
746,2019,No,45,Male,Asian,ADPKD,No,23.628521508058864,No,Living donor,72.1615332,Negative,Positive,Positive,Positive,1,1,1,3,0,1.0,14,Simulect,Tac,MPA,Less than 6mo,44.0,62.0,No,No,Yes,Yes,No,No,No,No,No,CVD,1.0,No,5.778572221285221,Campath,Less than 60,Less than 24h,2.5018164706322947,1,Pos,NO,32.4987187740535,1,1
747,2015,No,32,Male,White,Other,No,22.288072112664203,Yes,Living donor,23.29931089785218,Negative,Negative,Positive,Positive,1,1,1,3,0,1.0,4,Campath,Tac,MPA,More than 6mo,42.0,33.0,No,No,No,Yes,No,No,No,No,No,Rejection while taking immunosuppressive drug(s),1.0,No,6.843341784892183,Simulect,60 and above,Less than 24h,4.110322883327039,1,Neg,Yes,41.25747602519458,1,1
748,2015,No,54,Female,Asian,Other,No,24.612351107014337,No,DBD,49.93092701313542,Positive,Positive,Positive,Positive,0,1,0,1,0,0.0,3,Campath,Tac,MPA,More than 6mo,47.0,36.0,No,No,Yes,Yes,No,No,No,No,No,AR,3.0,Yes,4.119627934773237,Simulect,Less than 60,more than 24h,5.04405849718937,1,Neg,Yes,92.83277771023461,1,1
749,2015,No,65,Female,Asian,DKD,No,27.07828138790654,No,DBD,54.89657017272996,Positive,Negative,Positive,Positive,2,0,1,3,0,1.0,29,Simulect,Tac,MPA,Less than 6mo,35.0,16.0,No,No,No,Yes,No,No,No,No,No,Rejection while taking immunosuppressive drug(s),1.0,No,5.534095710828802,Simulect,Less than 60,more than 24h,5.306059782048829,0,Pos,NO,94.5109196397771,1,1
750,2014,No,42,Male,White,DKD,Yes,23.575268523901354,Yes,DCD,55.2444724849046,Positive,Positive,Negative,Positive,1,1,0,2,0,1.0,17,Simulect,Tac,MPA,More than 6mo,20.0,41.0,No,No,Yes,No,No,No,No,No,No,Rejection while taking immunosuppressive drug(s),1.0,No,5.5677329861318645,Campath,Less than 60,Less than 24h,6.131817533292067,0,Neg,Yes,93.62339550867675,1,1
751,2015,No,48,Male,Asian,ADPKD,Yes,22.470343815510873,No,Living donor,15.45516769,Positive,Positive,Negative,Positive,0,1,1,2,0,0.0,15,Simulect,Tac,MPA,More than 6mo,27.0,20.0,Yes,No,Yes,No,No,No,No,No,Yes,CVD,1.0,No,3.284197149609385,Campath,Less than 60,Less than 24h,3.4886522143162924,1,Neg,Yes,100.0,1,1
752,2015,No,41,Female,White,GN,No,25.410866798044488,No,Living donor,31.91342515358001,Negative,Positive,Positive,Positive,1,1,2,4,0,0.0,4,Campath,Tac,MPA,Less than 6mo,87.0,34.0,Yes,No,Yes,No,No,Yes,No,No,No,Rejection while taking immunosuppressive drug(s),1.0,No,5.6593844292173765,Simulect,Less than 60,Less than 24h,5.326815537120078,1,Neg,Yes,97.41736107429686,1,1
753,2014,No,39,Female,White,DKD,No,28.97206953012886,Yes,Living donor,27.3934092995311,Positive,Positive,Positive,Positive,1,0,0,1,0,0.0,7,Simulect,Tac,MPA,Less than 6mo,54.0,95.0,No,Yes,Yes,No,No,No,No,No,No,Rejection while taking immunosuppressive drug(s),1.0,No,4.465583551134407,Simulect,Less than 60,Less than 24h,5.382744892063659,1,Neg,Yes,27.065334646495877,1,1
754,2015,No,52,Male,Black,Unknown,No,33.39803364351447,Yes,Living donor,39.317229548231836,Negative,Positive,Positive,Positive,1,0,1,2,0,0.0,14,Campath,Tac,MPA,Less than 6mo,47.0,75.0,No,No,Yes,Yes,No,No,No,No,No,Rejection while taking immunosuppressive drug(s),1.0,No,1.4759741769145869,Campath,Less than 60,Less than 24h,1.8,1,Neg,Yes,100.0,1,1
755,2014,No,31,Male,White,ADPKD,No,22.698426258631304,No,Living donor,54.46690656793703,Positive,Positive,Positive,Positive,0,0,0,0,0,0.0,21,Campath,Tac,MPA,Less than 6mo,80.0,67.0,Yes,No,Yes,No,No,No,No,No,No,Rejection while taking immunosuppressive drugs,1.0,No,4.299283929609725,Simulect,Less than 60,Less than 24h,3.5541678866455984,1,Neg,Yes,34.92814424034394,1,1
756,2015,No,46,Male,Asian,Reflux/CPN,No,25.61276153477565,Yes,DBD,43.72181153996613,Positive,Positive,Positive,Positive,0,0,0,0,0,1.0,6,Simulect,Tac,MPA,Less than 6mo,32.0,103.0,No,No,Yes,Yes,No,No,No,4,No,AR,3.0,No,4.332734540789235,Simulect,Less than 60,Less than 24h,5.9982235513320346,0,Neg,Yes,40.4685139278777,1,1
757,2015,No,49,Female,Asian,Reflux/CPN,No,23.84140560929146,No,Living donor,19.223723471855816,Negative,Negative,Positive,Positive,0,1,2,3,0,0.0,19,Campath,Tac,MPA,More than 6mo,72.0,15.0,Yes,No,No,No,No,No,No,5,No,AR,1.0,No,3.7814636903098218,Simulect,Less than 60,Less than 24h,4.521982120515407,1,Neg,Yes,48.006771496546406,1,1
758,2017,No,32,Male,White,Other,No,26.770781826075744,Yes,Living donor,15.45516769,Positive,Positive,Positive,Positive,2,0,1,3,0,0.0,5,Simulect,Tac,MPA,Less than 6mo,38.0,43.0,No,No,Yes,Yes,No,No,No,No,No,Rejection while taking immunosuppressive drug(s),1.0,No,5.5930554870665645,Simulect,Less than 60,Less than 24h,5.031624819698211,0,Neg,Yes,32.41776846353168,1,1
759,2014,No,59,Male,White,DKD,No,30.3885580873835,Yes,DBD,24.07143746733241,Positive,Negative,Positive,Positive,1,0,1,2,0,0.0,26,Campath,Tac,MPA,Less than 6mo,36.0,11.0,Yes,No,Yes,Yes,No,No,Yes,No,No,unknown,3.0,No,6.9404800185761975,Simulect,Less than 60,Less than 24h,4.432698649059354,1,Neg,Yes,82.0549438889533,1,1
760,2016,Yes,48,Male,Asian,Reflux/CPN,No,32.741812890557384,No,DBD,55.982282544187065,Negative,Positive,Negative,Positive,1,1,0,2,0,0.0,4,Simulect,Tac,MPA,Less than 6mo,52.0,45.0,No,No,No,Yes,No,Yes,No,No,No,AR,1.0,No,3.9025031586631354,Simulect,Less than 60,Less than 24h,4.99163166794165,1,Neg,Yes,100.0,1,1
761,2016,No,61,Female,White,Other,Yes,28.77572853852452,Yes,Living donor,25.58640035004197,Negative,Positive,Positive,Positive,1,1,1,3,0,0.0,13,Campath,Tac,MPA,Less than 6mo,21.0,49.0,No,No,No,No,No,No,No,No,No,Rejection while taking immunosuppressive drug(s),3.0,No,3.2745615143239757,Simulect,Less than 60,Less than 24h,4.7559974962444445,1,Neg,Yes,59.09357232258699,1,1
762,2015,No,52,Female,White,Other,No,23.6589196229376,No,Living donor,42.85792988882636,Positive,Positive,Positive,Positive,2,1,0,3,0,0.0,3,Campath,Tac,MPA,Less than 6mo,57.0,48.0,No,No,No,No,No,No,Yes,No,Yes,cai,3.0,No,5.717536223657663,Campath,Less than 60,more than 24h,4.667689019607727,1,Neg,Yes,71.47467971022527,1,1
763,2018,No,51,Female,Asian,DKD,No,30.654152020988075,Yes,Living donor,56.29332403713682,Positive,Positive,Negative,Positive,1,1,2,4,0,1.0,5,Campath,Tac,MPA,Less than 6mo,50.0,65.0,No,No,No,Yes,No,No,No,No,No,Rejection while taking immunosuppressive drugs,1.0,No,2.7111175891496857,Campath,Less than 60,Less than 24h,2.8614655671328584,0,Neg,Yes,90.82091023085373,1,1
764,2015,No,33,Female,Black,DKD,No,25.856918315586697,Yes,Living donor,26.839219465648075,Negative,Positive,Negative,Positive,0,1,0,1,0,0.0,15,Campath,Tac,MPA,Less than 6mo,46.0,10.0,Yes,No,No,No,No,No,No,No,No,AR,1.0,No,5.905593771003987,Simulect,Less than 60,Less than 24h,5.826521057106003,1,Neg,Yes,54.62988608253918,1,1
765,2019,No,28,Female,Asian,Other,No,29.040452926752476,No,DBD,54.27503457877814,Negative,Negative,Negative,Positive,0,0,0,0,0,0.0,3,Campath,Tac,MPA,Less than 6mo,40.0,66.0,No,No,No,Yes,No,No,No,No,No,AR,3.0,No,5.1666836613248694,Campath,60 and above,Less than 24h,1.820597434933205,0,Neg,Yes,47.15774647558544,1,1
766,2014,No,62,Male,White,Reflux/CPN,No,22.21706653221921,No,Living donor,45.04563432368316,Positive,Positive,Negative,Positive,1,1,1,3,0,1.0,28,Campath,Tac,MPA,Less than 6mo,50.0,43.0,No,No,No,Yes,No,No,No,No,No,Rejection while taking immunosuppressive drug(s),1.0,No,5.57997280631403,Simulect,Less than 60,Less than 24h,4.0304227912119,1,Neg,Yes,46.04165177648811,1,1
767,2014,No,31,Female,White,Reflux/CPN,Yes,22.20073087661101,No,Living donor,36.96320107824645,Positive,Positive,Negative,Positive,2,0,1,3,0,1.0,15,Simulect,Tac,MPA,More than 6mo,45.0,44.0,No,No,No,No,No,No,No,No,No,cai,1.0,No,4.44576942879353,Campath,Less than 60,Less than 24h,5.995424987246761,1,Neg,Yes,31.000619161626204,1,1
768,2015,No,45,Male,White,Unknown,No,26.10137661940077,Yes,DBD,56.84376190996719,Positive,Positive,Positive,Positive,0,1,1,2,0,1.0,17,Simulect,Tac,MPA,More than 6mo,36.0,60.0,No,No,Yes,No,No,No,No,No,No,Rejection while taking immunosuppressive drug(s),1.0,No,6.76811475057186,Simulect,Less than 60,Less than 24h,2.6302402008407375,0,Pos,NO,53.27871024974555,1,1
769,2017,No,38,Male,Asian,GN,Yes,35.0,No,Living donor,53.1663260893454,Negative,Positive,Positive,Positive,0,2,0,2,0,0.0,13,Campath,Tac,MPA,More than 6mo,75.0,31.0,Yes,No,No,No,No,No,No,4,No,Rejection while taking immunosuppressive drug(s),1.0,No,2.97698622786365,Campath,60 and above,Less than 24h,2.7549076496633425,1,Neg,Yes,43.92722957805544,1,1
770,2017,No,69,Female,White,DKD,No,30.720547331105077,No,DCD,57.517681427716454,Positive,Positive,Negative,Positive,0,0,0,0,0,0.0,23,Campath,Tac,MPA,More than 6mo,49.0,103.0,No,No,No,No,No,No,No,No,No,Rejection while taking immunosuppressive drug(s),1.0,No,7.401349539507591,Simulect,Less than 60,more than 24h,4.9921923574887845,0,Neg,Yes,47.389063927442535,1,1
771,2019,No,34,Female,White,Other,No,33.54441072033872,No,DBD,51.94545885567048,Negative,Positive,Positive,Positive,2,2,0,4,1,1.0,22,Campath,Tac,MPA,More than 6mo,76.0,76.0,No,No,No,Yes,No,No,No,No,No,AR,3.0,No,6.72586896587186,Simulect,60 and above,more than 24h,3.4581352157014886,0,Neg,NO,44.0,1,1
772,2017,No,60,Female,White,Reflux/CPN,No,35.0,No,DBD,55.212813943256364,Positive,Positive,Negative,Positive,0,1,1,2,0,1.0,18,Campath,Tac,MPA,More than 6mo,40.0,12.0,No,No,No,No,No,No,No,No,Yes,AR,3.0,No,6.497953809016362,Campath,Less than 60,more than 24h,3.288766459518423,0,Neg,Yes,62.73806036147016,1,1
773,2018,No,47,Female,Asian,GN,No,31.57857165602286,Yes,Living donor,58.590149529788114,Positive,Positive,Positive,Positive,0,2,2,4,1,0.0,11,Simulect,Tac,MPA,More than 6mo,19.0,43.0,No,No,No,No,No,No,Yes,No,No,CVD,1.0,No,2.8688337914434303,Simulect,Less than 60,Less than 24h,4.917853265940509,0,Neg,NO,48.0,1,1
774,2015,No,37,Female,White,ADPKD,No,25.859178100997788,Yes,Living donor,30.183441364071054,Negative,Positive,Positive,Positive,0,1,1,2,0,1.0,5,Simulect,Tac,MPA,Less than 6mo,77.0,14.0,Yes,No,No,No,No,No,No,No,No,AR,1.0,No,5.918927101375832,Simulect,Less than 60,Less than 24h,5.299738381023622,0,Neg,Yes,19.094132031628284,1,1
775,2016,No,58,Male,Asian,Other,No,26.322950557073636,No,DBD,34.96832673541182,Positive,Positive,Negative,Positive,1,0,0,1,1,0.0,27,Simulect,Tac,MPA,Less than 6mo,17.0,64.0,No,Yes,No,No,No,No,No,No,No,unknown,1.0,No,3.943461839437467,Simulect,Less than 60,Less than 24h,2.752777419279341,1,Neg,NO,41.0,1,1
776,2014,No,25,Male,White,DKD,No,24.143205366874493,No,Living donor,51.88309046852775,Negative,Negative,Positive,Positive,1,1,0,2,0,0.0,4,Simulect,Tac,MPA,Less than 6mo,26.0,19.0,No,No,No,No,No,No,No,No,No,AR,1.0,No,6.207200759652256,Campath,Less than 60,Less than 24h,3.8354657648054538,1,Neg,Yes,60.61161837338081,1,1
777,2017,No,30,Male,White,Reflux/CPN,No,30.021922969333765,No,DBD,39.12898814869017,Positive,Positive,Negative,Positive,0,1,1,2,0,1.0,5,Simulect,Tac,MPA,More than 6mo,92.0,40.0,No,No,No,Yes,No,No,No,No,Yes,unknown,1.0,No,5.681523102383448,Simulect,Less than 60,Less than 24h,5.029210208369596,1,Pos,NO,74.48277430649033,1,1
778,2019,No,50,Male,White,Other,No,32.11852194120477,No,DBD,58.03288591638212,Negative,Positive,Negative,Positive,1,1,1,3,0,0.0,15,Campath,Tac,MPA,Less than 6mo,92.0,8.0,No,No,Yes,No,No,No,No,No,No,unknown,1.0,No,1.513336494749476,Simulect,Less than 60,Less than 24h,4.387991673364223,0,Neg,Yes,69.60453785754403,1,1
779,2017,No,54,Male,White,Reflux/CPN,No,25.99723381105954,No,DBD,47.021343949950975,Positive,Positive,Negative,Positive,1,0,1,2,0,0.0,5,Campath,Tac,MPA,Less than 6mo,44.0,27.0,No,No,No,No,No,No,No,No,No,CVD,1.0,No,6.399996154996235,Simulect,Less than 60,Less than 24h,6.402027433800881,1,Neg,Yes,26.067416053259315,1,1
780,2014,No,42,Female,Black,Other,Yes,24.66269431017511,No,DBD,34.5512686429934,Negative,Positive,Positive,Positive,2,1,0,3,0,0.0,5,Campath,Tac,MPA,More than 6mo,60.0,71.0,Yes,No,Yes,Yes,No,No,No,No,No,AR,1.0,No,2.913012834434092,Simulect,Less than 60,Less than 24h,6.655920353749634,1,Neg,Yes,57.41403503817644,1,1
781,2015,No,43,Male,White,Reflux/CPN,No,29.950416550095262,No,Living donor,47.474048285561715,Negative,Positive,Negative,Positive,1,1,0,2,0,1.0,12,Simulect,Tac,MPA,Less than 6mo,29.0,34.0,No,No,Yes,Yes,No,No,No,No,No,Rejection while taking immunosuppressive drugs,1.0,No,7.419313881533759,Campath,Less than 60,Less than 24h,1.9452017571771365,0,Neg,Yes,62.26269393314527,1,1
782,2018,No,67,Female,White,Reflux/CPN,No,29.82830527402546,No,Living donor,52.77550581046859,Positive,Negative,Negative,Positive,1,1,0,2,0,0.0,19,Simulect,Tac,Aza,Less than 6mo,52.0,71.0,No,No,No,Yes,No,No,No,No,No,AR,1.0,No,3.9073784667006417,Simulect,Less than 60,Less than 24h,4.350538678760682,1,Neg,Yes,34.20587380766833,1,1
783,2015,No,51,Female,White,GN,Yes,25.17004775737803,No,DBD,52.24662106824417,Positive,Positive,Positive,Positive,2,0,0,2,0,0.0,23,Campath,Tac,MPA,Less than 6mo,70.0,81.0,Yes,No,No,No,No,No,No,No,No,cai,1.0,No,4.181631941869469,Simulect,60 and above,Less than 24h,6.056450518190016,1,Neg,Yes,60.78018720673207,1,1
784,2016,No,67,Male,White,Reflux/CPN,No,32.697989513474965,Yes,DBD,34.23714504018439,Positive,Positive,Positive,Positive,1,1,1,3,0,0.0,6,Simulect,Tac,MPA,Less than 6mo,61.0,40.0,No,No,Yes,No,No,No,No,No,No,Rejection while taking immunosuppressive drugs,1.0,No,3.5061931139042635,Campath,Less than 60,Less than 24h,4.63613279403388,1,Pos,NO,72.04995196968028,1,1
785,2014,No,42,Male,White,DKD,Yes,25.8077788066444,No,Living donor,17.288270663029245,Positive,Negative,Positive,Positive,2,1,1,4,0,0.0,14,Simulect,Tac,MPA,More than 6mo,20.0,22.0,No,No,Yes,No,No,No,No,No,Yes,AR,1.0,No,2.9809803448965857,Campath,Less than 60,Less than 24h,5.294410741769383,1,Neg,Yes,48.68343146952828,1,1
786,2019,No,48,Male,White,ADPKD,Yes,33.37324149957805,No,Living donor,66.80544315994095,Negative,Positive,Positive,Positive,1,1,0,2,1,0.0,17,Simulect,Tac,MPA,Less than 6mo,53.0,8.0,No,No,No,Yes,No,No,No,No,Yes,cai,1.0,Yes,6.425028704375736,Campath,60 and above,Less than 24h,5.213256323794707,1,Neg,NO,4.0,1,1
787,2016,No,29,Male,Asian,GN,No,27.9872831088416,Yes,DBD,21.725274928169537,Negative,Positive,Negative,Positive,2,2,1,5,0,0.0,16,Simulect,Tac,MPA,Less than 6mo,71.0,46.0,No,No,No,No,No,No,No,No,No,unknown,3.0,No,5.715776758364226,Campath,Less than 60,Less than 24h,5.050662646065998,0,Neg,Yes,100.0,1,1
788,2015,No,50,Male,Asian,DKD,No,23.709343810545835,Yes,DBD,49.447792738046985,Positive,Positive,Positive,Positive,0,2,0,2,0,1.0,8,Simulect,Tac,MPA,More than 6mo,44.0,51.0,No,No,Yes,No,No,No,No,No,Yes,AR,1.0,No,5.8492803421068515,Simulect,Less than 60,more than 24h,5.498798445804831,1,Pos,NO,51.23826202585824,1,1
