studyno,yrtx,prevtx,ageattx,sex,ethnicity,prd,rdm,rbmi,premt_tx,dtype,dageattx,dcmv,debv,rcmv,rebv,mma,mmb,mmdr,totalmm,abomm,crf,cit,ind,initis,antimet,steroid6,egfr3,egfr12,cmvinf,ebvinf,bkvinf,hxar,dgn,rgn,ptgn,posttxca,dcgl,failcause,as,death,yrs to graftloss/death/end of follow up,induction,age60,citcat,age10,indr,crossmatch,dsa,pra
1,2017,No,58,Male,White,ADPKD,No,26.2,No,DBD,63.89596167,Positive,Positive,Positive,NA,2,1,1,4,0,0,20,Simulect,Tac,MPA,Less than 6mo,28,48,No,No,No,No,Yes,No,No,No,No,NA,NA,No,5,Simulect,Less than 60,Less than 24h,5.8000002,0,Neg,NO,0
2,2014,No,48,Female,White,ADPKD,No,NA,No,Living donor,30.94045175,Positive,Negative,Positive,NA,1,1,1,2,0,0,4,Simulect,Tac,MPA,Less than 6mo,87,95,No,No,No,NA,No,No,No,No,No,NA,NA,No,8,Simulect,Less than 60,Less than 24h,4.8000002,0,Neg,NO,0
3,2018,No,66,Female,Asian,ADPKD,No,20.1,Yes,DBD,78.53524983,Positive,Positive,Positive,Positive,1,1,1,3,0,0,10,Simulect,Tac,MPA,Less than 6mo,59,48,No,No,No,No,No,No,No,No,No,NA,NA,No,3.4,Simulect,60 and above,Less than 24h,6.5999999,0,Neg,NO,0
4,2019,No,57,Male,White,GN,No,23,Yes,DCD,47.22518823,Positive,Positive,Positive,Positive,0,0,0,0,0,0,19,Simulect,Tac,MPA,Less than 6mo,46,NA,No,No,No,No,No,No,No,No,No,NA,NA,No,2.3,Simulect,Less than 60,Less than 24h,5.6999998,0,Neg,NO,0
5,2019,No,56,Male,White,GN,No,26,No,DCD,67.69336071,Positive,Positive,Negative,Negative,1,1,1,3,0,0,14,Simulect,Tac,MPA,Less than 6mo,17,NA,No,No,No,NA,No,No,No,No,No,NA,NA,No,3,Simulect,Less than 60,Less than 24h,5.5999999,0,Neg,NO,0
6,2015,No,72,Female,White,Unknown,Yes,25.7,No,DBD,55.38398357,Negative,NA,Positive,NA,1,1,1,3,0,0,19,Simulect,Tac,MPA,Less than 6mo,61,60,No,No,No,No,No,No,No,No,No,NA,NA,No,7,Simulect,60 and above,Less than 24h,7.1999998,0,Neg,NO,29
7,2016,No,55,Male,White,ADPKD,No,28.8,Yes,Living donor,53.7522245,Positive,Positive,Positive,Positive,2,1,1,4,0,0,3,Simulect,Tac,MPA,More than 6mo,43,56,No,No,No,No,No,No,No,No,No,NA,NA,No,5.7,Simulect,Less than 60,Less than 24h,5.5,0,Neg,NO,0
8,2018,No,69,Female,White,Unknown,No,22.3,Yes,DBD,78.31622177,Negative,Positive,Negative,NA,2,2,0,4,0,0,9,Simulect,Tac,MPA,Less than 6mo,41,51,No,No,Yes,No,No,No,No,No,No,NA,NA,No,3.6,Simulect,60 and above,Less than 24h,6.9000001,0,Neg,NO,0
9,2015,No,55,Female,White,Reflux/CPN,No,27,No,DBD,67.18959617,Positive,Positive,Negative,NA,1,1,1,3,0,1,19,Simulect,Tac,MPA,More than 6mo,48,63,No,No,No,Yes,No,No,No,No,Yes,Rejection while taking immunosuppressive drug(s),1,No,4.7,Simulect,Less than 60,Less than 24h,5.5,0,Neg,NO,99
10,2019,No,55,Male,White,GN,No,34,Yes,Living donor,53.18275154,Positive,Positive,Negative,Positive,1,1,1,3,0,0,6,Simulect,Tac,MPA,Less than 6mo,47,57,No,No,Yes,NA,No,No,No,NA,No,NA,NA,No,3,Simulect,Less than 60,Less than 24h,5.5,0,Neg,NO,0
11,2015,No,71,Female,White,GN,No,27.9,No,DBD,49.11704312,Positive,NA,Negative,NA,1,1,0,2,0,1,22,Simulect,Tac,MPA,Less than 6mo,32,47,No,No,No,No,No,No,No,No,No,NA,NA,Yes,5.3,Simulect,60 and above,Less than 24h,7.0999999,0,Neg,NO,76
12,2014,No,49,Male,White,Unknown,No,NA,No,DBD,57.13894593,Negative,NA,Negative,NA,2,2,0,4,0,NA,9,Simulect,Tac,MPA,NA,26,NA,No,No,No,NA,No,No,No,No,No,NA,NA,No,8,Simulect,Less than 60,Less than 24h,4.9000001,0,Neg,NO,0
13,2019,No,48,Male,White,GN,No,38,Yes,Living donor,48.73374401,Negative,Positive,Negative,Positive,2,1,1,4,0,0,5,Simulect,Cyc,MPA,More than 6mo,31,NA,No,No,Yes,Yes,No,No,No,No,No,NA,NA,No,2.3,Simulect,Less than 60,Less than 24h,4.8000002,0,Neg,NO,0
14,2016,No,52,Female,White,GN,No,NA,Yes,Living donor,44.25735797,Negative,NA,Negative,NA,0,0,0,0,0,0,6,Simulect,Tac,MPA,NA,52,74,No,No,No,NA,No,Yes,Yes,No,No,NA,NA,No,6,Simulect,Less than 60,Less than 24h,5.1999998,0,Neg,NO,0
15,2016,No,57,Female,White,GN,No,26,No,DCD,65.08692676,Positive,Negative,Negative,NA,0,1,1,2,0,1,17,Simulect,Tac,MPA,More than 6mo,15,17,No,Yes,No,No,No,No,No,No,No,NA,NA,No,5.6,Simulect,Less than 60,Less than 24h,5.6999998,0,Neg,NO,57
16,2018,No,45,Female,White,Reflux/CPN,No,36,Yes,DBD,64.44353183,Positive,Positive,Negative,Positive,2,1,0,3,0,0,10,Simulect,Tac,MPA,NA,30,45,No,No,No,NA,No,No,No,No,No,NA,NA,No,4,Simulect,Less than 60,Less than 24h,4.5,0,Neg,NO,0
17,2014,No,75,Male,White,Unknown,No,31,No,DCD,69.59890486,Positive,NA,Positive,NA,1,1,1,3,0,NA,10,Simulect,Tac,MPA,Less than 6mo,36,42,No,No,No,No,No,No,No,Yes,No,NA,NA,No,7,Simulect,60 and above,Less than 24h,7.5,0,Neg,NO,0
18,2015,No,62,Male,White,Other,No,24.4,Yes,Living donor,50.77891855,Negative,NA,Positive,NA,1,1,2,4,0,0,4,Simulect,Tac,MPA,Less than 6mo,52,45,Yes,No,Yes,Yes,No,No,No,No,No,NA,NA,No,7,Simulect,60 and above,Less than 24h,6.1999998,0,Neg,NO,0
19,2019,No,38,Male,White,Unknown,No,24,Yes,DCD,36.84599589,Negative,Positive,Positive,NA,1,1,0,2,0,1,13,Simulect,Tac,MPA,NA,34,NA,Yes,No,No,NA,No,No,No,No,No,Death with functioning graft,NA,Yes,1,Simulect,Less than 60,Less than 24h,3.8,0,Neg,NO,56
20,2015,No,54,Male,White,ADPKD,No,25.1,No,DBD,76.11498973,Negative,NA,Negative,NA,1,1,1,3,0,0,9,Simulect,Tac,MPA,Less than 6mo,43,50,No,No,No,No,No,No,No,No,No,NA,NA,No,6.7,Simulect,Less than 60,Less than 24h,5.4000001,0,Neg,NO,0
21,2015,No,54,Female,White,ADPKD,No,30.8,No,DCD,67.96988364,Positive,NA,Negative,NA,1,0,1,2,0,1,16,Simulect,Tac,MPA,Less than 6mo,28,42,Yes,No,No,No,No,No,No,No,No,NA,NA,No,6.7,Simulect,Less than 60,Less than 24h,5.4000001,0,Neg,NO,64
22,2018,No,58,Female,White,Other,No,30.4,Yes,DBD,70.82546201,Positive,Positive,Negative,NA,0,2,2,4,0,0,22,Simulect,Tac,MPA,More than 6mo,28,45,Yes,No,No,No,No,No,No,No,No,NA,NA,No,3.7,Simulect,Less than 60,Less than 24h,5.8000002,0,Neg,NO,7
23,2015,No,51,Male,White,ADPKD,No,25.8,No,DBD,67.93155373,Positive,NA,Positive,NA,0,1,1,2,0,0,25,Simulect,Tac,MPA,Less than 6mo,20,37,No,No,No,No,No,No,No,No,No,NA,NA,No,6.5,Simulect,Less than 60,more than 24h,5.0999999,0,Neg,NO,0
24,2016,No,34,Male,White,Other,No,29.7,Yes,Living donor,27.58384668,Negative,NA,Negative,Positive,0,0,0,0,0,1,2,Simulect,Cyc,MPA,More than 6mo,65,NA,No,No,No,No,No,No,No,No,No,NA,NA,No,5.4,Simulect,Less than 60,Less than 24h,3.4000001,0,Neg,NO,44
25,2015,No,31,Male,White,GN,No,22,Yes,Living donor,32.96919918,Positive,NA,Negative,NA,1,1,0,2,0,0,4,Simulect,Tac,MPA,Less than 6mo,61,NA,No,No,No,No,No,Yes,Yes,No,No,NA,NA,No,6.7,Simulect,Less than 60,Less than 24h,3.0999999,0,Neg,NO,0
26,2017,No,57,Female,White,ADPKD,No,29,No,DBD,66.86379192,Negative,Positive,Negative,NA,1,1,1,3,0,1,18,Simulect,Tac,MPA,Less than 6mo,40,45,No,No,No,No,No,No,No,No,No,NA,NA,No,4.7,Simulect,Less than 60,Less than 24h,5.6999998,0,Neg,NO,100
27,2018,No,34,Male,White,Unknown,No,25,No,Living donor,63.27994524,Negative,Positive,Positive,Positive,0,1,1,2,0,0,4,Simulect,Tac,MPA,NA,48,62,No,No,No,NA,No,No,No,No,No,NA,NA,No,4,Simulect,Less than 60,Less than 24h,3.4000001,0,Neg,NO,0
28,2019,No,61,Male,White,ADPKD,No,31,Yes,Living donor,38.86105407,Negative,Positive,Positive,NA,1,1,1,3,0,0,4,Simulect,Tac,MPA,NA,60,NA,No,No,No,NA,No,No,No,No,No,NA,NA,No,3,Simulect,60 and above,Less than 24h,6.0999999,0,Neg,NO,0
29,2017,No,54,Male,White,Other,No,29.1,No,DBD,22.68309377,Negative,Negative,Negative,NA,0,0,0,0,0,0,12,Simulect,Tac,MPA,Less than 6mo,54,82,No,No,No,No,No,No,No,No,No,NA,NA,No,4.9,Simulect,Less than 60,Less than 24h,5.4000001,0,Neg,NO,0
30,2018,No,55,Male,White,Reflux/CPN,No,23.8,No,DCD,58.91581109,Positive,Positive,Positive,NA,1,1,1,3,0,0,17,Simulect,Tac,MPA,Less than 6mo,35,47,No,No,No,No,No,No,No,No,No,NA,NA,No,3.6,Simulect,Less than 60,Less than 24h,5.5,0,Neg,NO,0
31,2019,No,59,Male,White,ADPKD,No,26,No,DCD,45.17180014,Positive,Positive,Positive,Positive,1,1,1,3,0,1,16,Simulect,Tac,MPA,Less than 6mo,51,48,Yes,No,No,NA,NA,NA,NA,No,No,NA,NA,No,2.04,Simulect,Less than 60,Less than 24h,5.9000001,0,Neg,NO,43
32,2016,No,48,Male,White,GN,No,32,Yes,Living donor,46.13552361,Positive,Positive,Positive,Positive,1,1,1,3,0,0,5,Simulect,Tac,MPA,More than 6mo,65,73,No,No,No,NA,No,No,No,No,No,NA,NA,No,5,Simulect,Less than 60,Less than 24h,4.8000002,0,Neg,NO,0
33,2014,No,61,Male,White,Reflux/CPN,No,NA,Yes,DBD,67.61122519,Positive,NA,Positive,NA,0,0,0,0,0,NA,12,Simulect,Tac,MPA,Less than 6mo,28,44,No,No,No,No,No,No,No,No,No,NA,NA,No,17,Simulect,60 and above,Less than 24h,6.0999999,0,Neg,NO,0
34,2016,No,30,Male,White,Other,No,25.2,No,DCD,47.42778919,Negative,Negative,Negative,NA,0,1,0,1,0,0,20,Simulect,Tac,MPA,Less than 6mo,48,29,No,Yes,No,No,No,No,No,No,No,NA,NA,No,5.5,Simulect,Less than 60,Less than 24h,3,0,Neg,NO,0
35,2018,No,31,Male,White,GN,No,28.5,Yes,Living donor,49.4072553,Positive,Positive,Negative,Positive,1,2,1,4,0,0,4,Simulect,Tac,MPA,Less than 6mo,60,65,No,No,No,No,No,No,No,No,No,NA,NA,No,3.9,Simulect,Less than 60,Less than 24h,3.0999999,0,Neg,NO,0
36,2018,No,75,Male,White,Other,Yes,31,No,DBD,77.59342916,Positive,Positive,Negative,Positive,1,1,1,3,0,0,15,Simulect,Tac,MPA,NA,40,46,NA,NA,NA,NA,NA,NA,No,No,No,NA,NA,No,1,Simulect,60 and above,Less than 24h,7.5,0,Neg,NO,0
37,2019,No,70,Female,White,Reflux/CPN,No,24,Yes,DBD,72.1615332,Positive,NA,Positive,NA,0,0,0,0,0,1,15,Simulect,Tac,MPA,NA,37,NA,No,No,No,NA,No,No,No,No,No,NA,NA,No,3,Simulect,60 and above,Less than 24h,7,0,Pos,NO,90
38,2016,No,59,Female,White,DKD,Yes,27.8,No,DBD,40.59685147,Positive,NA,Negative,NA,0,1,0,1,0,0,8,Simulect,Tac,MPA,More than 6mo,70,76,No,No,No,No,No,No,No,No,No,NA,NA,No,6,Simulect,Less than 60,Less than 24h,5.9000001,0,Neg,NO,0
39,2019,No,29,Male,White,Unknown,No,18,No,Living donor,74.06433949,Negative,Positive,Negative,Positive,2,2,1,5,0,0,4,Simulect,Tac,MPA,NA,54,NA,No,No,No,NA,No,No,No,No,No,NA,NA,No,3,Simulect,Less than 60,Less than 24h,2.9000001,0,Neg,NO,0
40,2019,No,59,Male,White,ADPKD,No,22.2,No,DCD,63.52361396,Negative,Positive,Positive,Positive,2,1,0,3,0,0,14,Simulect,Tac,MPA,Less than 6mo,43,53,No,No,No,No,No,No,No,No,No,NA,NA,No,2.9,Simulect,Less than 60,Less than 24h,5.9000001,0,Neg,NO,0
41,2015,No,57,Female,White,GN,No,22,No,DBD,66.36550308,Positive,NA,Negative,NA,1,1,1,3,0,0,18,Simulect,Tac,MPA,More than 6mo,32,26,No,Yes,No,No,No,No,No,No,No,NA,NA,No,6.6,Simulect,Less than 60,Less than 24h,5.6999998,0,Neg,NO,0
42,2015,No,71,Male,White,Other,No,30,No,DBD,65.73305955,Positive,NA,Negative,NA,2,2,0,4,0,0,12,Simulect,Tac,MPA,More than 6mo,45,62,Yes,No,Yes,No,No,No,No,No,No,NA,NA,No,6,Simulect,60 and above,Less than 24h,7.0999999,0,Neg,NO,0
43,2014,No,58,Female,White,ADPKD,No,23.1,Yes,DBD,47.77275838,Negative,NA,Positive,NA,2,0,1,3,0,NA,17,Simulect,Tac,MPA,More than 6mo,43,55,No,No,No,No,No,No,No,No,No,NA,NA,No,7.8,Simulect,Less than 60,Less than 24h,5.8000002,0,Neg,NO,0
44,2015,No,52,Male,Asian,GN,No,27.3,Yes,Living donor,30.96235455,Positive,NA,Negative,NA,2,2,1,5,0,0,5,Simulect,Tac,MPA,Less than 6mo,43,63,No,No,No,No,No,No,No,No,No,NA,NA,No,6.3,Simulect,Less than 60,Less than 24h,5.1999998,0,Neg,NO,0
45,2017,No,42,Female,Asian,GN,No,24,No,DBD,49.30595483,Negative,Negative,Positive,NA,2,1,1,4,0,0,18,Simulect,Tac,MPA,Less than 6mo,48,54,No,No,No,NA,No,No,No,No,No,NA,NA,No,5,Simulect,Less than 60,Less than 24h,4.1999998,0,Neg,NO,0
46,2018,No,25,Male,White,Unknown,No,29.5,No,DBD,48.50102669,Positive,Positive,Negative,Positive,1,1,0,2,0,0,19,Simulect,Tac,NA,More than 6mo,62,46,No,No,No,No,No,No,No,No,No,NA,NA,No,3.1,Simulect,Less than 60,Less than 24h,2.5,0,Neg,NO,0
47,2015,No,48,Male,White,GN,No,NA,No,DBD,34.26146475,Positive,NA,Positive,NA,2,1,0,3,0,0,17,Simulect,Tac,MPA,More than 6mo,26,30,Yes,No,Yes,No,No,No,No,No,No,NA,NA,No,6.9,Simulect,Less than 60,Less than 24h,4.8000002,0,Neg,NO,12
48,2015,No,51,Male,White,ADPKD,No,22.4,No,DCD,24.90075291,Negative,NA,Negative,NA,2,1,0,3,0,0,28,Simulect,Tac,MPA,Less than 6mo,58,65,No,No,No,No,No,No,No,No,No,NA,NA,No,6.6,Simulect,Less than 60,more than 24h,5.0999999,0,Neg,NO,0
49,2016,No,53,Female,White,DKD,Yes,33.9,No,DBD,42.55167693,Positive,Positive,Positive,NA,1,1,1,3,0,0,17,Simulect,Tac,MPA,Less than 6mo,59,47,No,No,No,No,No,No,No,No,No,NA,NA,No,5.6,Simulect,Less than 60,Less than 24h,5.3000002,0,Neg,NO,0
50,2015,No,69,Male,White,GN,No,29.7,Yes,DBD,59.57837098,Positive,NA,Negative,NA,2,1,0,3,0,0,10,Simulect,Tac,MPA,Less than 6mo,36,56,No,No,No,No,No,No,No,No,No,NA,NA,No,6.7,Simulect,60 and above,Less than 24h,6.9000001,0,Neg,NO,7
51,2017,No,48,Female,Asian,Unknown,No,21.3,No,DCD,29.47296372,Positive,Positive,Negative,NA,1,1,1,3,0,0,9,Simulect,Tac,MPA,More than 6mo,21,38,No,No,No,No,No,No,No,Yes,No,NA,NA,Yes,2.3,Simulect,Less than 60,Less than 24h,4.8000002,0,Neg,NO,0
52,2015,No,33,Female,White,ADPKD,No,30.6,No,Living donor,34.01779603,Negative,NA,Negative,NA,1,2,1,4,0,0,3,Simulect,Tac,MPA,Less than 6mo,60,60,No,No,Yes,No,No,No,No,No,No,NA,NA,No,6.2,Simulect,Less than 60,Less than 24h,3.3,0,Neg,NO,0
53,2015,No,67,Male,White,ADPKD,No,25.4,Yes,Living donor,45.78781656,Positive,NA,Positive,NA,1,0,0,1,0,1,3,Simulect,Tac,MPA,Less than 6mo,46,54,No,No,No,No,No,No,No,No,No,NA,NA,No,6.7,Simulect,60 and above,Less than 24h,6.6999998,0,Neg,NO,82
54,2017,No,69,Female,White,Other,No,25.1,Yes,DBD,71.21971253,Positive,Positive,Positive,NA,1,1,1,3,0,1,11,Simulect,Tac,MPA,Less than 6mo,32,42,No,No,No,No,No,No,No,No,No,NA,NA,No,4.3,Simulect,60 and above,Less than 24h,6.9000001,0,Neg,NO,85
55,2016,No,77,Male,White,Other,No,30.1,Yes,Living donor,53.13894593,Positive,NA,Positive,NA,0,1,1,2,0,0,4,Simulect,Tac,MPA,More than 6mo,48,69,No,No,Yes,No,No,No,No,Yes,No,NA,NA,No,5.7,Simulect,60 and above,Less than 24h,7.6999998,0,Neg,NO,0
56,2018,No,53,Male,White,GN,No,30.5,Yes,DBD,64.39425051,Negative,Negative,Positive,Positive,1,2,0,3,0,0,14,Simulect,Tac,MPA,More than 6mo,56,63,No,No,Yes,No,No,No,No,No,No,NA,NA,No,3.3,Simulect,Less than 60,Less than 24h,5.3000002,0,Neg,NO,0
57,2017,Yes,57,Male,Asian,DKD,Yes,25.3,No,DCD,74.72142368,Positive,Positive,Positive,NA,1,1,1,3,0,0,29,Simulect,Tac,MPA,More than 6mo,27,17,Yes,No,No,No,No,No,No,No,No,NA,NA,No,2.7,Simulect,Less than 60,more than 24h,5.6999998,0,Neg,NO,0
58,2017,No,78,Female,White,Other,No,21.9,No,DBD,62.28884326,Positive,Positive,Negative,NA,0,0,0,0,0,0,16,Simulect,Tac,MPA,Less than 6mo,64,63,No,No,No,No,No,No,No,No,No,NA,NA,No,4.1,Simulect,60 and above,Less than 24h,7.8000002,0,Neg,NO,0
59,2014,No,67,Male,White,GN,No,23.1,Yes,DCD,76.83778234,Positive,NA,Positive,NA,1,1,1,3,0,NA,27,Simulect,Tac,MPA,Less than 6mo,31,47,No,Yes,No,No,No,No,No,No,No,NA,NA,No,7.8,Simulect,60 and above,more than 24h,6.6999998,0,Neg,NO,0
60,2018,No,62,Female,White,Other,Yes,23.2,No,DCD,56.58316222,Positive,Positive,Negative,Positive,2,1,1,4,0,0,15,Simulect,Tac,MPA,Less than 6mo,42,58,No,No,No,No,No,No,No,No,No,NA,NA,No,3.8,Simulect,60 and above,Less than 24h,6.1999998,0,Neg,NO,34
61,2018,No,57,Female,White,Other,No,30.5,Yes,Living donor,56.54483231,Positive,NA,Negative,Positive,1,2,2,5,0,1,4,Simulect,Tac,MPA,Less than 6mo,35,41,No,No,No,No,No,No,No,No,No,NA,NA,No,3.3,Simulect,Less than 60,Less than 24h,5.6999998,0,Neg,NO,51
62,2017,No,54,Male,White,DKD,Yes,36.4,No,DBD,48.15605749,Positive,Positive,Negative,Positive,1,1,1,3,0,0,17,Simulect,Tac,MPA,Less than 6mo,32,45,No,No,No,No,No,No,No,No,No,NA,NA,No,4.8,Simulect,Less than 60,Less than 24h,5.4000001,0,Neg,NO,0
63,2019,No,49,Male,White,ADPKD,No,25,Yes,Living donor,49.00752909,Positive,Positive,Positive,Positive,1,1,0,2,0,0,5,Simulect,Tac,MPA,Less than 6mo,47,58,No,No,Yes,No,No,No,No,No,No,NA,NA,No,2.9,Simulect,Less than 60,Less than 24h,4.9000001,0,Neg,NO,0
64,2019,No,47,Male,White,ADPKD,No,28,Yes,DBD,67.88501027,Positive,Positive,Negative,Positive,1,1,0,2,0,2,12,Simulect,Tac,MPA,NA,56,NA,No,No,No,NA,No,No,No,NA,No,NA,NA,No,3,Simulect,Less than 60,Less than 24h,4.6999998,0,Neg,NO,2
65,2014,Yes,32,Male,White,GN,No,21.7,No,Living donor,33.85626283,Positive,NA,Negative,NA,1,1,1,3,0,NA,3,Simulect,Tac,NA,More than 6mo,53,53,No,No,No,No,No,No,No,No,Yes,Rejection while taking immunosuppressive drug(s),1,No,3.2,Simulect,Less than 60,Less than 24h,3.2,0,Neg,NO,0
66,2015,No,33,Female,White,Other,No,25,No,DBD,58.0862423,Negative,NA,Negative,NA,0,0,0,0,0,1,11,Simulect,Tac,MPA,Less than 6mo,45,36,No,No,Yes,No,No,No,No,No,No,NA,NA,No,6.9,Simulect,Less than 60,Less than 24h,3.3,0,Neg,NO,99
67,2016,No,38,Female,White,Other,No,19.1,No,Living donor,26.34360027,NA,NA,Positive,Positive,0,0,0,0,0,1,4,Simulect,Tac,MPA,Less than 6mo,89,55,No,No,No,No,No,No,No,No,No,NA,NA,No,5.7,Simulect,Less than 60,Less than 24h,3.8,0,Neg,NO,100
68,2016,No,46,Male,White,Reflux/CPN,No,26,No,DBD,49.0349076,Negative,Positive,Negative,NA,2,2,0,4,0,0,16,Simulect,Tac,MPA,NA,79,112,No,No,No,NA,No,No,No,No,No,NA,NA,No,6,Simulect,Less than 60,Less than 24h,4.5999999,0,Neg,NO,0
69,2014,No,31,Male,White,Reflux/CPN,No,34.2,No,DBD,56.25462012,Positive,NA,Negative,NA,1,1,0,0,0,NA,11,Simulect,Tac,MPA,Less than 6mo,29,11,No,No,No,No,No,No,No,No,Yes,Rejection while taking immunosuppressive drugs,1,No,1,Simulect,Less than 60,Less than 24h,3.0999999,0,Neg,NO,0
70,2014,No,42,Male,White,ADPKD,No,20,Yes,DBD,33.59342916,Positive,NA,Negative,NA,2,1,0,3,0,NA,11,Simulect,Tac,MPA,Less than 6mo,56,78,Yes,Yes,No,No,No,No,No,No,No,NA,NA,No,7.6,Simulect,Less than 60,Less than 24h,4.1999998,0,Neg,NO,0
71,2019,No,42,Male,White,Reflux/CPN,No,33,Yes,Living donor,45.73305955,Positive,NA,Negative,NA,2,2,2,6,0,0,4,Simulect,Tac,MPA,NA,51,NA,No,No,No,NA,No,No,No,No,No,NA,NA,No,3,Simulect,Less than 60,Less than 24h,4.1999998,0,Neg,NO,0
72,2015,No,67,Male,White,GN,Yes,35.8,No,DCD,54.18206708,Positive,NA,Positive,NA,2,1,1,4,0,0,12,Simulect,Tac,MPA,Less than 6mo,55,57,No,No,No,No,No,No,No,Yes,No,NA,NA,No,6.2,Simulect,60 and above,Less than 24h,6.6999998,0,Neg,NO,0
73,2018,No,62,Male,Black,Unknown,No,31.4,No,DBD,50.25051335,Positive,Positive,Positive,NA,2,1,0,3,0,0,9,Simulect,Tac,MPA,Less than 6mo,46,61,No,No,No,No,No,No,No,No,No,NA,NA,No,4,Simulect,60 and above,Less than 24h,6.1999998,0,Neg,NO,0
74,2017,No,30,Male,White,Other,No,24.8,No,DBD,37.5523614,Negative,Positive,Positive,NA,1,1,0,2,0,0,17,Simulect,Tac,MPA,More than 6mo,25,39,No,No,No,No,No,No,No,No,No,NA,NA,No,5,Simulect,Less than 60,Less than 24h,3,0,Neg,NO,0
75,2014,No,41,Male,White,ADPKD,No,27.7,No,DBD,35.71526352,Negative,NA,Negative,NA,1,1,0,2,0,NA,11,Simulect,Tac,MPA,Less than 6mo,63,89,No,No,No,No,No,No,No,No,No,NA,NA,No,7.5,Simulect,Less than 60,Less than 24h,4.0999999,0,Neg,NO,0
76,2018,No,71,Male,White,ADPKD,No,20.6,Yes,DBD,68.59137577,Negative,Positive,Negative,NA,0,0,0,0,0,0,10,Simulect,Tac,MPA,Less than 6mo,28,37,No,No,No,No,No,No,No,No,No,NA,NA,No,3.1,Simulect,60 and above,Less than 24h,7.0999999,0,Neg,NO,0
77,2015,No,34,Female,White,Reflux/CPN,No,31.6,No,DBD,32.70910335,Negative,NA,Positive,NA,2,1,1,4,0,0,22,Simulect,Tac,MPA,Less than 6mo,39,47,No,No,No,No,No,No,No,No,No,NA,NA,No,6.3,Simulect,Less than 60,Less than 24h,3.4000001,0,Neg,NO,0
78,2016,No,50,Male,White,ADPKD,No,25.8,Yes,Living donor,54.64750171,Positive,Positive,Positive,NA,0,0,0,0,0,0,5,Simulect,Tac,MPA,Less than 6mo,81,71,Yes,No,No,No,No,No,No,No,No,NA,NA,No,5.1,Simulect,Less than 60,Less than 24h,5,0,Neg,NO,0
79,2018,No,58,Male,White,Other,No,25.1,Yes,DBD,68.71457906,Negative,Positive,Positive,NA,1,1,1,3,0,0,14,Simulect,Tac,MPA,Less than 6mo,47,52,No,No,No,No,No,No,No,No,No,NA,NA,No,3.5,Simulect,Less than 60,Less than 24h,5.8000002,0,Neg,NO,0
80,2017,No,56,Female,White,GN,No,32.5,No,Living donor,60.77481177,Positive,Positive,Negative,Positive,0,0,0,0,0,1,11,Simulect,Tac,MPA,More than 6mo,45,NA,No,No,No,No,No,No,No,No,No,NA,NA,No,4.1,Simulect,Less than 60,Less than 24h,5.5999999,0,Neg,NO,95
81,2015,No,46,Male,White,Reflux/CPN,No,NA,No,DBD,39.14031485,Negative,NA,Negative,NA,1,1,1,3,0,0,15,Simulect,Tac,MPA,NA,63,50,No,No,No,NA,No,No,No,NA,No,NA,NA,No,11,Simulect,Less than 60,Less than 24h,4.5999999,0,Neg,NO,0
82,2016,No,52,Male,White,Reflux/CPN,No,28.1,Yes,DBD,67.84941821,Positive,Positive,Negative,NA,1,1,1,3,0,0,12,Simulect,Tac,MPA,Less than 6mo,36,40,No,No,No,No,No,No,No,No,No,NA,NA,No,5.2,Simulect,Less than 60,Less than 24h,5.1999998,0,Neg,NO,0
83,2018,No,46,Male,Asian,Other,Yes,29,No,DBD,39.321013,Positive,Negative,Positive,Negative,2,1,1,4,0,0,15,Simulect,Tac,MPA,NA,54,77,No,No,No,NA,No,No,No,NA,No,NA,NA,No,4,Simulect,Less than 60,Less than 24h,4.5999999,0,Neg,NO,0
84,2016,Yes,53,Female,White,ADPKD,No,24.4,No,DBD,61.75496235,Positive,Positive,Positive,NA,0,0,0,0,0,1,15,Simulect,Tac,MPA,More than 6mo,30,23,No,No,No,No,No,No,No,No,No,NA,NA,No,5,Simulect,Less than 60,Less than 24h,5.3000002,0,Neg,NO,83
85,2014,No,53,Male,Black,GN,No,NA,No,DBD,41.5578371,Positive,NA,Positive,NA,2,0,1,3,0,NA,9,Simulect,Tac,MPA,NA,63,108,No,No,Yes,NA,No,No,No,NA,No,Rejection while taking immunosuppressive drug(s),1,Yes,1,Simulect,Less than 60,Less than 24h,5.3000002,0,Neg,NO,1
86,2014,No,66,Female,White,Reflux/CPN,No,26.6,No,DCD,60.07665982,Negative,NA,Positive,NA,0,1,1,2,0,NA,8,Simulect,Tac,MPA,Less than 6mo,68,52,No,No,No,No,No,No,No,No,No,NA,NA,No,7.2,Simulect,60 and above,Less than 24h,6.5999999,0,Neg,NO,0
87,2017,No,53,Male,White,Other,No,28.7,No,DBD,63.96440794,Positive,Positive,Positive,Positive,2,1,1,4,0,0,11,Simulect,Tac,MPA,Less than 6mo,38,43,No,No,No,No,No,No,No,No,No,NA,NA,No,4.3,Simulect,Less than 60,Less than 24h,5.3000002,0,Neg,NO,0
88,2016,No,55,Female,White,ADPKD,No,24,Yes,DBD,39.81930185,Negative,Negative,Positive,NA,0,0,0,0,0,1,10,Simulect,Tac,MPA,Less than 6mo,47,73,No,No,No,No,No,No,No,No,No,NA,NA,No,15,Simulect,Less than 60,Less than 24h,5.5,0,Neg,NO,60
89,2019,No,56,Male,White,DKD,Yes,36,Yes,Living donor,34.55441478,Positive,Positive,Positive,Positive,1,1,1,3,0,0,5,Simulect,Tac,MPA,NA,52,55,No,No,No,NA,No,No,No,NA,No,NA,NA,No,3,Simulect,Less than 60,Less than 24h,5.5999999,0,Neg,NO,0
90,2014,No,45,Male,White,ADPKD,No,25,No,Living donor,42.08350445,Positive,NA,Positive,NA,1,2,2,5,0,NA,5,Simulect,Tac,MPA,More than 6mo,64,122,No,No,No,No,No,No,No,No,No,NA,NA,No,7.9,Simulect,Less than 60,Less than 24h,4.5,0,Neg,NO,0
91,2015,No,45,Male,White,ADPKD,No,29.3,Yes,Living donor,33.75770021,Positive,NA,Positive,NA,1,1,1,3,0,0,3,Simulect,Tac,MPA,Less than 6mo,58,79,No,No,Yes,No,No,No,No,No,No,NA,NA,No,6.1,Simulect,Less than 60,Less than 24h,4.5,0,Neg,NO,0
92,2017,No,22,Male,White,GN,No,16.8,No,Living donor,44.51471595,Negative,Positive,Positive,NA,0,1,1,2,0,1,8,Simulect,Tac,MPA,Less than 6mo,33,61,No,No,Yes,No,No,No,No,No,No,NA,NA,No,4.4,Simulect,Less than 60,Less than 24h,2.2,0,Neg,NO,57
93,2019,No,20,Male,White,Other,No,19,No,DCD,32.44626968,Negative,Positive,Negative,NA,1,1,0,2,0,0,11,Simulect,Tac,MPA,NA,72,NA,No,No,No,NA,No,No,No,NA,No,NA,NA,No,3,Simulect,Less than 60,Less than 24h,2,0,Neg,NO,31
94,2019,No,60,Male,White,GN,No,28,Yes,Living donor,63.22245038,Negative,Positive,Negative,Positive,1,2,0,3,0,0,4,Simulect,Tac,MPA,Less than 6mo,37,NA,No,No,No,No,No,No,No,No,No,NA,NA,No,2.6,Simulect,60 and above,Less than 24h,6,0,Neg,NO,32
95,2018,No,28,Male,White,GN,No,23,No,Living donor,57.81519507,Negative,Positive,NA,NA,0,1,1,2,0,0,4,Simulect,Tac,MPA,NA,50,54,No,No,No,NA,No,Yes,Yes,NA,No,NA,NA,No,4,Simulect,Less than 60,Less than 24h,2.8,0,Neg,NO,0
96,2018,No,43,Male,White,DKD,Yes,28.1,Yes,Living donor,39.60848734,Positive,Positive,Positive,Positive,0,1,2,3,0,0,5,Simulect,Tac,MPA,More than 6mo,49,46,No,No,No,No,No,No,No,No,No,NA,NA,No,3.6,Simulect,Less than 60,Less than 24h,4.3000002,0,Neg,NO,0
97,2015,No,46,Male,Asian,Reflux/CPN,No,24.6,No,DCD,53.9301848,Negative,NA,Positive,NA,2,1,1,4,0,0,17,Simulect,Tac,MPA,Less than 6mo,53,86,No,No,No,No,No,No,No,No,No,NA,NA,No,6.2,Simulect,Less than 60,Less than 24h,4.5999999,0,Neg,NO,0
98,2014,No,39,Female,White,DKD,Yes,32.8,No,DBD,51.35934292,Negative,NA,Positive,NA,1,1,0,2,0,NA,13,Simulect,Tac,MPA,More than 6mo,59,52,No,Yes,No,No,No,No,No,No,No,NA,NA,No,7.7,Simulect,Less than 60,Less than 24h,3.9000001,0,Neg,NO,0
99,2015,No,79,Male,White,Other,No,25.1,Yes,DBD,48.64887064,Positive,NA,Positive,NA,1,1,1,3,0,0,12,Simulect,Tac,MPA,Less than 6mo,31,44,No,No,No,No,No,No,No,No,No,NA,NA,Yes,4.6,Simulect,60 and above,Less than 24h,7.9000001,0,Neg,NO,0
100,2014,No,67,Male,White,Other,No,NA,Yes,DBD,51.60027379,Negative,NA,Positive,NA,0,1,1,2,0,NA,13,Simulect,Tac,Aza,NA,61,NA,No,No,Yes,NA,No,No,No,NA,No,Death with functioning graft,NA,Yes,1,Simulect,60 and above,Less than 24h,6.6999998,0,Neg,NO,0
101,2015,No,65,Male,Asian,Other,No,24,No,DCD,69.92744695,Positive,NA,Positive,NA,2,1,1,4,0,0,5,Simulect,Tac,MPA,More than 6mo,56,45,No,No,No,No,No,No,No,No,No,NA,NA,No,6.2,Simulect,60 and above,Less than 24h,6.5,0,Neg,NO,0
102,2015,No,56,Female,White,GN,No,32,Yes,DBD,53.0513347,Positive,NA,Positive,NA,1,1,0,2,0,1,12,Simulect,Tac,MPA,Less than 6mo,70,95,No,No,No,No,No,No,No,No,No,NA,NA,No,6.4,Simulect,Less than 60,Less than 24h,5.5999999,0,Neg,NO,99
103,2016,No,66,Female,White,Other,No,25.3,No,DCD,72.99110198,Positive,Positive,Positive,NA,1,1,1,3,0,1,13,Simulect,Tac,MPA,Less than 6mo,40,46,No,No,No,No,No,No,No,No,No,NA,NA,No,5.4,Simulect,60 and above,Less than 24h,6.5999999,0,Neg,NO,68
104,2015,No,34,Male,Asian,Unknown,No,30.7,Yes,DBD,22.30527036,Negative,NA,Negative,NA,1,1,1,3,0,0,6,Simulect,Tac,MPA,Less than 6mo,54,78,No,No,No,No,No,No,No,No,No,NA,NA,No,6.3,Simulect,Less than 60,Less than 24h,3.4000001,0,Neg,NO,0
105,2016,No,58,Male,White,Reflux/CPN,No,32,Yes,Living donor,32.88980151,Negative,Positive,Negative,Positive,1,1,1,3,0,0,5,Simulect,Tac,MPA,Less than 6mo,51,52,No,No,No,No,No,No,No,No,No,NA,NA,No,5.1,Simulect,Less than 60,Less than 24h,5.8000002,0,Neg,NO,0
106,2014,No,69,Female,White,ADPKD,No,22.2,No,DBD,47.3100616,Positive,NA,Positive,NA,2,2,0,4,0,NA,13,Simulect,Tac,MPA,Less than 6mo,54,86,No,No,No,No,No,No,No,No,No,NA,NA,No,8,Simulect,60 and above,Less than 24h,6.9000001,0,Neg,NO,0
107,2018,No,70,Male,White,GN,No,26.9,Yes,DCD,59.27173169,Positive,Positive,Positive,Positive,1,2,0,3,0,0,12,Simulect,Tac,Aza,Less than 6mo,28,35,Yes,No,No,No,No,No,No,No,No,NA,NA,No,3.8,Simulect,60 and above,Less than 24h,7,0,Neg,NO,0
108,2019,No,62,Female,Asian,Unknown,No,28,Yes,DBD,64.21081451,Positive,Positive,Positive,Positive,1,1,1,3,0,1,8,Simulect,Tac,MPA,Less than 6mo,66,68,No,No,No,No,No,No,No,No,No,NA,NA,No,3,Simulect,60 and above,Less than 24h,6.1999998,0,Neg,NO,69
109,2019,No,47,Male,White,ADPKD,No,22,Yes,DCD,34.66392882,Negative,Positive,Negative,Positive,1,1,0,2,0,0,19,Simulect,Tac,MPA,NA,76,94,No,No,No,NA,No,No,No,NA,No,NA,NA,No,3,Simulect,Less than 60,Less than 24h,4.6999998,0,Neg,NO,0
110,2019,No,63,Male,Asian,DKD,Yes,28,No,DBD,65.97946612,Positive,Positive,Positive,Positive,1,1,1,3,0,0,24,Simulect,Tac,MPA,NA,49,NA,Yes,No,No,NA,No,No,No,NA,No,NA,NA,No,3,Simulect,60 and above,more than 24h,6.3000002,0,Neg,NO,0
111,2016,No,52,Male,White,GN,Yes,26,No,DBD,77.87542779,Negative,Positive,Negative,NA,2,1,1,4,0,0,36,Simulect,Tac,MPA,Less than 6mo,31,46,No,No,No,No,No,No,No,No,No,NA,NA,No,5.1,Simulect,Less than 60,more than 24h,5.1999998,0,Neg,NO,0
112,2016,No,59,Male,White,Unknown,Yes,31.1,No,DBD,39.3155373,Positive,NA,Positive,NA,1,2,0,3,0,1,14,Simulect,Tac,MPA,Less than 6mo,68,80,No,Yes,No,No,No,No,No,No,No,NA,NA,No,5.6,Simulect,Less than 60,Less than 24h,5.9000001,0,Neg,NO,54
113,2019,No,70,Male,White,Other,No,22.2,No,DBD,63.21149897,Negative,Positive,Positive,Positive,1,1,1,3,0,0,25,Simulect,Tac,MPA,Less than 6mo,29,32,No,No,No,No,No,No,No,No,No,NA,NA,No,2.8,Simulect,60 and above,more than 24h,7,0,Neg,NO,0
114,2019,No,26,Female,Asian,GN,No,42,Yes,Living donor,58.29158111,Positive,Positive,Positive,NA,0,1,1,2,0,0,4,Simulect,Tac,MPA,More than 6mo,59,NA,No,No,No,NA,No,No,No,NA,No,NA,NA,No,3,Simulect,Less than 60,Less than 24h,2.5999999,0,Neg,NO,0
115,2015,No,55,Female,White,ADPKD,No,30.2,No,DCD,62.4421629,Positive,NA,Negative,NA,2,1,1,4,0,0,13,Simulect,Tac,MPA,Less than 6mo,25,36,Yes,No,No,No,No,No,No,No,No,NA,NA,No,6.3,Simulect,Less than 60,Less than 24h,5.5,0,Neg,NO,0
116,2019,No,63,Female,White,Unknown,No,29,Yes,DCD,56.94729637,Positive,Positive,Positive,Positive,1,1,1,3,0,0,23,Simulect,Tac,MPA,NA,45,NA,No,No,No,NA,No,No,No,NA,No,NA,NA,No,3,Simulect,60 and above,Less than 24h,6.3000002,0,Neg,NO,0
117,2014,No,72,Male,White,Other,No,23.6,Yes,DBD,41.45106092,Negative,NA,Negative,NA,0,0,0,0,0,NA,13,Simulect,Tac,MPA,Less than 6mo,64,67,No,No,No,No,No,No,No,No,No,"Recipient died, graft was functioning at time of death",NA,Yes,3.2,Simulect,60 and above,Less than 24h,7.1999998,0,Neg,NO,0
118,2018,No,67,Male,White,ADPKD,No,27.4,Yes,Living donor,61.81245722,Positive,Positive,Positive,Positive,0,0,0,0,0,0,4,Simulect,Tac,MPA,Less than 6mo,49,55,No,No,No,No,No,No,No,No,No,NA,NA,No,3.3,Simulect,60 and above,Less than 24h,6.6999998,0,Neg,NO,0
119,2018,No,65,Female,White,ADPKD,No,22,No,DCD,63.78918549,Negative,Positive,Negative,Positive,1,1,0,2,0,0,11,Simulect,Tac,MPA,Less than 6mo,44,46,No,No,No,No,No,No,No,No,No,NA,NA,No,3.1,Simulect,60 and above,Less than 24h,6.5,0,Neg,NO,0
120,2017,No,55,Male,White,Other,No,30,No,DBD,50.58453114,Negative,Positive,Negative,Positive,2,2,1,5,0,0,21,Simulect,Tac,MPA,NA,51,56,No,No,Yes,NA,No,No,No,NA,No,"Recipient died, graft was functioning at time of death",NA,Yes,2,Simulect,Less than 60,Less than 24h,5.5,0,Neg,NO,0
121,2015,No,44,Female,White,Reflux/CPN,No,32,Yes,DBD,55.41957563,Negative,NA,Negative,NA,0,0,0,0,0,1,14,Simulect,Tac,MPA,Less than 6mo,35,49,No,No,No,No,No,No,No,No,No,NA,NA,No,6.6,Simulect,Less than 60,Less than 24h,4.4000001,0,Neg,NO,86
122,2014,No,74,Male,White,DKD,Yes,27.5,No,DCD,59.08281999,Negative,NA,Positive,NA,2,1,1,4,0,NA,17,Simulect,Tac,MPA,Less than 6mo,25,33,No,No,No,No,No,No,No,No,No,NA,NA,No,7.8,Simulect,60 and above,Less than 24h,7.4000001,0,Neg,NO,0
123,2017,No,67,Male,Asian,Other,No,33.6,Yes,DCD,36.09308693,Negative,Positive,Negative,Negative,0,2,0,2,0,0,14,Simulect,Tac,MPA,Less than 6mo,23,28,No,No,No,No,No,No,No,No,No,NA,NA,No,4.5,Simulect,60 and above,Less than 24h,6.6999998,0,Neg,NO,0
124,2015,No,65,Female,White,ADPKD,No,20.7,No,DBD,71.69609856,Negative,NA,Negative,NA,1,1,1,3,0,0,14,Simulect,Tac,MPA,Less than 6mo,47,53,No,No,No,No,No,No,No,No,No,NA,NA,No,6.5,Simulect,60 and above,Less than 24h,6.5,0,Neg,NO,33
125,2015,No,68,Male,White,Other,No,NA,Yes,Living donor,64.91170431,Positive,NA,Positive,NA,2,1,1,4,0,0,4,Simulect,Tac,MPA,Less than 6mo,48,63,No,No,Yes,No,No,No,No,No,No,NA,NA,No,6.6,Simulect,60 and above,Less than 24h,6.8000002,0,Neg,NO,0
126,2017,No,69,Female,Asian,Other,No,27,No,DBD,66.52429843,Negative,Positive,Positive,NA,1,1,0,2,0,1,19,Simulect,Tac,MPA,Less than 6mo,72,74,No,No,No,No,No,No,No,No,No,NA,NA,No,4.8,Simulect,60 and above,Less than 24h,6.9000001,0,Neg,NO,81
127,2016,No,64,Male,Asian,DKD,Yes,28.1,Yes,DCD,58.62286105,Positive,NA,Positive,NA,1,1,1,3,0,0,21,Simulect,Tac,MPA,Less than 6mo,52,28,Yes,No,No,No,No,No,No,Yes,No,"Recipient died, graft was functioning at time of death",NA,Yes,4.5,Simulect,60 and above,Less than 24h,6.4000001,0,Neg,NO,0
128,2015,No,53,Male,White,ADPKD,No,32.1,No,Living donor,53.14989733,Negative,NA,Negative,NA,1,1,2,4,0,0,6,Simulect,Tac,MPA,Less than 6mo,53,67,No,No,No,No,No,No,No,No,No,NA,NA,No,6.7,Simulect,Less than 60,Less than 24h,5.3000002,0,Neg,NO,0
129,2017,No,79,Male,White,Unknown,No,25,No,DCD,67.3045859,Negative,Positive,NA,NA,1,1,1,3,0,0,24,Simulect,Tac,MPA,NA,23,31,No,No,No,NA,No,No,No,NA,No,Death with functioning graft,NA,Yes,1,Simulect,60 and above,more than 24h,7.9000001,0,Neg,NO,0
130,2019,No,48,Male,Asian,DKD,Yes,36,No,DBD,40.14510609,Positive,Positive,Positive,Positive,2,1,1,4,0,0,13,Simulect,Tac,MPA,NA,68,NA,No,No,No,NA,No,No,No,NA,No,NA,NA,No,3,Simulect,Less than 60,Less than 24h,4.8000002,0,Neg,NO,0
131,2014,No,54,Male,White,Other,No,28.6,Yes,Living donor,41.36892539,Positive,NA,Positive,NA,1,1,1,3,0,NA,4,Simulect,Tac,MPA,More than 6mo,53,66,No,No,No,Yes,No,No,No,No,No,NA,NA,No,7.7,Simulect,Less than 60,Less than 24h,5.4000001,0,Neg,NO,49
132,2014,No,48,Female,Asian,Unknown,No,28.9,No,DBD,47.3100616,NA,NA,Positive,NA,2,2,0,4,0,NA,9,Simulect,Tac,Aza,Less than 6mo,63,51,No,Yes,No,No,No,No,No,No,No,NA,NA,No,8,Simulect,Less than 60,Less than 24h,4.8000002,0,Neg,NO,0
133,2014,No,71,Female,White,ADPKD,No,26,No,DBD,57.13894593,Negative,NA,Positive,NA,0,1,0,1,0,NA,14,Simulect,Tac,MPA,Less than 6mo,47,74,No,No,No,No,No,No,No,No,No,NA,NA,No,7.2,Simulect,60 and above,Less than 24h,7.0999999,0,Neg,NO,0
134,2014,No,74,Male,White,Reflux/CPN,No,19.7,No,DBD,72.39972621,Positive,NA,Positive,NA,1,1,1,3,0,NA,12,Simulect,Tac,MPA,More than 6mo,57,55,No,No,No,No,No,No,No,No,No,NA,NA,No,7,Simulect,60 and above,Less than 24h,7.4000001,0,Neg,NO,0
135,2015,No,62,Male,White,Other,No,32.5,No,DCD,55.20876112,Negative,NA,Positive,NA,0,0,0,0,0,1,16,Simulect,Tac,MPA,Less than 6mo,40,66,No,No,No,No,No,No,No,No,No,NA,NA,No,6.1,Simulect,60 and above,Less than 24h,6.1999998,0,Neg,NO,75
136,2015,No,70,Male,White,GN,No,39.1,Yes,DBD,61.51129363,Negative,NA,Negative,NA,0,0,0,0,0,0,14,Simulect,Tac,MPA,Less than 6mo,43,59,No,No,No,No,No,No,No,No,No,NA,NA,No,6.1,Simulect,60 and above,Less than 24h,7,0,Neg,NO,0
137,2018,No,35,Male,Asian,GN,No,23.2,No,DCD,33.48665298,Positive,Positive,Positive,Positive,0,0,0,0,0,0,28,Simulect,Tac,MPA,More than 6mo,30,19,No,No,No,No,No,Yes,Yes,No,No,NA,NA,No,3.1,Simulect,Less than 60,more than 24h,3.5,0,Neg,NO,35
138,2017,No,60,Female,White,ADPKD,No,30.6,No,DCD,64.83230664,Negative,Positive,Negative,NA,2,1,1,4,0,0,15,Simulect,Tac,MPA,Less than 6mo,34,45,No,No,No,No,No,No,No,No,No,NA,NA,No,4.3,Simulect,60 and above,Less than 24h,6,0,Neg,NO,0
139,2019,No,71,Male,Black,DKD,Yes,28,Yes,DCD,62.01232033,Negative,Positive,Negative,Positive,1,1,1,3,0,0,17,Simulect,Tac,MPA,NA,51,53,No,No,No,NA,No,No,No,NA,No,NA,NA,No,3,Simulect,60 and above,Less than 24h,7.0999999,0,Neg,NO,0
140,2016,No,36,Male,White,GN,No,27.6,Yes,DCD,21.17180014,Negative,Positive,Negative,NA,1,1,1,3,0,0,9,Simulect,Tac,MPA,Less than 6mo,62,93,No,No,No,No,No,No,No,No,No,NA,NA,No,5.1,Simulect,Less than 60,Less than 24h,3.5999999,0,Neg,NO,0
141,2015,No,58,Female,White,ADPKD,No,22,No,DBD,46.75975359,Negative,NA,Positive,NA,1,1,1,3,0,1,11,Simulect,Tac,MPA,Less than 6mo,39,82,No,No,No,No,No,No,No,No,No,NA,NA,No,6.4,Simulect,Less than 60,Less than 24h,5.8000002,0,Neg,NO,98
142,2019,No,55,Male,White,GN,No,23,No,DBD,59.07186858,Negative,Positive,Negative,NA,1,1,0,2,0,0,20,Simulect,Tac,MPA,NA,65,88,No,No,No,NA,No,No,No,NA,No,NA,NA,No,3,Simulect,Less than 60,Less than 24h,5.5,0,Neg,NO,0
143,2015,No,59,Male,White,GN,Yes,32.5,No,DBD,63.76728268,Positive,NA,Negative,NA,1,1,1,3,0,1,11,Simulect,Tac,MPA,Less than 6mo,69,52,No,No,No,No,No,No,No,No,No,NA,NA,No,6.3,Simulect,Less than 60,Less than 24h,5.9000001,0,Neg,NO,65
144,2018,No,27,Male,White,Reflux/CPN,No,33.1,Yes,DBD,22.02053388,Negative,Positive,Negative,Positive,1,1,1,3,0,0,14,Simulect,Tac,MPA,Less than 6mo,45,61,No,No,No,No,No,No,No,No,No,NA,NA,No,3.3,Simulect,Less than 60,Less than 24h,2.7,0,Neg,NO,0
145,2014,No,40,Male,Asian,Reflux/CPN,No,21.4,No,DCD,24.98288843,Negative,NA,Positive,NA,0,0,0,0,0,NA,20,Simulect,Tac,MPA,Less than 6mo,119,140,No,No,No,No,No,No,No,No,No,NA,NA,No,7.8,Simulect,Less than 60,Less than 24h,4,0,Neg,NO,0
146,2019,No,49,Female,White,GN,NA,36.5,No,DCD,59.69062286,Positive,Positive,Positive,Positive,1,1,0,2,0,0,10,Simulect,Tac,MPA,Less than 6mo,45,46,NA,NA,NA,NA,NA,NA,NA,NA,No,NA,NA,No,2.1,Simulect,Less than 60,Less than 24h,4.9000001,0,Neg,NO,0
147,2019,No,59,Male,White,GN,No,27,Yes,Living donor,34.78439425,Negative,Positive,Negative,Positive,1,1,0,2,0,0,1,Simulect,Tac,MPA,Less than 6mo,54,74,No,No,No,No,No,No,No,No,No,NA,NA,No,2.8,Simulect,Less than 60,Less than 24h,5.9000001,0,Neg,NO,0
148,2014,No,58,Male,Asian,Unknown,No,28.7,Yes,DCD,42.6091718,Negative,NA,Positive,NA,1,1,0,2,0,NA,11,Simulect,Tac,MPA,Less than 6mo,72,77,No,No,No,No,No,No,No,No,No,NA,NA,No,7.6,Simulect,Less than 60,Less than 24h,5.8000002,0,Neg,NO,50
149,2015,No,72,Female,White,Other,Yes,31.1,No,DBD,73.08145106,Negative,NA,Positive,NA,2,1,0,3,0,1,16,Simulect,Tac,MPA,More than 6mo,26,32,Yes,No,No,No,No,No,No,No,No,NA,NA,Yes,5,Simulect,60 and above,Less than 24h,7.1999998,0,Neg,NO,86
150,2019,No,53,Female,White,Reflux/CPN,No,27,Yes,Living donor,58.55441478,Positive,Positive,Negative,Positive,1,2,2,5,0,1,2,Simulect,Tac,MPA,NA,41,NA,No,No,No,NA,No,No,No,NA,No,NA,NA,No,3,Simulect,Less than 60,Less than 24h,5.3000002,0,Neg,NO,62
151,2014,No,72,Female,White,GN,No,30.2,No,Living donor,73.97399042,Negative,NA,Positive,NA,1,1,1,3,0,NA,4,Simulect,Tac,MPA,Less than 6mo,41,62,Yes,No,No,No,No,No,No,No,No,NA,NA,No,7.3,Simulect,60 and above,Less than 24h,7.1999998,0,Neg,NO,9
152,2017,No,63,Male,White,ADPKD,No,34,No,DCD,56.03559206,Negative,Positive,Negative,NA,1,1,0,2,0,1,19,Simulect,Tac,MPA,NA,52,49,No,No,No,NA,No,No,No,NA,No,"Recipient died, graft was functioning at time of death",NA,Yes,1,Simulect,60 and above,Less than 24h,6.3000002,0,Neg,NO,55
153,2015,No,35,Female,White,DKD,Yes,21.9,No,Living donor,27.95893224,Negative,NA,Positive,NA,1,1,0,2,0,1,7,Simulect,Tac,MPA,Less than 6mo,164,NA,No,No,No,No,No,No,No,No,No,"Recipient died, graft was functioning at time of death",NA,Yes,3.8,Simulect,Less than 60,Less than 24h,3.5,0,Neg,NO,62
154,2016,No,44,Female,White,Reflux/CPN,No,28.3,No,DBD,60.04380561,Positive,Positive,Negative,NA,1,0,0,1,0,1,15,Simulect,Tac,MPA,Less than 6mo,40,37,Yes,No,No,No,No,No,No,No,No,NA,NA,No,5.7,Simulect,Less than 60,Less than 24h,4.4000001,0,Neg,NO,100
155,2016,No,75,Female,White,Other,No,30,Yes,DBD,71.38398357,Positive,Positive,Positive,Positive,1,1,1,3,0,1,20,Simulect,Tac,Aza,Less than 6mo,21,26,No,No,No,No,No,No,No,No,No,NA,NA,No,5.6,Simulect,60 and above,Less than 24h,7.5,0,Neg,NO,83
156,2015,No,70,Male,Asian,GN,No,NA,No,DCD,71.09377139,Positive,NA,Negative,NA,2,1,0,3,0,0,18,Simulect,Tac,MPA,NA,46,54,No,No,No,NA,No,No,No,NA,Yes,Death with functioning graft,NA,No,6,Simulect,60 and above,Less than 24h,7,0,Neg,NO,0
157,2019,No,41,Female,Asian,DKD,Yes,29.3,No,DBD,64.69815195,Negative,Positive,Positive,Positive,2,1,1,4,0,0,10,Simulect,Tac,MPA,More than 6mo,64,5,No,No,Yes,No,No,No,No,No,No,NA,NA,No,2.7,Simulect,Less than 60,Less than 24h,4.0999999,0,Neg,NO,0
158,2015,No,60,Male,Asian,GN,Yes,28.7,No,DCD,64.12867899,Positive,NA,Positive,NA,2,1,1,4,0,0,7,Simulect,Tac,None,More than 6mo,51,30,No,No,Yes,Yes,No,No,No,No,No,NA,NA,Yes,4.9,Simulect,60 and above,Less than 24h,6,0,Neg,NO,0
159,2015,No,63,Male,White,DKD,Yes,24.8,No,Living donor,42.81451061,Negative,NA,Positive,NA,2,1,0,3,0,0,12,Simulect,Tac,MPA,Less than 6mo,66,110,No,No,No,No,No,No,No,No,No,NA,NA,No,7,Simulect,60 and above,Less than 24h,6.3000002,0,Neg,NO,0
160,2014,No,30,Female,White,GN,No,23,No,DBD,37.73305955,Negative,NA,Negative,NA,0,1,0,1,0,NA,17,Simulect,Tac,MPA,Less than 6mo,34,65,No,No,No,No,No,No,No,No,No,NA,NA,No,7.1,Simulect,Less than 60,Less than 24h,3,0,Neg,NO,0
161,2016,No,35,Male,White,Unknown,No,28,Yes,Living donor,56.49555099,Positive,Positive,Negative,Positive,1,1,1,3,0,0,4,Simulect,Tac,MPA,Less than 6mo,45,56,No,No,No,No,No,No,No,No,No,NA,NA,No,5.5,Simulect,Less than 60,Less than 24h,3.5,0,Neg,NO,0
162,2016,No,67,Female,White,Reflux/CPN,No,22.4,Yes,DCD,74.30800821,Negative,Positive,Negative,NA,1,2,0,3,0,1,24,Simulect,Tac,Aza,Less than 6mo,27,42,No,No,No,No,No,No,No,No,No,NA,NA,No,6.25,Simulect,60 and above,more than 24h,6.6999998,0,Neg,NO,78
163,2019,No,56,Male,White,Reflux/CPN,No,23,Yes,DBD,47.31279945,Positive,Positive,Positive,NA,1,1,1,3,0,0,9,Simulect,Tac,MPA,NA,61,NA,Yes,No,No,NA,No,No,No,NA,No,NA,NA,No,3,Simulect,Less than 60,Less than 24h,5.5999999,0,Neg,NO,0
164,2014,No,36,Male,White,GN,No,25.3,Yes,Living donor,65.3908282,Negative,NA,Negative,NA,0,1,1,2,0,NA,3,Simulect,Tac,Aza,More than 6mo,54,62,No,No,No,No,No,No,No,No,No,NA,NA,No,7.2,Simulect,Less than 60,Less than 24h,3.5999999,0,Neg,NO,0
165,2016,No,57,Female,Asian,GN,No,30,No,DBD,66.77891855,Positive,Positive,Positive,NA,2,1,1,4,0,0,14,Simulect,Tac,MPA,Less than 6mo,41,41,Yes,No,No,No,No,No,No,No,No,NA,NA,No,5.2,Simulect,Less than 60,Less than 24h,5.6999998,0,Neg,NO,0
166,2017,No,60,Female,White,ADPKD,No,24.5,Yes,DCD,53.51950719,Positive,Positive,Positive,Positive,1,1,0,2,0,0,9,Simulect,Tac,MPA,Less than 6mo,47,56,No,No,Yes,No,No,No,No,No,No,NA,NA,No,4.3,Simulect,60 and above,Less than 24h,6,0,Neg,NO,0
167,2016,No,35,Male,Asian,GN,No,27.7,No,DBD,45.17727584,Positive,Positive,Negative,Positive,1,1,1,3,0,0,28,Simulect,Tac,MPA,Less than 6mo,25,44,No,No,No,No,No,No,No,No,No,NA,NA,No,5.3,Simulect,Less than 60,more than 24h,3.5,0,Neg,NO,0
168,2017,No,73,Male,White,GN,No,27,Yes,Living donor,57.28952772,Positive,NA,Positive,Positive,1,1,1,3,0,1,4,Simulect,Tac,MPA,Less than 6mo,45,NA,No,No,No,No,No,No,No,Yes,No,NA,NA,No,4.1,Simulect,60 and above,Less than 24h,7.3000002,0,Neg,NO,87
169,2015,No,65,Female,Asian,DKD,Yes,30.1,Yes,DCD,69.9301848,Positive,NA,Positive,NA,1,1,0,2,0,0,15,Simulect,Tac,MPA,Less than 6mo,21,23,No,No,No,No,No,No,No,No,No,NA,NA,Yes,5,Simulect,60 and above,Less than 24h,6.5,0,Neg,NO,0
170,2019,No,60,Male,Black,Other,No,26.2,No,DBD,64.21081451,Positive,Positive,Negative,Positive,1,1,1,3,0,0,13,Simulect,Tac,MPA,Less than 6mo,35,45,Yes,No,No,No,No,No,No,No,No,NA,NA,No,3,Simulect,60 and above,Less than 24h,6,0,Neg,NO,0
171,2018,No,48,Female,Asian,Unknown,No,22.9,Yes,DCD,26.95687885,Negative,Positive,Positive,NA,1,2,0,3,0,0,20,Simulect,Tac,MPA,More than 6mo,42,54,No,No,No,No,No,No,No,No,No,NA,NA,No,3.1,Simulect,Less than 60,Less than 24h,4.8000002,0,Neg,NO,0
172,2018,No,56,Male,Black,Other,No,29,No,Living donor,51.09924709,Positive,Negative,Positive,Positive,2,1,2,5,0,1,4,Simulect,Tac,MPA,NA,58,NA,No,No,No,NA,No,No,No,NA,No,NA,NA,No,4,Simulect,Less than 60,Less than 24h,5.5999999,0,Neg,NO,1
173,2017,No,76,Male,White,DKD,Yes,25,Yes,DCD,73.02121834,Negative,Positive,NA,NA,1,0,1,2,0,0,12,Simulect,Tac,MPA,NA,23,23,No,No,No,NA,No,No,No,NA,No,NA,NA,Yes,1,Simulect,60 and above,Less than 24h,7.5999999,0,Neg,NO,0
174,2015,No,44,Male,Asian,DKD,Yes,27.7,No,DBD,51.8220397,Positive,NA,Positive,NA,2,1,1,4,0,1,19,Simulect,Tac,MPA,Less than 6mo,52,52,No,No,No,No,No,No,No,No,No,NA,NA,No,6.6,Simulect,Less than 60,Less than 24h,4.4000001,0,Neg,NO,58
175,2015,No,53,Male,White,GN,No,35.6,No,DBD,61.50034223,Negative,NA,Positive,NA,1,1,0,2,0,0,12,Simulect,Tac,MPA,Less than 6mo,26,26,No,No,No,No,No,No,No,No,No,NA,NA,Yes,4.8,Simulect,Less than 60,Less than 24h,5.3000002,0,Neg,NO,0
176,2015,No,62,Male,White,GN,No,NA,No,DCD,55.21149897,Negative,NA,Positive,NA,1,2,1,4,0,0,10,Simulect,Tac,MPA,NA,33,44,No,No,No,NA,No,No,No,NA,No,"Recipient died, graft was functioning at time of death",NA,Yes,2,Simulect,60 and above,Less than 24h,6.1999998,0,Neg,NO,0
177,2015,No,31,Female,White,GN,No,28.5,No,DBD,51.85763176,Positive,NA,Positive,NA,1,0,0,1,0,0,8,Simulect,Tac,Aza,More than 6mo,55,68,No,No,No,No,No,Yes,Yes,No,No,NA,NA,No,6.6,Simulect,Less than 60,Less than 24h,3.0999999,0,Neg,NO,0
178,2019,No,64,Female,Asian,Unknown,Yes,28,No,Living donor,35.22792608,Positive,Positive,Positive,Negative,1,1,1,3,0,1,4,Simulect,Tac,MPA,NA,86,NA,No,No,No,NA,No,No,No,NA,No,NA,NA,No,3,Simulect,60 and above,Less than 24h,6.4000001,0,Neg,NO,90
179,2018,No,58,Male,White,GN,No,32,Yes,Living donor,53.36892539,Negative,Positive,Positive,NA,0,2,2,4,0,0,5,Simulect,Tac,MPA,NA,46,71,No,No,No,NA,No,No,No,NA,No,NA,NA,No,4,Simulect,Less than 60,Less than 24h,5.8000002,0,Neg,NO,0
180,2014,No,37,Male,Black,Unknown,No,24.8,No,DCD,42.40109514,Positive,NA,Positive,NA,2,2,1,5,0,NA,17,Simulect,Tac,MPA,Less than 6mo,76,78,No,No,Yes,No,No,No,No,No,No,NA,NA,No,4.2,Simulect,Less than 60,Less than 24h,3.7,0,Neg,NO,0
181,2016,Yes,31,Female,Asian,Reflux/CPN,No,23.1,No,DBD,66.4312115,Positive,Positive,Positive,NA,1,1,1,3,0,1,15,Simulect,Tac,MPA,Less than 6mo,39,30,No,No,No,Yes,No,No,No,No,No,NA,NA,No,5.3,Simulect,Less than 60,Less than 24h,3.0999999,0,Neg,NO,99
182,2015,No,75,Female,White,ADPKD,No,27.7,Yes,DBD,77.43737166,Positive,NA,Positive,NA,0,0,0,0,0,1,13,Simulect,Tac,MPA,Less than 6mo,36,58,Yes,No,No,No,No,No,No,No,No,NA,NA,No,6.3,Simulect,60 and above,Less than 24h,7.5,0,Neg,NO,58
183,2014,No,46,Male,White,GN,No,34,Yes,Living donor,25.61533196,Negative,NA,Negative,NA,0,1,1,2,0,NA,3,Simulect,Tac,MPA,Less than 6mo,61,74,No,No,No,No,No,Yes,Yes,No,No,NA,NA,No,7.5,Simulect,Less than 60,Less than 24h,4.5999999,0,Neg,NO,0
184,2016,No,73,Female,White,Unknown,No,28.4,Yes,DBD,79.42231348,Positive,NA,Positive,NA,1,1,0,2,0,0,10,Simulect,Tac,NA,More than 6mo,33,38,No,No,No,No,No,No,No,No,No,NA,NA,Yes,3.5,Simulect,60 and above,Less than 24h,7.3000002,0,Neg,NO,0
185,2015,No,47,Female,White,DKD,Yes,30.7,No,Living donor,55.40314853,Positive,NA,Positive,NA,1,2,1,4,0,0,5,Simulect,Tac,MPA,Less than 6mo,48,54,No,No,No,No,No,No,No,No,No,NA,NA,No,6.1,Simulect,Less than 60,Less than 24h,4.6999998,0,Neg,NO,0
186,2015,No,56,Male,White,GN,No,23.2,No,Living donor,65.76043806,Negative,NA,Negative,NA,1,1,2,4,0,0,1,Simulect,Tac,MPA,Less than 6mo,36,50,No,No,No,No,No,No,No,No,No,Death with functioning graft,NA,Yes,4.4,Simulect,Less than 60,Less than 24h,5.5999999,0,Neg,NO,0
187,2015,No,58,Female,Asian,DKD,Yes,32.4,No,DCD,36.13141684,Positive,NA,Positive,NA,1,1,0,2,0,0,8,Simulect,Tac,MPA,Less than 6mo,51,67,No,No,No,No,No,No,No,No,No,NA,NA,No,6.4,Simulect,Less than 60,Less than 24h,5.8000002,0,Neg,NO,0
188,2019,No,34,Female,White,GN,No,39,Yes,DBD,40.61875428,Negative,Negative,Negative,NA,1,1,1,3,0,0,11,Simulect,Tac,MPA,NA,57,NA,No,No,No,NA,No,No,No,NA,No,NA,NA,No,3,Simulect,Less than 60,Less than 24h,3.4000001,0,Neg,NO,0
189,2015,No,57,Female,White,Unknown,No,22.8,No,DBD,30.54072553,Positive,NA,Negative,NA,2,1,0,3,0,1,11,Simulect,Tac,MPA,Less than 6mo,72,91,No,No,No,No,No,No,No,No,No,NA,NA,No,6.9,Simulect,Less than 60,Less than 24h,5.6999998,0,Neg,NO,79
190,2018,No,76,Male,Asian,GN,Yes,26.1,No,DCD,40.23545517,Positive,Positive,Positive,NA,1,1,1,3,0,0,13,Simulect,Tac,MPA,Less than 6mo,110,128,No,No,No,No,No,No,No,No,No,NA,NA,No,3.7,Simulect,60 and above,Less than 24h,7.5999999,0,Neg,NO,0
191,2016,No,49,Male,White,Other,No,20.5,No,DCD,56.72279261,Negative,NA,Negative,NA,1,1,0,2,0,0,14,Simulect,Tac,MPA,More than 6mo,14,22,No,No,No,No,No,No,No,No,No,NA,NA,No,5.2,Simulect,Less than 60,Less than 24h,4.9000001,0,Neg,NO,0
192,2018,No,66,Male,Asian,Other,Yes,31,Yes,DCD,60.47912389,Positive,Positive,Positive,NA,2,2,0,4,0,0,9,Simulect,Tac,MPA,More than 6mo,14,NA,No,No,No,No,No,No,No,No,No,Rejection while taking immunosuppressive drug(s),1,No,4.1,Simulect,60 and above,Less than 24h,6.5999999,0,Neg,NO,36
193,2017,No,40,Male,White,Other,No,26.8,Yes,DBD,63.18959617,Positive,NA,Positive,NA,2,1,0,3,0,0,7,Simulect,Tac,MPA,Less than 6mo,42,54,No,No,No,No,No,No,No,No,No,NA,NA,No,4.7,Simulect,Less than 60,Less than 24h,4,0,Neg,NO,0
194,2016,No,53,Female,Asian,Other,No,36.2,No,DBD,57.16906229,Negative,NA,Positive,NA,2,1,1,4,0,0,12,Simulect,Tac,MPA,Less than 6mo,43,39,No,No,No,No,No,No,No,No,No,NA,NA,No,5.9,Simulect,Less than 60,Less than 24h,5.3000002,0,Neg,NO,0
195,2016,No,71,Female,White,DKD,Yes,24.7,No,DBD,72.3340178,Positive,NA,Positive,NA,2,1,0,3,0,1,22,Simulect,Tac,MPA,Less than 6mo,38,40,Yes,No,Yes,No,No,No,No,No,No,NA,NA,No,5.7,Simulect,60 and above,Less than 24h,7.0999999,0,Neg,NO,75
196,2018,No,48,Male,Asian,GN,No,32.5,No,Living donor,26.74332649,Negative,Positive,Positive,NA,2,2,1,5,0,0,5,Simulect,Tac,MPA,More than 6mo,57,73,Yes,Yes,No,No,No,No,No,No,No,NA,NA,No,3.9,Simulect,Less than 60,Less than 24h,4.8000002,0,Neg,NO,0
197,2016,No,34,Male,Black,Other,No,26,No,DBD,41.97399042,Negative,NA,Positive,Positive,2,1,0,3,0,0,14,Simulect,Tac,MPA,More than 6mo,122,107,Yes,Yes,No,NA,No,No,No,NA,No,NA,NA,No,6,Simulect,Less than 60,Less than 24h,3.4000001,0,Neg,NO,0
198,2017,No,74,Male,White,DKD,Yes,25.4,No,DCD,52.42162902,Negative,Negative,Positive,NA,0,0,0,0,0,0,12,Simulect,Tac,MPA,Less than 6mo,43,58,No,No,No,No,No,No,No,No,No,NA,NA,No,4.8,Simulect,60 and above,Less than 24h,7.4000001,0,Neg,NO,0
199,2014,No,72,Male,White,Reflux/CPN,No,29,No,DBD,58.85831622,Negative,NA,Positive,NA,0,1,1,2,0,NA,13,Simulect,Tac,MPA,Less than 6mo,72,85,No,Yes,No,No,No,No,No,No,No,NA,NA,No,7.4,Simulect,60 and above,Less than 24h,7.1999998,0,Neg,NO,0
200,2015,No,61,Female,White,DKD,Yes,26.9,Yes,DBD,72.59685147,Negative,NA,Negative,NA,2,1,1,4,0,0,7,Simulect,Tac,MPA,Less than 6mo,30,25,No,No,No,No,Yes,No,Yes,No,No,NA,NA,No,6.1,Simulect,60 and above,Less than 24h,6.0999999,0,Neg,NO,0
201,2016,No,69,Female,White,Other,Yes,30.1,Yes,DCD,71.00616016,Negative,Positive,Positive,NA,2,1,1,4,0,0,16,Simulect,Cyc,MPA,Less than 6mo,34,38,No,No,No,No,No,No,No,No,No,NA,NA,Yes,4.5,Simulect,60 and above,Less than 24h,6.9000001,0,Neg,NO,0
202,2019,No,52,Male,White,GN,No,32,Yes,DBD,60.08213552,Negative,Positive,Negative,Positive,1,1,0,2,0,0,13,Simulect,Tac,MPA,Less than 6mo,38,NA,No,No,No,No,No,No,No,No,No,NA,NA,No,2.4,Simulect,Less than 60,Less than 24h,5.1999998,0,Neg,NO,0
203,2014,No,30,Female,White,Reflux/CPN,No,30.4,Yes,Living donor,60.52566735,Positive,NA,Positive,NA,1,0,0,1,0,NA,4,Simulect,Tac,MPA,Less than 6mo,46,58,No,No,No,Yes,No,No,No,No,No,NA,NA,No,7.2,Simulect,Less than 60,Less than 24h,3,0,Neg,NO,0
204,2015,No,48,Male,White,Unknown,No,19.7,No,DBD,55.09377139,Positive,NA,Positive,NA,1,1,0,2,0,0,13,Simulect,Tac,MPA,Less than 6mo,90,104,No,No,No,No,No,No,No,Yes,No,NA,NA,Yes,3.7,Simulect,Less than 60,Less than 24h,4.8000002,0,Neg,NO,0
321,2016,No,54,Female,White,ADPKD,Yes,25.28,No,DCD,NA,Negative,Positive,Negative,Positive,1,1,0,2,0,NA,17,Campath,Tac,MPA,Less than 6mo,35,38,No,No,No,No,No,No,No,No,No,NA,NA,No,5.666666667,Campath,Less than 60,more than 24h,5.4000001,1,Neg,NO ,80
206,2014,No,66,Male,White,DKD,Yes,34.4,No,DBD,50.16837782,Negative,NA,Positive,NA,0,0,0,0,0,NA,19,Simulect,Tac,MPA,Less than 6mo,78,46,No,No,No,No,No,No,No,No,No,NA,NA,Yes,6.2,Simulect,60 and above,Less than 24h,6.5999999,0,Neg,NO,0
207,2015,No,49,Male,White,ADPKD,No,22.3,No,DCD,56.15058179,Negative,NA,Positive,NA,1,1,1,3,0,0,11,Simulect,Tac,MPA,More than 6mo,19,24,No,No,No,No,No,No,No,No,No,NA,NA,No,6.1,Simulect,Less than 60,Less than 24h,4.9000001,0,Neg,NO,0
208,2018,No,62,Female,Asian,GN,No,30.2,Yes,Living donor,39.92334018,Positive,Positive,Positive,Positive,1,1,1,3,0,0,4,Simulect,Tac,MPA,Less than 6mo,78,81,No,No,No,No,No,No,No,No,No,NA,NA,No,3.2,Simulect,60 and above,Less than 24h,6.1999998,0,Neg,NO,0
209,2017,No,41,Male,Asian,GN,Yes,27.1,No,DBD,58.49418207,Negative,Positive,Positive,Positive,2,1,0,3,0,0,7,Simulect,Tac,MPA,More than 6mo,51,NA,No,No,No,No,No,Yes,Yes,No,No,NA,NA,No,4.6,Simulect,Less than 60,Less than 24h,4.0999999,0,Neg,NO,0
210,2017,No,53,Male,Asian,DKD,Yes,32.4,Yes,DBD,46.12183436,Negative,Positive,Positive,Positive,1,1,1,3,0,0,27,Simulect,Tac,MPA,Less than 6mo,76,77,No,No,No,No,No,No,No,No,No,NA,NA,No,4.3,Simulect,Less than 60,more than 24h,5.3000002,0,Neg,NO,0
211,2018,Yes,52,Male,Asian,DKD,Yes,NA,No,DBD,NA,Negative,NA,Positive,NA,1,1,1,3,0,0,7,Simulect,Tac,MPA,More than 6mo,58,NA,No,No,No,No,No,No,No,No,No,NA,NA,No,3.2,Simulect,Less than 60,Less than 24h,5.1999998,0,Neg,NO,81
212,2016,No,78,Female,White,Other,No,32,No,DBD,74.66666667,Positive,NA,Positive,NA,1,1,1,3,0,0,25,Simulect,Tac,MPA,Less than 6mo,31,44,Yes,No,No,No,No,No,No,No,No,NA,NA,No,5.3,Simulect,60 and above,more than 24h,7.8000002,0,Neg,NO,0
213,2016,No,50,Female,Black,GN,No,21.5,No,DCD,13.77960301,Positive,Positive,Positive,Positive,1,1,1,3,0,1,8,Simulect,Tac,None,More than 6mo,63,60,No,No,Yes,No,No,No,No,No,No,NA,NA,No,5.5,Simulect,Less than 60,Less than 24h,5,0,Neg,NO,50
214,2016,No,49,Female,White,ADPKD,No,29.7,Yes,Living donor,25.33607118,Positive,Positive,Positive,Positive,1,1,1,3,0,1,4,Simulect,Tac,MPA,Less than 6mo,53,10,No,No,No,No,No,No,No,No,No,NA,NA,No,5.2,Simulect,Less than 60,Less than 24h,4.9000001,0,Neg,NO,83
215,2019,No,45,Male,White,DKD,Yes,21,No,DBD,43.86858316,Negative,Positive,Negative,Positive,1,2,1,4,0,0,16,Simulect,Tac,MPA,NA,53,NA,No,No,No,NA,No,No,No,NA,No,Death with functioning graft,NA,Yes,1,Simulect,Less than 60,Less than 24h,4.5,0,Neg,NO,0
216,2017,No,22,Male,White,Unknown,No,23.5,No,Living donor,50.77344285,Positive,NA,Negative,Negative,1,1,1,3,0,0,2,Simulect,Tac,MPA,Less than 6mo,84,107,No,No,No,No,No,No,No,No,No,NA,NA,No,4.8,Simulect,Less than 60,Less than 24h,2.2,0,Neg,NO,4
217,2016,No,74,Male,White,Unknown,No,29,No,Living donor,32.71457906,NA,NA,Positive,Positive,2,1,1,4,0,0,5,Simulect,Tac,MPA,NA,61,77,No,No,No,NA,No,No,No,NA,No,Death with functioning graft,NA,Yes,1,Simulect,60 and above,Less than 24h,7.4000001,0,Neg,NO,0
218,2017,No,80,Male,White,Other,No,24,No,Living donor,51.81382615,Negative,NA,Negative,NA,1,1,1,3,0,0,5,Simulect,Tac,MPA,Less than 6mo,45,67,No,No,No,No,No,No,No,No,No,NA,NA,No,4.9,Simulect,60 and above,Less than 24h,8,0,Neg,NO,10
219,2017,No,52,Female,Asian,Unknown,No,28.9,Yes,DBD,65.07597536,Positive,Positive,Positive,Positive,1,1,1,3,0,1,26,Simulect,Tac,MPA,Less than 6mo,67,84,No,No,No,No,No,No,No,No,No,NA,NA,No,4.6,Simulect,Less than 60,more than 24h,5.1999998,0,Neg,NO,40
220,2015,No,33,Female,White,Unknown,No,28.5,Yes,Living donor,54.50513347,Positive,NA,Negative,NA,1,1,0,2,0,1,4,Simulect,Tac,MPA,Less than 6mo,19,22,Yes,No,No,Yes,No,No,No,No,Yes,Rejection while taking immunosuppressive drug(s),1,No,4,Simulect,Less than 60,Less than 24h,3.3,0,Neg,NO,76
221,2016,No,45,Male,White,ADPKD,No,30.3,Yes,Living donor,44.71457906,Positive,NA,Negative,NA,0,0,1,1,0,0,4,Simulect,Tac,MPA,Less than 6mo,48,NA,No,No,No,No,No,No,No,No,No,NA,NA,No,5.9,Simulect,Less than 60,Less than 24h,4.5,0,Neg,NO,0
222,2015,No,42,Male,Black,Unknown,No,NA,No,DBD,58.70499658,Positive,NA,Positive,NA,1,1,0,2,0,0,9,Simulect,Tac,MPA,NA,54,56,No,No,No,NA,No,No,No,NA,No,NA,NA,No,7,Simulect,Less than 60,Less than 24h,4.1999998,0,Neg,NO,0
223,2016,No,53,Male,White,GN,No,21.5,No,DBD,63.21149897,Positive,NA,Negative,NA,1,1,1,3,0,0,9,Simulect,Tac,MPA,More than 6mo,44,43,No,Yes,No,No,No,No,No,Yes,No,NA,NA,No,5.9,Simulect,Less than 60,Less than 24h,5.3000002,0,Neg,NO,0
224,2017,No,30,Male,White,GN,No,27.6,No,DBD,19.09650924,Negative,Positive,Negative,Positive,2,1,0,3,0,0,9,Simulect,Tac,MPA,Less than 6mo,39,52,No,No,No,No,No,No,No,No,No,NA,NA,No,4.4,Simulect,Less than 60,Less than 24h,3,0,Neg,NO,0
225,2016,No,60,Male,White,ADPKD,No,23.8,Yes,Living donor,65.50034223,NA,NA,Positive,NA,1,0,1,2,0,0,4,Simulect,Tac,MPA,Less than 6mo,64,84,No,No,No,No,No,No,No,No,No,NA,NA,No,5.9,Simulect,60 and above,Less than 24h,6,0,Neg,NO,0
226,2019,No,59,Male,White,Other,No,32,Yes,Living donor,54.98973306,NA,NA,Positive,NA,2,2,0,4,0,0,4,Simulect,Tac,MPA,Less than 6mo,54,63,No,No,No,No,No,No,No,No,No,NA,NA,No,2.7,Simulect,Less than 60,Less than 24h,5.9000001,0,Neg,NO,34
227,2016,No,67,Male,Asian,DKD,Yes,31,Yes,DCD,58.25598905,Negative,Negative,Positive,NA,1,1,1,3,0,0,11,Simulect,Tac,MPA,Less than 6mo,36,40,No,No,No,No,No,No,No,No,No,NA,NA,No,5.3,Simulect,60 and above,Less than 24h,6.6999998,0,Neg,NO,0
228,2015,No,62,Female,White,ADPKD,No,27.5,No,Living donor,56.16974675,Negative,NA,Positive,NA,1,1,1,3,0,0,3,Simulect,Tac,MPA,Less than 6mo,44,53,No,No,No,No,No,No,No,No,No,NA,NA,No,6.1,Simulect,60 and above,Less than 24h,6.1999998,0,Neg,NO,0
229,2017,No,58,Male,White,Other,No,21.6,No,DCD,65.34428474,Positive,Positive,Positive,Positive,1,1,0,2,0,0,7,Simulect,Tac,MPA,Less than 6mo,26,48,Yes,No,No,No,No,No,No,No,No,NA,NA,No,5,Simulect,Less than 60,Less than 24h,5.8000002,0,Neg,NO,0
230,2016,No,42,Male,White,Unknown,No,27.2,No,DBD,55.39219713,Negative,NA,Positive,NA,2,1,0,3,0,0,8,Simulect,Tac,MPA,Less than 6mo,38,43,No,No,No,No,No,No,No,No,No,NA,NA,No,5.8,Simulect,Less than 60,Less than 24h,4.1999998,0,Neg,NO,0
231,2014,No,51,Male,White,Other,No,23.1,No,Living donor,20.38877481,Negative,NA,Negative,NA,1,1,1,3,0,NA,3,Simulect,Tac,MPA,Less than 6mo,48,69,No,No,No,No,No,No,No,No,No,NA,NA,No,7.4,Simulect,Less than 60,Less than 24h,5.0999999,0,Neg,NO,20
232,2017,No,50,Male,White,ADPKD,No,29.2,Yes,DBD,60.1889117,Negative,Negative,Positive,NA,0,0,0,0,0,0,17,Simulect,Tac,Aza,More than 6mo,32,22,No,No,No,No,No,No,No,No,No,NA,NA,No,4.9,Simulect,Less than 60,Less than 24h,5,0,Neg,NO,34
233,2017,No,71,Female,White,ADPKD,No,25,No,DBD,55.42778919,Positive,Positive,Positive,Positive,0,0,0,0,0,1,15,Simulect,Tac,MPA,Less than 6mo,44,NA,Yes,No,No,No,No,No,No,No,No,NA,NA,No,4.4,Simulect,60 and above,Less than 24h,7.0999999,0,Neg,NO,88
234,2016,No,48,Female,Black,ADPKD,No,35.9,No,DCD,63.87132101,Positive,Positive,Positive,Positive,1,1,1,3,0,0,9,Simulect,Tac,MPA,More than 6mo,62,84,No,No,No,No,No,No,No,No,No,NA,NA,No,5.4,Simulect,Less than 60,Less than 24h,4.8000002,0,Neg,NO,0
235,2014,No,52,Female,White,GN,No,31.9,Yes,Living donor,58.84462697,Negative,NA,Positive,NA,2,1,2,5,0,NA,5,Simulect,Tac,MPA,More than 6mo,34,42,No,No,Yes,Yes,No,Yes,Yes,No,No,NA,NA,No,7.1,Simulect,Less than 60,Less than 24h,5.1999998,0,Neg,NO,0
236,2015,No,41,Male,Asian,Other,No,25.2,No,DCD,21.908282,Negative,NA,Positive,NA,1,1,1,3,0,0,18,Simulect,Tac,MPA,Less than 6mo,41,52,No,No,No,No,No,No,No,No,No,NA,NA,No,6.5,Simulect,Less than 60,Less than 24h,4.0999999,0,Neg,NO,0
237,2019,No,30,Female,Asian,Other,No,NA,Yes,Living donor,33.75770021,Positive,Positive,Negative,Positive,0,1,1,2,0,0,4,Simulect,Tac,Aza,NA,95,NA,No,No,No,NA,No,No,No,NA,No,NA,NA,No,3,Simulect,Less than 60,Less than 24h,3,0,Neg,NO,0
238,2014,No,77,Male,White,GN,No,28.4,Yes,Living donor,52.96372348,Positive,NA,Negative,NA,1,1,1,3,0,NA,4,Simulect,Tac,MPA,Less than 6mo,56,70,No,No,No,No,No,No,No,Yes,No,NA,NA,Yes,5.1,Simulect,60 and above,Less than 24h,7.6999998,0,Neg,NO,0
239,2014,No,29,Female,White,Other,No,22.3,No,Living donor,55.16221766,Positive,NA,Positive,NA,0,1,0,1,0,NA,3,Simulect,Tac,Aza,Less than 6mo,58,40,No,No,No,No,No,No,No,No,No,NA,NA,No,7,Simulect,Less than 60,Less than 24h,2.9000001,0,Neg,NO,0
240,2018,No,22,Male,White,DKD,Yes,30.9,No,DBD,34.4421629,Positive,Positive,Negative,Negative,1,1,0,2,0,0,35,Simulect,Tac,MPA,Less than 6mo,70,83,No,No,No,Yes,No,No,No,No,No,NA,NA,No,3.5,Simulect,Less than 60,more than 24h,2.2,0,Neg,NO,0
241,2018,No,33,Male,White,GN,No,24.9,No,DBD,30.37645448,Negative,Positive,Negative,NA,1,1,1,3,0,0,18,Simulect,Tac,MPA,Less than 6mo,68,94,No,No,No,No,No,No,No,No,No,NA,NA,No,3.8,Simulect,Less than 60,Less than 24h,3.3,0,Neg,NO,0
242,2015,No,41,Male,White,ADPKD,No,25.8,No,Living donor,43.69062286,Negative,NA,Positive,NA,2,2,2,6,0,0,3,Simulect,Tac,MPA,More than 6mo,48,70,No,No,No,No,No,No,No,No,No,NA,NA,No,6.6,Simulect,Less than 60,Less than 24h,4.0999999,0,Neg,NO,0
243,2017,No,59,Male,White,DKD,Yes,34.2,Yes,DCD,55.45516769,Negative,Positive,Positive,NA,1,1,0,2,0,0,13,Simulect,Tac,MPA,Less than 6mo,61,55,No,No,No,No,No,No,No,No,No,NA,NA,No,4.1,Simulect,Less than 60,Less than 24h,5.9000001,0,Neg,NO,0
244,2016,No,48,Male,White,GN,No,36.6,Yes,DBD,40.59958932,Positive,NA,Negative,NA,2,1,0,3,0,0,23,Simulect,Tac,MPA,More than 6mo,34,45,No,No,Yes,No,No,No,No,No,No,NA,NA,No,6,Simulect,Less than 60,Less than 24h,4.8000002,0,Neg,NO,0
245,2016,No,48,Male,White,ADPKD,No,NA,No,DBD,53.4017796,Negative,Positive,NA,NA,1,1,0,2,0,0,8,Simulect,NA,Aza,NA,23,32,No,No,No,NA,No,No,No,NA,No,Death with functioning graft.,NA,Yes,1,Simulect,Less than 60,Less than 24h,4.8000002,0,Neg,NO,0
246,2016,No,47,Female,Asian,Reflux/CPN,No,23.9,Yes,DCD,59.44147844,Positive,Positive,Positive,Positive,2,1,1,4,0,0,13,Simulect,Tac,MPA,Less than 6mo,38,40,No,No,No,No,No,No,No,No,No,NA,NA,No,5.1,Simulect,Less than 60,Less than 24h,4.6999998,0,Neg,NO,0
247,2016,No,66,Female,White,Other,No,27,Yes,DCD,27.6550308,Negative,Positive,Positive,NA,2,1,1,4,0,0,25,Simulect,Tac,MPA,Less than 6mo,25,44,No,No,No,No,No,No,No,Yes,No,NA,NA,No,6.1,Simulect,60 and above,more than 24h,6.5999999,0,Neg,NO,0
248,2019,No,73,Male,White,DKD,Yes,24,Yes,DBD,60.98015058,Positive,Positive,Positive,NA,1,0,0,1,0,0,13,Simulect,Tac,MPA,NA,36,NA,No,No,Yes,NA,No,No,No,NA,No,NA,NA,No,3,Simulect,60 and above,Less than 24h,7.3000002,0,Neg,NO,0
249,2015,No,23,Female,White,GN,No,36.1,No,DBD,51.96167009,Positive,NA,Negative,NA,2,1,0,3,0,0,12,Simulect,Tac,MPA,Less than 6mo,56,70,Yes,No,No,No,No,No,No,No,No,NA,NA,No,6.8,Simulect,Less than 60,Less than 24h,2.3,0,Neg,NO,0
250,2017,No,50,Male,White,Unknown,No,34,No,Living donor,57.40451745,Positive,NA,Negative,NA,1,1,1,3,0,0,4,Simulect,Tac,MPA,Less than 6mo,40,70,No,No,No,No,No,No,No,No,No,NA,NA,No,4.9,Simulect,Less than 60,Less than 24h,5,0,Neg,NO,28
251,2016,No,33,Female,White,Reflux/CPN,No,28.1,Yes,Living donor,27.03627652,Negative,Positive,Positive,Positive,1,1,1,3,0,0,4,Simulect,Tac,MPA,Less than 6mo,66,43,No,No,No,No,No,No,No,No,No,NA,NA,No,5.3,Simulect,Less than 60,Less than 24h,3.3,0,Neg,NO,0
252,2017,No,52,Male,White,ADPKD,Yes,21,No,DBD,40.6954141,Negative,Positive,Positive,NA,2,2,0,4,0,0,6,Simulect,Tac,MPA,Less than 6mo,45,82,No,No,No,No,No,No,No,No,No,NA,NA,No,5,Simulect,Less than 60,Less than 24h,5.1999998,0,Neg,NO,0
253,2015,No,55,Male,White,GN,No,28,No,Living donor,26.42847365,Positive,NA,Positive,NA,2,2,1,5,0,0,3,Simulect,Tac,MPA,More than 6mo,65,84,No,No,No,No,No,No,No,No,No,NA,NA,No,6.1,Simulect,Less than 60,Less than 24h,5.5,0,Neg,NO,0
254,2015,No,25,Male,White,GN,No,23.5,No,Living donor,43.91512663,Positive,NA,Positive,NA,2,1,0,3,0,0,4,Simulect,Tac,MPA,Less than 6mo,48,60,No,No,No,No,No,No,No,No,No,NA,NA,No,6.4,Simulect,Less than 60,Less than 24h,2.5,0,Neg,NO,24
255,2017,No,39,Male,White,DKD,Yes,28,No,DBD,56.26557153,Positive,Positive,Positive,Negative,2,1,0,3,0,0,18,Simulect,Tac,NA,NA,37,50,No,Yes,No,NA,No,No,No,NA,No,NA,NA,No,5,Simulect,Less than 60,Less than 24h,3.9000001,0,Neg,NO,0
256,2016,No,68,Male,White,ADPKD,No,31.4,Yes,Living donor,67.96167009,NA,NA,Positive,NA,0,1,2,3,0,0,4,Simulect,Tac,MPA,Less than 6mo,30,39,No,No,No,No,No,No,No,No,No,NA,NA,No,5.2,Simulect,60 and above,Less than 24h,6.8000002,0,Neg,NO,0
257,2018,No,71,Male,White,DKD,Yes,30.1,Yes,DBD,69.2183436,Negative,Positive,Negative,NA,1,1,0,2,0,0,20,Simulect,Tac,MPA,Less than 6mo,70,NA,No,No,No,No,No,No,No,No,No,NA,NA,No,4.33,Simulect,60 and above,Less than 24h,7.0999999,0,Neg,NO,0
258,2016,No,56,Male,White,ADPKD,No,23.2,Yes,DBD,64.94455852,Positive,Positive,Positive,Positive,2,1,0,3,0,0,11,Simulect,Tac,MPA,Less than 6mo,57,69,Yes,No,No,No,No,No,No,No,No,NA,NA,No,5.5,Simulect,Less than 60,Less than 24h,5.5999999,0,Neg,NO,40
259,2018,No,55,Male,White,Other,No,24,Yes,DBD,54.48049281,Positive,NA,Negative,NA,0,0,0,0,0,0,17,Simulect,Tac,NA,NA,28,33,No,No,Yes,NA,No,No,No,NA,No,NA,NA,No,4,Simulect,Less than 60,Less than 24h,5.5,0,Neg,NO,0
260,2017,No,55,Female,White,ADPKD,No,37.1,No,DCD,57.42368241,Positive,Positive,Positive,NA,0,1,1,2,0,1,15,Simulect,Tac,MPA,Less than 6mo,24,35,Yes,No,No,No,No,No,No,No,No,NA,NA,No,4.7,Simulect,Less than 60,Less than 24h,5.5,0,Neg,NO,85
261,2018,No,75,Male,White,Reflux/CPN,No,23,Yes,DBD,79.97535934,Negative,Positive,Positive,NA,2,1,0,3,0,0,13,Simulect,Tac,MPA,NA,14,28,No,No,No,NA,No,No,No,NA,No,NA,NA,No,4,Simulect,60 and above,Less than 24h,7.5,0,Neg,NO,0
262,2016,No,66,Male,White,Reflux/CPN,No,32.7,No,Living donor,64.07392197,NA,NA,Positive,NA,1,1,0,2,0,0,4,Simulect,Tac,MPA,Less than 6mo,35,47,No,No,No,No,No,No,No,No,No,NA,NA,No,5.7,Simulect,60 and above,Less than 24h,6.5999999,0,Neg,NO,0
263,2016,No,42,Male,White,GN,No,25.4,No,DBD,41.56057495,Negative,NA,Negative,NA,1,1,0,2,0,0,23,Simulect,Tac,None,More than 6mo,36,48,No,No,Yes,No,No,No,No,No,No,NA,NA,No,5,Simulect,Less than 60,Less than 24h,4.1999998,0,Neg,NO,0
264,2018,No,69,Female,White,GN,No,26.3,No,DCD,74.51060917,Positive,Positive,Positive,NA,1,2,0,3,0,1,27,Simulect,Tac,Aza,Less than 6mo,28,30,No,No,No,No,No,No,No,No,No,NA,NA,No,3.2,Simulect,60 and above,more than 24h,6.9000001,0,Neg,NO,83
265,2019,No,59,Male,White,GN,No,35,No,DCD,63.29089665,Positive,Positive,Negative,NA,2,1,1,3,0,0,10,Simulect,Tac,MPA,NA,32,NA,No,No,No,No,No,No,No,No,No,NA,NA,No,1,Simulect,Less than 60,Less than 24h,5.9000001,0,Neg,NO,0
266,2018,No,31,Male,White,GN,No,28,Yes,DBD,6.05065024,Positive,Positive,Negative,NA,1,1,1,3,0,0,18,Simulect,Tac,MPA,Less than 6mo,30,57,Yes,No,No,No,No,No,No,No,No,NA,NA,No,3,Simulect,Less than 60,Less than 24h,3.0999999,0,Neg,NO,0
267,2018,Yes,21,Male,Asian,Unknown,No,19,No,DBD,0.336755647,Positive,Negative,Positive,Positive,1,2,1,4,0,0,15,Simulect,Tac,MPA,More than 6mo,90,NA,No,No,No,NA,No,No,No,NA,No,NA,NA,No,2.83,Simulect,Less than 60,Less than 24h,2.0999999,0,Neg,NO,0
268,2017,No,64,Female,White,DKD,Yes,26.6,No,DCD,67.3045859,Positive,Positive,Positive,Positive,1,0,1,2,0,0,31,Simulect,Tac,MPA,More than 6mo,15,19,Yes,No,Yes,No,No,No,No,No,No,NA,NA,Yes,2.8,Simulect,60 and above,more than 24h,6.4000001,0,Neg,NO,0
269,2019,No,59,Male,Asian,GN,Yes,27.8,No,DBD,74.72142368,Positive,Positive,Positive,NA,1,2,1,4,0,0,16,Simulect,Tac,MPA,Less than 6mo,46,29,Yes,No,Yes,No,No,No,No,No,No,NA,NA,Yes,1.1,Simulect,Less than 60,Less than 24h,5.9000001,0,Neg,NO,26
270,2019,No,59,Male,White,ADPKD,No,34,Yes,DCD,36.16427105,Positive,Positive,Positive,Positive,0,0,0,0,0,0,20,Simulect,Tac,MPA,NA,61,NA,No,No,No,NA,No,No,No,NA,No,NA,NA,No,2,Simulect,Less than 60,Less than 24h,5.9000001,0,Neg,NO,0
271,2019,No,49,Female,Asian,Other,No,21,No,DBD,36.06023272,Negative,Positive,Positive,Positive,1,1,1,3,0,1,11,Simulect,Tac,MPA,NA,39,41,NA,NA,NA,NA,NA,NA,NA,NA,No,NA,NA,No,1,Simulect,Less than 60,Less than 24h,4.9000001,0,Neg,NO,41
272,2016,Yes,45,Female,White,GN,No,32,Yes,DBD,62.25051335,Negative,Negative,Positive,NA,1,0,0,1,0,0,12,Simulect,Tac,MPA,NA,47,43,Yes,No,No,NA,No,No,No,NA,Yes,Rejection while taking immunosuppressive drug(s),1,No,3,Simulect,Less than 60,Less than 24h,4.5,0,Neg,NO,0
273,2016,No,39,Female,Asian,GN,No,21,No,Living donor,49.77412731,Positive,Positive,Positive,NA,1,0,1,2,0,0,7,Simulect,Tac,MPA,More than 6mo,44,60,No,No,Yes,No,No,No,No,No,No,NA,NA,No,5.2,Simulect,Less than 60,Less than 24h,3.9000001,0,Neg,NO,5
274,2019,No,72,Female,White,GN,No,30,No,DBD,71.19780972,Negative,NA,Positive,NA,1,1,1,3,0,0,8,Simulect,Tac,MPA,Less than 6mo,34,54,No,No,No,No,No,No,No,No,No,NA,NA,No,2.9,Simulect,60 and above,Less than 24h,7.1999998,0,Neg,NO,0
275,2017,No,42,Male,Asian,Unknown,No,21,No,DCD,52.34223135,Positive,Positive,Positive,Positive,1,1,0,2,0,0,17,Simulect,Tac,MPA,Less than 6mo,28,32,Yes,No,No,No,No,No,No,No,No,NA,NA,No,4.6,Simulect,Less than 60,Less than 24h,4.1999998,0,Neg,NO,0
276,2019,No,61,Female,White,Other,No,29,No,DBD,75.41136208,Negative,Positive,Negative,NA,2,1,0,3,0,0,20,Simulect,Tac,MPA,NA,27,NA,No,No,No,NA,No,No,No,NA,No,NA,NA,No,3,Simulect,60 and above,Less than 24h,6.0999999,0,Neg,NO,0
277,2019,No,45,Male,White,DKD,Yes,19,No,Living donor,51.01711157,Positive,Positive,Negative,Positive,1,1,1,3,0,0,3,Simulect,Tac,MPA,NA,64,51,No,No,No,NA,No,No,No,NA,No,NA,NA,No,3,Simulect,Less than 60,Less than 24h,4.5,0,Neg,NO,0
278,2018,No,57,Male,Asian,DKD,Yes,32.2,No,DBD,79.37850787,Positive,Positive,Positive,NA,1,2,0,3,0,0,17,Simulect,Tac,MPA,More than 6mo,26,29,No,No,Yes,No,No,No,No,No,No,NA,NA,No,3.9,Simulect,Less than 60,Less than 24h,5.6999998,0,Neg,NO,31
279,2016,No,27,Male,Asian,Unknown,No,24.2,No,Living donor,47.4715948,Positive,NA,Positive,NA,1,1,1,3,0,0,4,Simulect,Tac,MPA,Less than 6mo,69,91,No,No,No,No,No,No,No,No,No,NA,NA,No,5.5,Simulect,Less than 60,Less than 24h,2.7,0,Neg,NO,0
280,2017,No,46,Male,White,ADPKD,No,34.1,Yes,Living donor,39.26351814,Positive,NA,Positive,Positive,0,0,0,0,0,0,3,Simulect,Tac,MPA,Less than 6mo,48,46,No,No,No,No,No,No,No,No,No,NA,NA,No,4.2,Simulect,Less than 60,Less than 24h,4.5999999,0,Neg,NO,0
281,2018,No,56,Male,Asian,DKD,Yes,26,No,DBD,54.74880219,Positive,Positive,Positive,NA,2,1,0,3,0,0,12,Simulect,Tac,MPA,Less than 6mo,49,42,No,No,No,NA,No,No,No,NA,No,NA,NA,No,4,Simulect,Less than 60,Less than 24h,5.5999999,0,Neg,NO,0
282,2018,No,46,Male,Black,Unknown,No,29,No,DCD,25.21013005,Negative,Positive,NA,NA,1,1,1,3,0,0,10,Simulect,Tac,MPA,NA,41,45,No,No,No,No,No,No,No,No,No,NA,NA,No,3,Simulect,Less than 60,Less than 24h,4.5999999,0,Neg,NO,0
283,2017,No,35,Male,White,DKD,Yes,28.4,No,Living donor,31.34565366,Negative,Positive,Negative,Negative,1,1,1,3,0,0,4,Simulect,Tac,Aza,Less than 6mo,69,59,No,No,No,No,No,No,No,No,No,NA,NA,No,4.5,Simulect,Less than 60,Less than 24h,3.5,0,Neg,NO,0
284,2019,No,45,Male,Asian,DKD,Yes,36,No,Living donor,31.71252567,Positive,Positive,Positive,Positive,1,1,1,3,0,0,5,Simulect,Tac,MPA,NA,49,NA,No,No,No,NA,No,No,No,NA,No,NA,NA,No,3,Simulect,Less than 60,Less than 24h,4.5,0,Neg,NO,0
285,2019,No,61,Female,Asian,DKD,Yes,20,No,DBD,70.275154,Positive,Positive,Positive,Positive,1,1,1,3,0,0,18,Simulect,Tac,NA,NA,38,NA,No,No,Yes,NA,No,No,No,NA,No,NA,NA,No,3,Simulect,60 and above,Less than 24h,6.0999999,0,Neg,NO,30
286,2019,No,32,Male,Black,Other,No,NA,No,DBD,34.20670773,Positive,NA,Negative,NA,0,1,0,1,0,0,23,Simulect,Tac,MPA,NA,60,NA,Yes,No,No,NA,No,No,No,NA,No,NA,NA,No,3,Simulect,Less than 60,Less than 24h,3.2,0,Neg,NO,0
287,2019,No,40,Male,Asian,Other,No,36,No,DBD,51.35386721,Positive,Positive,Negative,Positive,2,1,1,4,0,0,23,Simulect,Tac,MPA,NA,43,NA,No,No,No,NA,No,No,No,NA,No,NA,NA,No,3,Simulect,Less than 60,Less than 24h,4,0,Neg,NO,0
288,2017,No,55,Male,White,DKD,Yes,31.6,No,DCD,68.69267625,Positive,Positive,Negative,Positive,1,2,0,3,0,0,13,Simulect,Tac,MPA,Less than 6mo,35,41,No,No,No,No,No,No,No,No,No,NA,NA,No,4.2,Simulect,Less than 60,Less than 24h,5.5,0,Neg,NO,0
289,2019,No,40,Female,Black,GN,No,27,Yes,DBD,63.90417522,Positive,Positive,Negative,Positive,1,2,0,3,0,0,22,Simulect,Tac,MPA,NA,49,NA,Yes,No,No,NA,No,No,No,NA,No,NA,NA,No,3,Simulect,Less than 60,Less than 24h,4,0,Neg,NO,0
290,2018,No,67,Male,White,Other,Yes,31,No,DCD,72.75564682,Positive,Positive,Positive,Positive,0,1,1,2,0,1,13,Simulect,Tac,NA,Less than 6mo,NA,NA,Yes,No,No,No,No,Yes,Yes,No,Yes,Rejection while taking immunosuppressive drug(s),1,No,0.044,Simulect,60 and above,Less than 24h,6.6999998,0,Neg,NO,43
291,2019,No,54,Female,White,Other,No,35,No,DCD,59.93702943,Positive,Positive,Negative,Positive,2,1,1,4,0,0,11,Simulect,Tac,MPA,More than 6mo,47,65,Yes,No,No,No,No,No,No,No,No,NA,NA,No,2.9,Simulect,Less than 60,Less than 24h,5.4000001,0,Neg,NO,0
292,2017,No,29,Male,Other,GN,No,22.5,Yes,DBD,53.47296372,Negative,Positive,Positive,NA,1,1,0,2,0,0,11,Simulect,Tac,MPA,Less than 6mo,63,55,Yes,No,No,No,No,No,No,No,No,NA,NA,No,4.2,Simulect,Less than 60,Less than 24h,2.9000001,0,Neg,NO,0
293,2019,No,69,Male,White,DKD,Yes,30,Yes,DCD,44,Negative,Positive,Positive,Positive,2,1,0,3,0,0,12,Simulect,Tac,MPA,NA,87,60,No,No,No,NA,No,No,No,NA,No,NA,NA,No,3,Simulect,60 and above,Less than 24h,6.9000001,0,Neg,NO,0
294,2019,No,56,Male,Asian,DKD,Yes,29,Yes,DCD,39.46885695,Positive,Positive,Positive,Positive,2,1,1,4,0,0,16,Simulect,Tac,MPA,Less than 6mo,70,NA,No,No,No,NA,No,No,No,NA,No,NA,NA,No,3,Simulect,Less than 60,Less than 24h,5.5999999,0,Neg,NO,0
295,2018,No,30,Male,White,Unknown,No,20.8,Yes,Living donor,24.09308693,Negative,NA,Negative,Negative,1,1,1,3,0,0,4,Simulect,Tac,MPA,Less than 6mo,52,61,No,No,No,No,No,No,No,No,No,NA,NA,No,3.8,Simulect,Less than 60,Less than 24h,3,0,Neg,NO,0
296,2019,No,62,Male,White,DKD,Yes,29,Yes,DCD,46.33812457,Positive,Positive,Negative,Positive,1,2,1,4,0,0,20,Simulect,Tac,MPA,NA,33,40,No,No,No,NA,No,No,No,NA,No,NA,NA,No,3,Simulect,60 and above,Less than 24h,6.1999998,0,Neg,NO,0
297,2019,No,63,Female,White,DKD,Yes,28,No,DBD,40.19164956,Positive,Positive,Positive,Positive,2,1,1,4,0,0,9,Simulect,Tac,MPA,Less than 6mo,28,NA,Yes,No,No,No,No,No,No,No,No,NA,NA,No,2.5,Simulect,60 and above,Less than 24h,6.3000002,0,Neg,NO,0
298,2019,No,19,Female,White,GN,No,19,No,DBD,29.14442163,Negative,Positive,Negative,NA,1,0,1,2,0,0,15,Simulect,Tac,MPA,NA,77,NA,No,No,No,NA,No,No,No,NA,No,NA,NA,No,3,Simulect,Less than 60,Less than 24h,1.9,0,Neg,NO,0
299,2019,No,36,Female,White,Other,No,20,No,DBD,52.61601643,Negative,Positive,Positive,NA,1,1,0,2,0,0,21,Simulect,Tac,MPA,Less than 6mo,38,NA,No,No,Yes,No,No,No,No,No,No,NA,NA,No,2.9,Simulect,Less than 60,Less than 24h,3.5999999,0,Neg,NO,6
300,2016,No,40,Male,White,GN,No,27,No,DCD,57.15811088,Positive,Positive,Negative,NA,0,0,0,0,0,0,22,Simulect,Tac,MPA,NA,39,32,Yes,No,No,No,No,No,No,NA,No,NA,NA,No,6,Simulect,Less than 60,Less than 24h,4,0,Neg,NO,0
301,2014,No,57,Female,White,Reflux/CPN,No,NA,Yes,Living donor,55.75085558,Negative,NA,Negative,NA,1,2,1,5,0,NA,6,Simulect,Tac,MPA,More than 6mo,21,40,No,No,No,Yes,No,No,No,No,No,NA,NA,No,7.1,Simulect,Less than 60,Less than 24h,5.6999998,0,Neg,Yes,54
302,2014,Yes,24,Female,White,GN,No,35,No,DBD,25.04859685,Positive,NA,Negative,NA,0,0,0,0,0,NA,7,Simulect,Tac,MPA,More than 6mo,59,62,No,No,No,No,No,No,No,No,Yes,Rejection while taking immunosuppressive drug(s),1,No,2.2,Simulect,Less than 60,Less than 24h,2.4000001,0,Neg,Yes,73
303,2015,No,60,Male,White,ADPKD,No,25.9,No,DCD,56.15058179,Positive,NA,Negative,NA,0,1,1,2,0,0,15,Simulect,Tac,MPA,Less than 6mo,28,35,No,No,Yes,No,No,No,No,No,No,NA,NA,No,6.1,Simulect,60 and above,Less than 24h,6,0,Neg,Yes,0
304,2016,No,27,Male,White,Other,No,26.8,Yes,Living donor,59.33196441,Negative,NA,Negative,NA,0,1,1,2,0,0,4,Simulect,other,Aza,Less than 6mo,24,46,No,No,No,No,No,No,No,No,No,NA,NA,No,5.9,Simulect,Less than 60,Less than 24h,2.7,0,Neg,Yes,0
305,2015,No,18,Female,Asian,Other,No,25.9,Yes,DBD,15.45516769,Negative,NA,Positive,NA,2,1,1,4,0,0,9,Simulect,Tac,MPA,Less than 6mo,94,104,No,No,Yes,No,No,No,No,No,No,NA,NA,No,6.9,Simulect,Less than 60,Less than 24h,1.8,0,Neg,Yes,0
306,2014,No,30,Male,Asian,Other,No,21.8,No,DBD,33.38261465,Negative,NA,Negative,NA,1,1,1,3,0,NA,10,Simulect,Tac,MPA,Less than 6mo,87,98,No,No,No,No,No,No,No,No,No,NA,NA,No,7.3,Simulect,Less than 60,Less than 24h,3,0,Neg,Yes,0
307,2018,No,45,Female,Black,Reflux/CPN,No,25.9,No,DBD,29.49760438,Negative,Positive,Positive,NA,0,0,0,0,0,1,15,Simulect,Tac,MPA,More than 6mo,57,77,No,No,Yes,Yes,No,No,No,No,No,NA,NA,No,3.8,Simulect,Less than 60,Less than 24h,4.5,0,Neg,Yes,97
308,2016,No,47,Male,Black,ADPKD,No,29.6,No,DBD,32.45448323,Positive,Positive,Negative,NA,1,1,1,3,0,0,23,Simulect,Cyc,MPA,More than 6mo,53,57,Yes,No,No,No,No,No,No,No,No,NA,NA,No,5.1,Simulect,Less than 60,Less than 24h,4.6999998,0,Neg,Yes,0
309,2014,No,50,Male,White,ADPKD,No,30.6,Yes,DBD,55.31827515,Positive,NA,Positive,NA,1,1,0,2,0,NA,7,Simulect,Tac,MPA,Less than 6mo,36,43,No,No,No,Yes,No,No,No,No,Yes,Rejection while taking immunosuppressive drug(s),1,No,6,Simulect,Less than 60,Less than 24h,5,0,Neg,Yes,0
310,2018,No,30,Female,Asian,GN,No,31.3,Yes,DBD,53.83162218,Negative,Positive,Positive,Positive,2,1,1,4,0,0,18,Simulect,Tac,MPA,Less than 6mo,94,NA,No,No,No,Yes,No,No,No,No,No,NA,NA,No,2.3,Simulect,Less than 60,Less than 24h,3,0,Neg,Yes,33
311,2017,No,34,Male,White,Unknown,No,30,Yes,DBD,50.00136893,Positive,Positive,Positive,NA,2,1,1,4,0,1,29,Simulect,Tac,MPA,Less than 6mo,33,10,No,No,No,Yes,No,No,No,No,Yes,Rejection while taking immunosuppressive drug(s),1,No,1.2,Simulect,Less than 60,more than 24h,3.4000001,0,Neg,Yes,42
312,2017,No,42,Female,Asian,Reflux/CPN,No,28.9,No,DBD,22.46954141,Positive,NA,NA,NA,0,1,1,2,0,1,21,Simulect,Tac,MPA,Less than 6mo,91,71,No,No,No,No,No,No,No,No,No,NA,NA,No,4.1,Simulect,Less than 60,Less than 24h,4.1999998,0,Neg,Yes,99
313,2015,No,35,Female,Black,Other,No,23.9,No,Living donor,51.9890486,Positive,NA,NA,NA,1,1,2,4,0,0,5,Simulect,Tac,MPA,More than 6mo,79,56,No,Yes,No,Yes,No,No,No,No,No,NA,NA,No,5.6,Simulect,Less than 60,Less than 24h,3.5,0,Neg,Yes,39
314,2015,No,20,Female,White,Other,No,30.3,No,Living donor,43.71800137,Positive,NA,Positive,NA,1,1,1,3,0,1,4,Simulect,Tac,MPA,More than 6mo,76,NA,No,No,No,Yes,No,No,No,No,Yes,Rejection while taking immunosuppressive drugs,1,No,1.2,Simulect,Less than 60,Less than 24h,2,0,Neg,Yes,58
315,2017,No,50,Male,White,GN,No,26,No,DBD,65.57152635,Positive,Positive,Negative,NA,2,1,1,4,0,0,21,Simulect,Tac,MPA,NA,32,34,No,No,No,NA,No,Yes,Yes,NA,No,NA,NA,No,4,Simulect,Less than 60,Less than 24h,5,0,Neg,Yes,0
316,2019,No,42,Female,White,GN,No,33,No,DBD,62.33538672,Positive,Positive,Negative,Positive,1,2,1,4,0,1,19,Simulect,Tac,MPA,NA,41,NA,No,No,No,NA,Yes,No,Yes,NA,No,NA,NA,No,3,Simulect,Less than 60,Less than 24h,4.1999998,0,Neg,Yes,95
317,2017,No,52,Male,Asian,DKD,Yes,33,No,DBD,52.3449692,Positive,Positive,Positive,Positive,1,1,1,3,0,0,14,Simulect,Tac,MPA,NA,81,92,No,No,No,NA,No,No,No,NA,Yes,Rejection while taking immunosuppressive drugs,1,No,4,Simulect,Less than 60,Less than 24h,5.1999998,0,Neg,Yes,0
318,2019,No,64,Male,Asian,DKD,Yes,35,Yes,DCD,55.70157426,Positive,Positive,Negative,Positive,2,1,0,3,0,0,15,Simulect,Tac,MPA,NA,48,NA,No,No,No,NA,No,No,No,NA,No,NA,NA,No,3,Simulect,60 and above,Less than 24h,6.4000001,0,Neg,Yes,0
319,2018,No,38,Male,White,DKD,Yes,28.3,No,Living donor,37.48665298,Positive,Positive,Positive,Positive,2,2,2,6,0,0,4,Simulect,Tac,MPA,More than 6mo,38,42,No,No,Yes,Yes,No,No,No,No,No,NA,NA,No,3.9,Simulect,Less than 60,Less than 24h,3.8,0,Neg,Yes,0
320,2019,No,47,Male,Asian,Reflux/CPN,No,24,Yes,Living donor,28.79397673,Positive,Positive,Positive,Positive,2,2,2,6,0,0,5,Simulect,Tac,MPA,NA,54,NA,No,No,No,NA,No,No,No,NA,No,NA,NA,No,3,Simulect,Less than 60,Less than 24h,4.6999998,0,Neg,Yes,0
324,2016,Yes,55,Female,White,Reflux/CPN,No,17.36,No,DBD,NA,Negative,Negative,Positive,Positive,1,0,0,1,0,NA,16,Campath,Tac,MPA,Less than 6mo,46,43,No,No,No,No,No,No,No,No,No,NA,NA,No,5.333333333,Campath,Less than 60,more than 24h,5.5,1,Neg,NO ,98
326,2015,No,40,Female,White,Reflux/CPN,No,30.6,Yes,DCD,NA,Positive,Positive,Negative,Positive,2,2,0,4,0,0,13,Campath,Tac,MPA,Less than 6mo,27,46,No,No,No,No,No,No,No,No,No,NA,NA,No,6.416666667,Campath,Less than 60,Less than 24h,4,1,Neg,NO ,0
327,2015,Yes,42,Female,White,DKD,No,28.3,No,Living donor,NA,Negative,NA,Positive,NA,0,0,0,0,0,NA,1,Campath,Tac,MPA,Less than 6mo,76,70,No,No,No,No,No,No,No,No,No,NA,NA,No,6.833333333,Campath,Less than 60,more than 24h,4.1999998,1,Neg,NO ,96
328,2015,No,63,Female,White,Other,No,30.5,No,Living donor,NA,Positive,Positive,Positive,Positive,2,1,1,4,0,0,7,Campath,Tac,MPA,Less than 6mo,25,33,No,No,No,No,No,No,No,No,Yes,cai,NA,No,4.5,Campath,60 and above,Less than 24h,6.3000002,1,Neg,Yes,37
330,2016,No,38,Female,White,GN,No,25.5,No,Living donor,39,Negative,Positive,Positive,Positive,1,1,1,3,0,NA,4,Campath,Tac,MPA,Less than 6mo,54,55,No,No,No,No,No,No,No,No,No,NA,NA,No,5.666666667,Campath,Less than 60,Less than 24h,3.8,1,Neg,NO ,7
331,2017,No,59,Female,White,DKD,No,24.43,No,DCD,59,Positive,Positive,Positive,Positive,1,1,0,2,0,NA,14,Campath,Tac,MPA,Less than 6mo,29,33,Yes,No,Yes,No,No,No,No,No,No,NA,NA,No,4.833333333,Campath,Less than 60,Less than 24h,5.9000001,1,Neg,NO ,21
332,2017,Yes,54,Male,White,Reflux/CPN,No,24.46,No,DBD,51,Negative,Positive,Positive,Positive,1,1,0,2,0,NA,14,Campath,Tac,MPA,Less than 6mo,52,49,Yes,No,No,No,No,No,No,No,No,NA,NA,No,4.083333333,Campath,Less than 60,Less than 24h,5.4000001,1,Neg,NO ,0
333,2017,Yes,55,Female,White,Reflux/CPN,No,34.47,No,Living donor,NA,Negative,Positive,Positive,Positive,0,0,0,0,0,NA,4,Campath,Tac,MPA,Less than 6mo,61,63,Yes,No,No,No,No,No,No,7,No,NA,NA,No,4.5,Campath,Less than 60,Less than 24h,5.5,1,Neg,NO ,0
335,2017,No,62,Female,White,GN,No,25.03,No,DCD,NA,Positive,Positive,Positive,Positive,2,1,1,4,0,NA,14,Campath,Tac,MPA,Less than 6mo,37,29,Yes,No,Yes,No,No,No,No,No,No,NA,NA,No,4.166666667,Campath,60 and above,Less than 24h,6.1999998,1,Neg,NO ,0
336,2017,No,67,Male,White,Other,No,30.47,No,Living donor,65,Positive,Positive,Positive,Positive,1,1,2,4,0,NA,15,Campath,Tac,MPA,Less than 6mo,50,49,No,No,No,No,No,No,No,No,No,NA,NA,No,4.916666667,Campath,60 and above,Less than 24h,6.6999998,1,Neg,NO ,0
337,2016,No,48,Female,White,ADPKD,No,35.26,No,DCD,NA,Negative,Negative,Negative,Positive,1,1,1,3,0,NA,18,Campath,Tac,MPA,Less than 6mo,26,43,No,Yes,No,No,No,No,No,No,No,NA,NA,No,5.666666667,Campath,Less than 60,Less than 24h,4.8000002,1,Neg,NO ,71
338,2015,No,51,Female,White,ADPKD,No,21,Yes,Living donor,NA,Negative,NA,Negative,Positive,2,1,1,4,0,0,6,Campath,Tac,MPA,Less than 6mo,35,32,Yes,No,No,Yes,No,No,No,No,No,NA,NA,No,6.083333333,Campath,Less than 60,Less than 24h,5.0999999,1,Neg,NO ,94
340,2015,No,55,Female,White,ADPKD,No,28.6,No,DCD,NA,Negative,Positive,Positive,Positive,1,1,1,3,0,0,14,Campath,Tac,MPA,Less than 6mo,61,78,No,No,No,No,No,No,No,No,No,NA,NA,No,6.416666667,Campath,Less than 60,Less than 24h,5.5,1,Neg,NO ,9
344,2016,No,41,Male,White,GN,No,22.66,No,DCD,NA,Positive,Positive,Negative,Positive,1,1,1,3,0,NA,23,Campath,Tac,MPA,Less than 6mo,17,12,Yes,No,Yes,No,No,No,No,4,Yes,unknown,3,No,1.5,Campath,Less than 60,more than 24h,4.0999999,1,Neg,Yes,59
345,2016,No,58,Female,White,ADPKD,No,31.48,No,DCD,NA,Negative,Negative,Negative,Positive,2,1,0,3,0,NA,11,Campath,Tac,MPA,Less than 6mo,47,53,No,No,No,No,No,No,No,No,No,NA,NA,No,5.416666667,Campath,Less than 60,more than 24h,5.8000002,1,Neg,NO ,0
346,2015,Yes,45,Male,White,Other,Yes,31,Yes,Living donor,48,Positive,NA,Positive,NA,1,1,1,3,0,NA,4,Campath,Tac,MPA,Less than 6mo,48,NA,No,No,No,No,No,No,No,No,No,NA,NA,No,6.25,Campath,Less than 60,Less than 24h,4.5,1,Neg,Yes,90
348,2015,Yes,27,Female,White,Reflux/CPN,No,23,No,Living donor,NA,Negative,Positive,Positive,Positive,1,1,1,3,0,1,4,Campath,Tac,MPA,Less than 6mo,42,52,No,No,No,No,No,No,No,No,No,NA,NA,No,6.416666667,Campath,Less than 60,Less than 24h,2.7,1,Neg,NO ,99
351,2017,No,53,Male,White,GN,No,27.07,Yes,Living donor,NA,Negative,Positive,Negative,Positive,0,2,1,3,0,NA,4,Campath,Tac,MPA,Less than 6mo,64,69,No,No,No,No,No,No,No,No,No,NA,NA,No,4.75,Campath,Less than 60,more than 24h,5.3000002,1,Neg,Yes,37
352,2017,No,68,Male,White,GN,No,25.79,No,DCD,59,Positive,Positive,Negative,Positive,1,1,1,3,0,NA,9,Campath,Tac,MPA,Less than 6mo,28,33,Yes,Yes,No,No,No,No,No,5,No,NA,NA,Yes,4.083333333,Campath,60 and above,Less than 24h,6.8000002,1,Neg,NO ,0
356,2016,No,40,Female,White,Reflux/CPN,No,21.36,No,Living donor,68,Negative,Positive,Negative,Positive,1,1,2,4,0,NA,12,Campath,Tac,MPA,Less than 6mo,34,25,No,No,No,No,No,No,No,No,No,NA,NA,No,5.166666667,Campath,Less than 60,Less than 24h,4,1,Neg,NO ,83
357,2015,No,49,Female,White,Other,No,24.8,Yes,DCD,NA,Negative,Positive,Negative,Positive,2,1,1,4,0,0,12,Campath,Tac,MPA,Less than 6mo,49,47,No,No,No,No,No,No,No,No,Yes,NA,NA,No,6,Campath,Less than 60,Less than 24h,4.9000001,1,Neg,NO ,0
358,2017,No,51,Male,White,GN,No,30.72,No,DCD,NA,Negative,Positive,Positive,Positive,2,1,1,4,0,NA,19,Campath,Tac,MPA,Less than 6mo,32,47,No,Yes,Yes,No,No,No,No,No,No,NA,NA,No,4.833333333,Campath,Less than 60,Less than 24h,5.0999999,1,Neg,NO ,0
359,2017,No,70,Male,White,Other,No,25.4,No,DCD,72,Negative,Positive,Negative,Positive,1,1,1,3,0,NA,12,Campath,Tac,MPA,Less than 6mo,59,67,No,No,No,No,No,No,No,No,No,NA,NA,No,4.833333333,Campath,60 and above,Less than 24h,7,1,Neg,NO ,0
363,2015,No,58,Male,Asian,Other,No,22,No,DCD,NA,Negative,Positive,Positive,Positive,1,1,1,3,0,0,11,Campath,Tac,MPA,Less than 6mo,70,79,No,No,No,No,No,No,No,No,No,NA,NA,No,6.083333333,Campath,Less than 60,Less than 24h,5.8000002,1,Neg,NO,0
366,2015,No,50,Female,White,DKD,No,33.9,No,Living donor,53,Positive,Positive,Positive,Positive,1,2,1,4,0,0,4,Campath,Tac,MPA,Less than 6mo,51,54,No,No,No,No,No,No,No,No,No,NA,NA,Yes,4.916666667,Campath,Less than 60,Less than 24h,5,1,Neg,Yes,58
367,2016,No,49,Female,White,Reflux/CPN,No,27.55,No,DBD,NA,Positive,Negative,Positive,Positive,0,0,0,0,0,NA,11,Campath,Tac,MPA,Less than 6mo,50,48,Yes,No,No,No,No,No,No,No,No,NA,NA,No,5.916666667,Campath,Less than 60,more than 24h,4.9000001,1,Pos,NO ,62
368,2017,Yes,57,Male,White,Other,No,29.07,No,DCD,28,Negative,Positive,Positive,Positive,2,1,0,3,0,NA,14,Campath,Tac,MPA,Less than 6mo,68,66,No,No,No,No,No,No,No,No,No,NA,NA,No,4.5,Campath,Less than 60,Less than 24h,5.6999998,1,Neg,NO ,0
369,2017,No,30,Female,White,GN,No,27.9,No,Living donor,31,Positive,Positive,Positive,Positive,0,1,1,2,0,NA,5,Campath,Tac,MPA,Less than 6mo,38,73,No,No,No,No,No,No,No,No,No,NA,NA,No,4.333333333,Campath,Less than 60,Less than 24h,3,1,Neg,NO ,97
370,2015,No,50,Female,White,GN,No,23.3,No,Living donor,29,Positive,Positive,Positive,Positive,1,1,1,3,0,1,3,Campath,Tac,MPA,Less than 6mo,41,51,No,No,Yes,No,No,No,No,No,No,NA,NA,No,5.916666667,Campath,Less than 60,Less than 24h,5,1,Pos,Yes,95
371,2017,No,31,Female,White,GN,Yes,28.87,No,DBD,NA,Negative,Positive,Negative,Positive,0,0,0,0,0,NA,17,Campath,Tac,MPA,Less than 6mo,14,NA,Yes,No,No,Yes,No,Yes,Yes,No,Yes,ptgn,3,No,0.666666667,Campath,Less than 60,Less than 24h,3.0999999,1,Neg,NO ,98
372,2017,Yes,68,Male,White,DKD,No,26.98,No,DCD,NA,Positive,Positive,Negative,Positive,1,0,1,2,0,NA,13,Campath,Tac,MPA,Less than 6mo,17,19,No,No,No,No,No,No,No,No,No,NA,NA,No,4.583333333,Campath,60 and above,Less than 24h,6.8000002,1,Neg,NO,0
373,2015,No,70,Female,White,Reflux/CPN,No,30.85,No,DCD,NA,Positive,Positive,Negative,Positive,2,1,1,4,0,NA,17,Campath,Tac,MPA,Less than 6mo,36,38,No,No,No,No,No,No,No,No,No,NA,NA,No,6.833333333,Campath,60 and above,more than 24h,7,1,Neg,NO ,21
375,2016,Yes,54,Male,White,ADPKD,No,25.28,No,DCD,NA,Negative,Positive,Negative,Positive,1,1,0,2,0,NA,8,Campath,Tac,MPA,Less than 6mo,35,38,No,No,No,No,No,No,No,No,No,NA,NA,No,5.333333333,Campath,Less than 60,more than 24h,5.4000001,1,Neg,NO ,0
376,2016,No,72,Male,White,Unknown,No,29.15,No,DCD,NA,Positive,Positive,Negative,Positive,2,2,0,4,0,NA,14,Campath,Tac,MPA,Less than 6mo,64,74,Yes,No,Yes,No,No,No,No,Yes,No,NA,NA,No,5.583333333,Campath,60 and above,more than 24h,7.1999998,1,Neg,NO ,0
377,2015,No,34,Female,White,GN,No,27.59,No,DBD,NA,NA,NA,NA,NA,1,1,0,2,0,NA,16,Campath,Tac,MPA,Less than 6mo,37,NA,Yes,No,No,Yes,No,No,No,No,Yes,other,3,No,0.666666667,Campath,Less than 60,more than 24h,3.4000001,1,Neg,NO ,94
378,2016,No,49,Male,White,GN,Yes,29.3,No,DCD,NA,Negative,Positive,Positive,Positive,0,0,0,0,0,0,27,Campath,Tac,MPA,Less than 6mo,43,50,No,No,No,No,No,No,No,No,No,NA,NA,No,5.666666667,Campath,Less than 60,more than 24h,4.9000001,1,Neg,NO ,97
380,2017,Yes,44,Female,White,DKD,No,34,Yes,Living donor,45,Negative,Positive,Negative,Positive,2,1,0,3,0,NA,6,Campath,Tac,MPA,Less than 6mo,55,54,No,No,No,No,No,No,No,No,No,NA,NA,No,4.75,Campath,Less than 60,Less than 24h,4.4000001,1,Neg,Yes,29
381,2016,No,56,Male,White,Other,No,21.57,No,DCD,51,Negative,Positive,Positive,Positive,2,1,1,4,0,NA,14,Campath,Tac,MPA,Less than 6mo,33,34,No,No,No,No,No,No,No,No,No,NA,NA,No,5,Campath,Less than 60,Less than 24h,5.5999999,1,Neg,NO ,2
382,2014,No,48,Female,Other,GN,No,25.4,Yes,Living donor,25,Positive,Positive,Positive,Positive,1,1,1,3,0,0,4,Campath,Tac,MPA,Less than 6mo,71,71,No,No,No,No,No,No,No,No,No,NA,NA,No,6.916666667,Campath,Less than 60,Less than 24h,4.8000002,1,Neg,Yes,1
383,2015,No,31,Male,White,Unknown,No,NA,No,DCD,NA,Negative,Positive,Positive,Positive,1,1,1,3,0,NA,26,Campath,Tac,MPA,Less than 6mo,72,72,No,No,No,No,No,No,No,No,No,NA,NA,No,6.5,Campath,Less than 60,more than 24h,3.0999999,1,Pos,Yes,97
385,2018,No,50,Female,White,DKD,NA,29.3,No,DBD,70,Positive,Positive,Positive,Positive,2,2,0,4,0,NA,18,Campath,Tac,MPA,Less than 6mo,17,29,No,No,No,No,No,No,No,No,No,NA,NA,No,0,Campath,Less than 60,Less than 24h,5,1,Neg,NO,88
386,2017,No,31,Male,Black,GN,No,35.56,No,DBD,29,Negative,Positive,Positive,Positive,2,1,1,4,0,NA,11,Campath,Tac,MPA,Less than 6mo,60,59,No,No,Yes,No,No,No,No,No,No,NA,NA,No,4.916666667,Campath,Less than 60,Less than 24h,3.0999999,1,Neg,,0
387,2015,No,47,Male,White,Other,No,29,No,Living donor,40,Negative,Positive,Positive,Positive,2,1,1,4,0,0,5,Campath,Tac,MPA,Less than 6mo,31,47,No,No,Yes,Yes,No,No,No,No,No,NA,NA,No,6.333333333,Campath,Less than 60,Less than 24h,4.6999998,1,Neg,NO,10
389,2016,No,57,Male,White,Other,No,33.22,No,Living donor,NA,Positive,Positive,Negative,Positive,2,2,2,6,0,NA,4,Campath,Tac,MPA,Less than 6mo,42,41,No,No,No,No,Yes,No,Yes,No,Yes,ptgn,3,No,4.833333333,Campath,Less than 60,more than 24h,5.6999998,1,Neg,NO,0
390,2017,Yes,51,Male,White,DKD,No,30.45,No,DBD,71,Positive,Positive,Negative,Positive,1,0,0,1,0,NA,13,Campath,Tac,MPA,Less than 6mo,51,62,Yes,No,No,No,No,No,No,No,No,NA,NA,No,4.833333333,Campath,Less than 60,Less than 24h,5.0999999,1,Neg,NO,19
391,2016,No,25,Female,White,Other,Yes,22.77,No,Living donor,NA,Negative,Positive,Positive,Positive,1,1,0,2,0,NA,9,Campath,Tac,MPA,Less than 6mo,50,28,No,No,No,No,No,No,No,No,No,NA,NA,No,5.083333333,Campath,Less than 60,more than 24h,2.5,1,Neg,NO,99
393,2017,No,61,Male,White,DKD,No,21.39,No,DCD,45,Positive,Positive,Positive,Positive,1,1,0,2,0,NA,5,Campath,Tac,MPA,Less than 6mo,53,73,No,No,No,No,No,No,No,No,No,NA,NA,No,4.083333333,Campath,60 and above,Less than 24h,6.0999999,1,Neg,NO,0
395,2016,NA,50,Male,White,Other,No,37.35,No,DBD,NA,Positive,Positive,Positive,Positive,1,1,0,2,0,NA,13,Campath,Tac,MPA,Less than 6mo,44,42,No,No,No,Yes,No,No,No,No,No,NA,NA,No,5.916666667,Campath,Less than 60,more than 24h,5,1,Neg,NO,32
396,2014,No,28,Female,White,DKD,Yes,23.7,No,Living donor,56,Positive,Positive,Negative,Positive,1,1,0,2,0,1,4,Campath,Tac,MPA,Less than 6mo,67,22,No,No,No,No,No,No,No,No,No,CVD,NA,Yes,6.416666667,Campath,Less than 60,Less than 24h,2.8,1,Pos,NO,54
399,2014,No,24,Male,White,Reflux/CPN,No,21.7,Yes,Living donor,56,Negative,Positive,Negative,Positive,1,1,1,3,1,0,3,Campath,Tac,MPA,Less than 6mo,46,59,No,No,Yes,Yes,No,No,No,No,No,NA,NA,No,7.5,Campath,Less than 60,Less than 24h,2.4000001,1,Neg,NO,0
400,2015,No,60,Female,White,GN,No,33.6,No,Living donor,33,Positive,Positive,Positive,Positive,1,1,1,3,0,0,4,Campath,Tac,MPA,Less than 6mo,57,15,No,No,No,No,No,Yes,Yes,No,Yes,RGN,NA,No,2,Campath,60 and above,Less than 24h,6,1,Neg,NO,1
401,2015,No,56,Female,White,GN,Yes,20.53,No,DCD,NA,Positive,NA,Negative,NA,2,1,1,4,0,NA,13,Campath,Tac,MPA,Less than 6mo,35,27,No,No,Yes,No,No,No,No,No,No,NA,NA,Yes,1.833333333,Campath,Less than 60,more than 24h,5.5999999,1,Neg,NO,0
402,2015,No,55,Male,White,GN,No,27.4,No,Living donor,NA,Positive,NA,Negative,Positive,2,2,2,6,0,NA,5,Campath,Tac,MPA,Less than 6mo,31,37,No,No,No,No,No,No,No,No,No,NA,NA,No,6.083333333,Campath,Less than 60,more than 24h,5.5,1,Neg,NO,0
403,2018,No,58,Female,White,ADPKD,No,22.3,No,Living donor,NA,Negative,Positive,Negative,Positive,1,0,1,2,0,1,8,Campath,Tac,Aza,Less than 6mo,37,54,No,No,No,No,No,No,No,No,No,NA,NA,No,3.75,Campath,Less than 60,Less than 24h,5.8000002,1,Neg,NO,99
405,2017,No,57,Male,White,ADPKD,No,24.22,No,Living donor,NA,Negative,Positive,Positive,Positive,1,2,2,4,0,NA,7,Campath,Tac,MPA,Less than 6mo,57,63,No,No,No,No,No,No,No,No,No,NA,NA,No,4.833333333,Campath,Less than 60,Less than 24h,5.6999998,1,Neg,NO,0
408,2017,No,79,Male,White,Other,No,26.4,No,DCD,57,Negative,Positive,Negative,Positive,0,0,0,0,0,NA,12,Campath,Tac,MPA,Less than 6mo,15,10,No,No,No,Yes,No,No,No,No,Yes,AR,1,No,1,Campath,60 and above,Less than 24h,7.9000001,1,Neg,NO,0
409,2016,No,24,Male,White,Reflux/CPN,No,23.08,Yes,Living donor,NA,Negative,Positive,Negative,Positive,0,0,0,0,0,NA,4,Campath,Tac,MPA,Less than 6mo,61,46,No,Yes,No,Yes,No,No,No,No,No,NA,NA,No,5.25,Campath,Less than 60,more than 24h,2.4000001,1,Neg,NO,37
411,2017,No,70,Male,White,Other,Yes,23.96,No,Living donor,NA,Positive,Positive,Positive,Positive,1,1,1,3,0,NA,3,Campath,Tac,MPA,Less than 6mo,50,69,No,No,No,No,No,No,No,No,No,NA,NA,No,4.916666667,Campath,60 and above,Less than 24h,7,1,Neg,NO,21
412,2016,No,71,Male,White,GN,No,27.77,No,DCD,NA,Positive,Positive,Positive,Positive,1,2,0,3,0,NA,8,Campath,Tac,MPA,Less than 6mo,18,12,Yes,Yes,No,No,No,No,No,5,No,NA,NA,Yes,0.666666667,Campath,60 and above,more than 24h,7.0999999,1,Neg,NO,0
413,2015,No,59,Male,White,ADPKD,No,27.35,No,DCD,NA,Negative,Positive,Negative,Positive,2,1,1,4,0,NA,12,Campath,Tac,MPA,Less than 6mo,38,35,No,No,No,No,No,No,No,No,No,NA,NA,No,6.833333333,Campath,Less than 60,more than 24h,5.9000001,1,Neg,NO,0
416,2015,No,51,Female,White,Other,No,30.8,No,DCD,NA,Negative,Positive,Negative,Positive,2,1,1,4,0,0,22,Campath,Tac,MPA,Less than 6mo,33,53,No,No,Yes,No,No,No,No,No,No,NA,NA,No,6.5,Campath,Less than 60,Less than 24h,5.0999999,1,Neg,NO,0
418,2015,No,50,Male,White,GN,No,20.8,No,DCD,NA,Negative,Positive,Negative,Positive,1,1,1,3,0,0,23,Campath,Tac,MPA,Less than 6mo,35,48,No,No,No,No,No,No,No,No,No,NA,NA,No,6.083333333,Campath,Less than 60,Less than 24h,5,1,Neg,NO,0
419,2017,NA,53,Male,White,GN,No,26.13,No,DBD,60,Positive,Positive,Positive,Positive,1,2,0,3,0,NA,17,Campath,Tac,MPA,Less than 6mo,47,56,Yes,No,No,No,No,No,No,No,No,NA,NA,No,4.083333333,Campath,Less than 60,Less than 24h,5.3000002,1,Neg,NO,0
421,2015,No,66,Male,White,GN,No,23.46,Yes,DCD,NA,Negative,NA,Negative,NA,1,1,1,3,0,NA,22,Campath,Tac,MPA,Less than 6mo,37,39,No,No,Yes,No,No,No,No,Yes,No,NA,NA,No,6.75,Campath,60 and above,more than 24h,6.5999999,1,Neg,NO,0
422,2015,No,66,Female,White,ADPKD,No,NA,No,DCD,NA,NA,NA,Positive,NA,2,1,1,4,0,NA,10,Campath,Tac,MPA,Less than 6mo,82,NA,NA,NA,NA,No,No,NA,No,No,No,NA,NA,No,6.416666667,Campath,60 and above,more than 24h,6.5999999,1,Neg,NO,0
423,2017,No,70,Male,White,GN,No,29.68,No,DCD,74,Positive,Positive,Positive,Positive,2,2,0,4,0,NA,15,Campath,Tac,MPA,Less than 6mo,23,32,No,No,No,No,No,No,No,Yes,No,NA,NA,No,4.083333333,Campath,60 and above,Less than 24h,7,1,Neg,NO,0
426,2015,No,57,Male,White,DKD,Yes,32.6,Yes,Living donor,33,Positive,Positive,Negative,Positive,0,1,1,2,0,1,3,Campath,Tac,MPA,Less than 6mo,69,80,No,No,No,No,No,No,No,No,No,NA,NA,No,5.916666667,Campath,Less than 60,Less than 24h,5.6999998,1,Neg,NO,0
428,2016,No,44,Female,White,Reflux/CPN,Yes,33.55,No,DCD,NA,Negative,Positive,Negative,Negative,0,1,1,2,0,NA,10,Campath,Tac,MPA,Less than 6mo,23,41,No,No,Yes,No,No,No,No,No,No,NA,NA,No,5.333333333,Campath,Less than 60,Less than 24h,4.4000001,1,Neg,NO,0
429,2018,NA,46,Male,White,Other,NA,32,No,DCD,19,Negative,Negative,Negative,Positive,1,1,1,3,1,NA,16,Campath,Tac,MPA,Less than 6mo,74,8,No,No,No,Yes,No,No,No,No,Yes,AR,NA,No,4,Campath,Less than 60,Less than 24h,4.5999999,1,Neg,NO,0
430,2018,No,70,Male,White,DKD,NA,23,NA,DCD,56,Positive,Positive,Negative,Positive,1,1,1,3,0,NA,9,Campath,Tac,MPA,Less than 6mo,78,43,Yes,Yes,No,No,No,No,No,No,No,NA,NA,Yes,1.75,Campath,60 and above,Less than 24h,7,1,Neg,NO,0
431,2016,No,52,Male,White,DKD,No,28.22,No,DCD,53,Negative,Positive,Negative,Positive,2,1,0,3,0,NA,13,Campath,Tac,MPA,Less than 6mo,41,53,No,No,No,No,No,No,No,No,Yes,Other,3,No,2.666666667,Campath,Less than 60,Less than 24h,5.1999998,1,Neg,NO,18
432,2017,No,57,Male,White,Other,Yes,29.41,No,Living donor,48,Negative,Positive,Positive,Positive,1,0,1,2,0,NA,12,Campath,Tac,MPA,Less than 6mo,76,64,No,No,Yes,No,No,No,No,No,No,NA,NA,No,4.916666667,Campath,Less than 60,Less than 24h,5.6999998,1,Neg,NO,8
435,2017,No,53,Male,White,GN,Yes,26.07,Yes,DBD,30,Positive,Positive,Positive,Positive,1,1,2,4,0,NA,15,Campath,Tac,MPA,Less than 6mo,65,70,No,No,No,No,No,No,No,No,No,NA,NA,No,4.75,Campath,Less than 60,Less than 24h,5.3000002,1,Neg,NO,0
436,2018,No,20,Female,Asian,Other,No,20,No,DCD,49,Negative,Positive,Negative,Positive,2,1,1,4,0,NA,13,Campath,Tac,MPA,Less than 6mo,34,19,No,No,No,Yes,No,No,No,No,Yes,AR,1,No,2.647501711,Campath,Less than 60,Less than 24h,2,1,Neg,NO,0
205,2014,No,31,Female,White,GN,No,30.9,No,Living donor,47.60301164,Negative,NA,Negative,NA,2,2,2,6,0,NA,4,Campath,Tac,MPA,More than 6mo,47,60,Yes,No,No,No,No,No,No,No,No,NA,NA,No,7,Campath,Less than 60,Less than 24h,3.0999999,1,Neg,NO,86
322,2017,No,49,Male,White,Other,No,30.47,Yes,Living donor,51,Positive,Positive,Negative,Positive,1,2,2,4,0,NA,15,Campath,Tac,MPA,Less than 6mo,31,37,No,No,No,No,No,No,No,No,No,NA,NA,No,4.75,Campath,Less than 60,Less than 24h,4.9000001,1,Neg,NO ,0
323,2017,Yes,46,Male,White,GN,No,26.85,No,Living donor,NA,Positive,Positive,Positive,Positive,1,2,0,3,0,NA,8,Campath,Tac,MPA,More than 6mo,45,40,No,No,No,No,No,No,No,No,No,NA,NA,No,4.666666667,Campath,Less than 60,Less than 24h,4.5999999,1,Neg,NO ,0
325,2017,Yes,41,Female,White,GN,Yes,15.7,No,Living donor,NA,Positive,Positive,Positive,Positive,0,0,0,0,0,NA,5,Campath,Tac,MPA,More than 6mo,53,49,No,No,No,No,No,No,No,No,No,NA,NA,No,4.666666667,Campath,Less than 60,Less than 24h,4.0999999,1,Neg,NO ,99
329,2015,No,43,Female,White,DKD,Yes,19,No,Living donor,66,Positive,Positive,Negative,Positive,1,1,1,3,0,0,3,Campath,Tac,None,More than 6mo,33,14,Yes,No,No,No,No,No,No,No,Yes,DKD,NA,No,1,Campath,Less than 60,Less than 24h,4.3000002,1,Neg,NO ,9
334,2016,No,58,Male,White,GN,No,34.94,No,DCD,NA,Positive,Negative,Negative,Positive,1,1,1,3,0,NA,9,Campath,Tac,MPA,Less than 6mo,39,25,Yes,No,No,Yes,No,No,No,No,No,NA,NA,No,5.916666667,Campath,Less than 60,more than 24h,5.8000002,1,Neg,NO ,0
339,2016,No,48,Male,White,DKD,No,31.56,No,DCD,NA,Positive,Positive,Negative,Positive,2,1,0,3,0,NA,15,Campath,Tac,MPA,Less than 6mo,28,26,Yes,Yes,Yes,Yes,No,No,No,No,No,NA,NA,No,5,Campath,Less than 60,more than 24h,4.8000002,1,Neg,NO ,0
341,2016,No,52,Female,White,GN,No,29.8,Yes,DBD,NA,Negative,Positive,Negative,Positive,2,1,0,3,0,0,16,Campath,Tac,MPA,More than 6mo,39,32,No,No,No,No,No,No,No,No,No,NA,NA,No,5.833333333,Campath,Less than 60,Less than 24h,5.1999998,1,Neg,NO ,0
342,2016,Yes,55,Male,White,Other,No,22.98,No,DCD,NA,Positive,Positive,Negative,Positive,2,1,0,3,0,NA,22,Campath,Tac,MPA,More than 6mo,34,44,Yes,Yes,No,No,No,No,No,3,No,NA,NA,Yes,1.666666667,Campath,Less than 60,more than 24h,5.5,1,Neg,NO ,77
343,2015,No,51,Female,White,Other,No,25.4,No,Living donor,NA,Negative,Positive,Positive,Positive,1,0,1,2,0,0,1,Campath,Tac,MPA,More than 6mo,49,51,No,No,No,No,No,No,No,Yes,No,NA,NA,No,5.916666667,Campath,Less than 60,Less than 24h,5.0999999,1,Neg,Yes,90
347,2015,No,71,Female,Asian,Reflux/CPN,No,19.95,No,Living donor,NA,Negative,NA,Positive,NA,0,1,1,2,0,NA,7,Campath,Tac,MPA,More than 6mo,53,52,No,Yes,No,No,No,No,No,No,No,NA,NA,No,6.75,Campath,60 and above,more than 24h,7.0999999,1,Neg,NO ,97
349,2017,No,58,Male,White,DKD,No,32.35,No,Living donor,28,Negative,Positive,Positive,Positive,0,0,0,0,1,NA,4,Campath,Tac,MPA,Less than 6mo,43,43,Yes,No,Yes,Yes,No,No,No,No,No,NA,NA,No,4.666666667,Campath,Less than 60,Less than 24h,5.8000002,1,Neg,NO ,48
350,2016,Yes,48,Male,White,Reflux/CPN,No,27.1,No,DBD,NA,Positive,Negative,Positive,Positive,0,1,0,1,1,NA,15,Campath,Tac,MPA,More than 6mo,21,15,Yes,No,Yes,Yes,No,No,No,5,Yes,unknown,3,No,2.916666667,Campath,Less than 60,more than 24h,4.8000002,1,Neg,NO ,36
353,2017,Yes,45,Male,Asian,Unknown,No,18.51,No,DBD,55,Positive,Positive,Positive,Positive,1,1,0,2,0,NA,14,Campath,Tac,MPA,More than 6mo,40,49,Yes,No,No,No,No,No,No,No,No,NA,NA,No,4.083333333,Campath,Less than 60,Less than 24h,4.5,1,Neg,NO ,0
354,2016,No,48,Male,White,Unknown,No,21.1,No,DBD,NA,Negative,Positive,Negative,Positive,0,0,0,0,0,NA,12,Campath,Tac,MPA,More than 6mo,31,34,No,No,No,No,No,No,No,No,No,NA,NA,Yes,4.833333333,Campath,Less than 60,Less than 24h,4.8000002,1,Neg,NO ,99
355,2015,No,62,Male,White,ADPKD,Yes,31.72,No,DCD,NA,Negative,NA,Positive,NA,0,1,1,2,0,NA,14,Campath,Tac,MPA,Less than 6mo,33,50,Yes,Yes,No,No,No,No,No,Yes,No,NA,NA,No,6.5,Campath,60 and above,more than 24h,6.1999998,1,Neg,NO ,0
360,2015,No,22,Female,White,GN,No,21.1,Yes,DCD,NA,Negative,Positive,Negative,Positive,2,1,1,4,0,NA,9,Campath,Tac,MPA,Less than 6mo,47,52,No,No,No,No,No,No,No,No,Yes,Other,3,No,6.083333333,Campath,Less than 60,more than 24h,2.2,1,Neg,NO ,0
361,2017,No,70,Male,White,ADPKD,No,31.4,No,DCD,64,Positive,Positive,Negative,Positive,1,2,0,3,0,NA,14,Campath,Tac,MPA,Less than 6mo,24,NA,Yes,No,No,No,No,No,No,No,Yes,Other,3,No,0.833333333,Campath,60 and above,Less than 24h,7,1,Neg,NO ,0
362,2015,Yes,47,Female,White,Other,No,22.8,No,DCD,NA,Negative,NA,Positive,NA,2,1,1,4,0,NA,14,Campath,Tac,MPA,More than 6mo,41,47,Yes,No,Yes,No,No,No,No,No,No,NA,NA,No,6,Campath,Less than 60,Less than 24h,4.6999998,1,Neg,NO ,4
364,2015,NA,31,Male,White,Other,Yes,32.81,No,Living donor,NA,Negative,NA,Negative,NA,0,0,0,0,1,NA,18,Campath,Tac,MPA,More than 6mo,43,42,No,No,No,Yes,No,No,No,No,No,NA,NA,No,6.75,Campath,Less than 60,more than 24h,3.0999999,1,Neg,NO,64
365,2015,Yes,35,Male,White,Other,No,22.7,No,DBD,NA,Negative,NA,Positive,Positive,0,0,0,0,0,NA,16,Campath,Tac,MPA,More than 6mo,44,50,No,No,No,Yes,No,No,No,No,No,AR,1,No,0,Campath,Less than 60,more than 24h,3.5,1,Neg,Yes,100
374,2016,No,28,Male,White,Reflux/CPN,No,29,No,DBD,NA,Positive,Positive,Positive,Positive,0,0,0,0,0,0,21,Campath,Tac,MPA,More than 6mo,50,40,No,No,No,No,No,No,No,No,No,NA,NA,No,5.666666667,Campath,Less than 60,Less than 24h,2.8,1,Neg,NO ,75
379,2016,Yes,29,Female,White,Other,Yes,37.36,No,Living donor,NA,Positive,Positive,Negative,Positive,1,1,1,3,0,NA,4,Campath,Tac,MPA,More than 6mo,40,35,Yes,Yes,No,No,No,No,No,No,No,NA,NA,No,5.166666667,Campath,Less than 60,more than 24h,2.9000001,1,Neg,NO ,60
384,2015,No,74,Male,White,GN,No,21,No,DBD,NA,Positive,NA,Positive,NA,0,1,1,2,0,NA,16,Campath,Tac,MPA,Less than 6mo,56,43,No,No,No,No,No,No,No,Yes,No,NA,NA,No,6.083333333,Campath,60 and above,more than 24h,7.4000001,1,Neg,NO,0
388,2018,No,28,Female,White,Reflux/CPN,NA,37,No,DBD,17,Negative,Negative,Negative,Negative,1,1,1,3,0,NA,15,Campath,Tac,MPA,More than 6mo,68,4,No,No,No,Yes,No,No,No,No,Yes,AR,NA,No,1,Campath,Less than 60,Less than 24h,2.8,1,Neg,NO,80
392,2017,No,59,Male,White,ADPKD,No,22.79,No,DCD,61,Positive,Positive,Positive,Positive,1,1,1,3,0,NA,14,Campath,Tac,MPA,More than 6mo,42,42,Yes,Yes,Yes,No,No,No,No,No,No,NA,NA,No,4.416666667,Campath,Less than 60,Less than 24h,5.9000001,1,Neg,NO,0
394,2017,No,72,Male,White,GN,No,23.8,No,DCD,29,Negative,Positive,Positive,Positive,2,2,2,6,0,NA,5,Campath,Tac,MPA,More than 6mo,59,63,Yes,No,No,No,No,No,No,No,No,NA,NA,No,4,Campath,60 and above,Less than 24h,7.1999998,1,Neg,NO,0
397,2016,No,58,Male,White,Other,No,31.7,No,DCD,NA,Negative,Positive,Negative,Positive,2,1,0,3,0,0,23,Campath,Tac,MPA,Less than 6mo,29,45,No,No,Yes,No,No,No,No,No,No,NA,NA,No,5.833333333,Campath,Less than 60,Less than 24h,5.8000002,1,Neg,NO,90
398,2015,Yes,23,Male,White,Other,No,21,No,Living donor,NA,Negative,Positive,Positive,Positive,0,0,0,0,0,NA,4,Campath,Tac,MPA,More than 6mo,63,NA,No,No,No,No,No,No,No,No,Yes,CAI,3,No,4.833333333,Campath,Less than 60,Less than 24h,2.3,1,Neg,NO,0
404,2015,No,56,Female,White,ADPKD,Yes,24.88,Yes,Living donor,NA,Positive,NA,Positive,NA,1,1,1,3,0,NA,2,Campath,Tac,MPA,Less than 6mo,54,61,No,No,No,No,No,No,No,No,No,NA,NA,No,6.75,Campath,Less than 60,more than 24h,5.5999999,1,Neg,NO,47
406,2016,No,48,Male,White,ADPKD,No,24.54,No,Living donor,NA,Negative,Positive,Negative,Positive,0,1,2,3,0,NA,8,Campath,Tac,MPA,More than 6mo,40,47,No,No,No,No,No,No,No,No,No,NA,NA,No,5.583333333,Campath,Less than 60,more than 24h,4.8000002,1,Neg,NO,35
407,2017,No,24,Female,White,Other,No,18.56,No,Living donor,58,Positive,Positive,Negative,Positive,1,1,0,2,0,NA,7,Campath,Tac,Aza,Less than 6mo,22,29,Yes,No,No,Yes,No,No,No,No,No,NA,NA,No,4.5,Campath,Less than 60,Less than 24h,2.4000001,1,Neg,NO,56
410,2015,No,40,Female,White,Other,No,22.5,Yes,DCD,NA,Negative,Positive,Negative,Positive,1,1,0,2,0,0,13,Campath,Tac,None,Less than 6mo,34,35,Yes,No,No,No,No,No,No,No,Yes,cai,NA,No,5.75,Campath,Less than 60,Less than 24h,4,1,Neg,Yes,22
414,2014,No,25,Male,White,Reflux/CPN,No,23.5,No,Living donor,24,Positive,Positive,Positive,Positive,0,1,1,2,0,1,5,Campath,Tac,MPA,Less than 6mo,36,41,Yes,No,Yes,Yes,No,No,No,No,Yes,AR,1,No,6,Campath,Less than 60,Less than 24h,2.5,1,Pos,Yes,99
415,2015,No,49,Male,White,GN,No,23.03,No,Living donor,NA,Negative,NA,Negative,NA,2,2,2,6,0,NA,4,Campath,Tac,MPA,Less than 6mo,44,49,No,No,Yes,No,No,No,No,No,No,NA,NA,No,6.75,Campath,Less than 60,more than 24h,4.9000001,1,Neg,NO,1
417,2017,No,54,Female,White,DKD,Yes,23.11,No,DCD,63,Positive,Positive,Negative,Positive,1,1,1,3,0,NA,16,Campath,Tac,MPA,Less than 6mo,65,70,Yes,No,Yes,No,No,No,No,5,No,NA,NA,No,4.5,Campath,Less than 60,Less than 24h,5.4000001,1,Neg,NO,0
420,2016,No,63,Male,White,Other,Yes,25.35,No,Living donor,59,Positive,Positive,Positive,Positive,2,2,1,5,1,NA,4,Campath,Tac,MPA,Less than 6mo,28,29,Yes,No,Yes,Yes,No,No,No,No,No,NA,NA,No,5.666666667,Campath,60 and above,more than 24h,6.3000002,1,Neg,NO,0
424,2017,No,22,Male,White,Other,No,28.37,Yes,DBD,NA,Negative,Positive,Negative,Negative,0,1,0,1,0,NA,14,Campath,Tac,MPA,Less than 6mo,54,65,No,No,No,No,No,No,No,No,No,NA,NA,No,4.75,Campath,Less than 60,more than 24h,2.2,1,Neg,NO,72
425,2016,No,69,Male,White,ADPKD,No,29.1,No,DCD,NA,Positive,Positive,Negative,Positive,1,1,1,3,0,0,18,Campath,Tac,None,Less than 6mo,49,26,No,No,Yes,Yes,No,No,No,No,No,NA,NA,No,5.75,Campath,60 and above,Less than 24h,6.9000001,1,Neg,NO,0
427,2018,No,62,Female,White,Other,NA,24,Yes,DCD,76,Positive,NA,Negative,Positive,1,1,1,3,0,NA,11,Campath,Tac,MPA,Less than 6mo,37,38,No,No,No,No,No,No,No,No,No,NA,NA,No,3.916666667,Campath,60 and above,Less than 24h,6.1999998,1,Neg,NO,0
433,2017,NA,56,Male,White,Other,No,26.25,No,DBD,44,Positive,Positive,Positive,Positive,0,0,0,0,0,NA,14,Campath,Tac,MPA,More than 6mo,41,42,Yes,No,No,No,Yes,No,Yes,No,No,NA,NA,No,4.166666667,Campath,Less than 60,Less than 24h,5.5999999,1,Neg,NO,81
434,2015,No,45,Female,White,Reflux/CPN,No,35.7,Yes,DCD,NA,Negative,NA,Negative,NA,0,1,0,1,0,NA,26,Campath,Tac,MPA,Less than 6mo,47,51,No,No,No,No,No,No,No,No,No,NA,NA,No,6,Campath,Less than 60,more than 24h,4.5,1,Neg,NO,0
